-16145.3,0.509462
-16137.9,1.81542
-16132.3,0.945236
-16124.8,0.00000
-16117.3,0.0737473
-16111.7,1.38016
-16104.3,0.509530
-16096.8,1.38087
-16091.2,0.0734100
-16083.7,0.116732
-16076.3,1.15443
-16070.7,0.141427
-16063.2,0.00000
-16055.8,0.00000
-16050.2,1.97134
-16042.7,0.809733
-16035.3,0.227689
-16029.6,0.228532
-16022.2,0.228847
-16014.7,0.228788
-16009.1,0.810704
-16001.7,0.810967
-15994.2,1.39279
-15988.6,0.812981
-15981.1,0.813649
-15973.7,0.813967
-15968.1,0.232609
-15960.6,0.00000
-15953.1,0.00000
-15947.5,0.244034
-15940.1,0.00000
-15932.6,2.57572
-15927.0,0.714502
-15919.5,0.156353
-15912.1,3.71201
-15906.5,1.68110
-15899.0,1.17307
-15891.6,0.156821
-15886.0,0.00000
-15878.5,0.663851
-15871.1,0.00000
-15865.4,1.17153
-15858.0,1.68005
-15850.5,0.154477
-15844.9,0.663293
-15837.5,0.662202
-15830.0,2.05551
-15824.4,0.951080
-15816.9,2.26387
-15809.4,1.38809
-15803.9,0.513201
-15796.4,0.0765185
-15788.9,1.82837
-15781.5,2.26528
-15775.9,0.0768365
-15768.4,0.514956
-15760.9,1.82840
-15755.4,0.951890
-15747.9,1.38952
-15740.4,1.39047
-15734.8,2.26653
-15727.4,0.0749571
-15719.9,1.38930
-15714.3,0.00000
-15706.8,0.0749551
-15699.4,0.512534
-15693.8,0.0746649
-15686.3,0.950790
-15678.8,0.513093
-15673.2,0.0748737
-15665.8,0.998389
-15658.3,3.07384
-15652.7,1.59497
-15645.2,1.10263
-15637.8,0.610508
-15632.2,0.611069
-15624.7,0.00000
-15617.2,0.00000
-15611.7,1.10676
-15604.2,0.613792
-15596.7,0.120862
-15591.1,0.120995
-15583.7,0.613675
-15576.2,0.613532
-15570.6,0.613066
-15563.2,0.00000
-15555.7,1.10675
-15550.1,1.10634
-15542.6,1.52590
-15535.1,0.955151
-15529.6,0.515475
-15522.1,0.517253
-15514.7,0.956690
-15509.0,0.516968
-15501.6,0.0773242
-15494.1,0.957703
-15488.5,0.957704
-15481.0,0.0779104
-15473.6,0.957191
-15468.0,0.516833
-15460.5,0.516619
-15453.0,0.515900
-15447.4,0.00000
-15440.0,0.955157
-15432.5,0.514263
-15427.0,0.0733155
-15419.5,0.0724152
-15412.0,0.512051
-15406.4,1.83381
-15398.9,0.953434
-15391.5,0.0737956
-15385.9,0.514663
-15378.4,0.955572
-15371.0,1.83670
-15365.3,0.515999
-15357.9,0.957239
-15350.4,1.39774
-15344.8,0.516517
-15337.4,0.0759560
-15329.9,1.83962
-15324.3,0.958204
-15316.8,0.517801
-15309.4,1.40122
-15303.8,0.611542
-15296.3,0.665986
-15288.9,0.153464
-15283.3,0.153480
-15275.8,1.18015
-15268.3,0.183479
-15260.9,0.253331
-15255.3,0.866368
-15247.8,0.253840
-15240.3,0.254357
-15234.7,0.868098
-15227.3,0.00000
-15219.8,0.256577
-15214.2,0.871506
-15206.7,0.258532
-15199.3,2.71597
-15193.7,0.257913
-15186.2,0.00000
-15178.7,2.10035
-15173.2,2.10118
-15165.7,0.257178
-15158.2,0.00000
-15152.6,0.871590
-15145.2,1.48749
-15137.7,0.00000
-15132.1,2.21457
-15124.7,0.00000
-15117.2,0.673133
-15111.6,0.00000
-15104.1,1.70187
-15096.7,0.159223
-15091.1,0.00000
-15083.6,1.18797
-15076.1,1.18904
-15070.5,0.00000
-15063.1,0.00000
-15055.6,0.00000
-15050.0,0.676307
-15042.6,0.00000
-15035.1,1.70626
-15029.5,0.00000
-15022.0,0.00000
-15014.5,0.162167
-15009.0,1.19203
-15001.5,1.19119
-14994.0,0.161314
-14988.4,0.00000
-14981.0,2.22376
-14973.5,1.70767
-14967.9,0.162489
-14960.4,0.162446
-14953.0,0.677695
-14947.4,0.00000
-14939.9,0.679154
-14932.4,0.183780
-14926.8,1.41127
-14919.4,0.231200
-14911.9,1.41361
-14906.3,0.232387
-14898.9,0.823754
-14891.4,0.00000
-14885.8,0.00000
-14878.3,1.41409
-14870.8,1.41366
-14865.3,0.00000
-14857.8,0.232187
-14850.3,0.169235
-14844.7,1.13897
-14837.3,0.641220
-14829.8,0.642740
-14824.2,0.643028
-14816.8,1.64122
-14809.3,0.00000
-14803.7,1.16316
-14796.2,0.163465
-14788.8,0.663184
-14783.2,0.663531
-14775.7,0.664068
-14768.3,0.164814
-14762.6,0.665426
-14755.2,0.260803
-14747.7,2.04215
-14740.2,0.00000
-14734.7,0.260550
-14727.2,0.260204
-14719.7,0.259227
-14714.1,2.04184
-14706.6,0.00000
-14699.2,0.260879
-14693.6,0.00000
-14686.1,0.854376
-14678.7,0.736759
-14673.1,1.20395
-14665.6,0.166718
-14658.2,0.116472
-14652.5,1.43223
-14645.1,1.43265
-14637.6,0.986341
-14632.0,0.0949148
-14624.6,0.0946185
-14617.1,0.584687
-14611.5,1.84362
-14604.0,1.51072
-14596.6,1.51168
-14591.0,1.51088
-14583.5,0.890518
-14576.0,0.270477
-14570.4,0.892504
-14563.0,0.00000
-14555.5,0.273954
-14549.9,0.00000
-14542.5,2.13792
-14535.0,0.274560
-14529.4,0.275224
-14521.9,0.00000
-14514.5,0.754903
-14508.9,0.173278
-14501.4,0.172613
-14494.0,1.21431
-14488.3,2.25521
-14480.9,2.25480
-14473.4,1.73355
-14467.8,0.170702
-14460.3,0.170973
-14452.9,1.21289
-14447.3,0.172500
-14439.8,1.21456
-14432.4,0.00000
-14426.8,0.693582
-14419.3,1.21347
-14411.8,0.168902
-14406.2,0.168244
-14398.8,0.00000
-14391.3,0.691639
-14385.7,1.21348
-14378.3,0.692581
-14370.8,0.691909
-14365.2,1.21413
-14357.7,2.25776
-14350.3,0.172559
-14344.7,1.21657
-14337.2,0.00000
-14329.8,0.00000
-14324.1,1.21669
-14316.7,0.695385
-14309.2,0.174391
-14303.6,0.00000
-14296.2,0.698337
-14288.7,1.22063
-14283.1,0.175414
-14275.6,0.176855
-14268.1,0.177270
-14262.6,0.177051
-14255.1,0.00000
-14247.6,1.22372
-14242.0,0.00000
-14234.6,0.00000
-14227.1,0.179921
-14219.6,0.00000
-14214.0,0.00000
-14206.6,0.704255
-14199.1,0.704117
-14193.5,0.180336
-14186.1,0.703326
-14178.6,0.00000
-14173.0,0.00000
-14165.5,0.00000
-14158.1,0.650761
-14152.5,1.18265
-14145.0,1.18281
-14137.5,0.00000
-14131.9,0.267504
-14124.4,0.00000
-14117.0,0.00000
-14111.4,0.00000
-14104.0,1.08823
-14096.5,0.00000
-14090.9,0.386181
-14083.4,1.08916
-14076.0,1.79222
-14070.4,0.386219
-14062.9,0.386866
-14055.4,1.79390
-14049.8,1.79552
-14042.4,1.79547
-14034.9,0.835433
-14029.3,0.00000
-14021.9,1.79733
-14014.4,1.09350
-14008.8,2.50100
-14001.3,1.09319
-13993.8,0.388526
-13988.3,1.79631
-13980.8,2.07193
-13973.3,0.269021
-13967.7,0.870232
-13960.3,0.869695
-13952.8,2.67236
-13947.2,0.868881
-13939.7,0.267253
-13932.3,0.266509
-13926.7,1.46930
-13919.2,1.58804
-13911.8,0.262064
-13906.1,0.262892
-13898.7,0.263586
-13891.2,0.00000
-13885.7,1.46972
-13878.2,0.00000
-13870.7,0.263202
-13865.1,0.263535
-13857.6,0.263877
-13850.2,0.867138
-13844.6,0.866635
-13837.1,2.07446
-13829.7,0.263758
-13824.0,1.36640
-13816.6,0.172811
-13809.1,0.682140
-13803.5,0.682152
-13796.1,0.682477
-13788.6,0.174189
-13783.0,0.00000
-13775.5,0.175052
-13768.1,0.00000
-13762.5,0.00000
-13755.0,1.70055
-13747.6,1.70036
-13742.0,1.19055
-13734.5,0.680925
-13727.0,1.19022
-13721.4,0.00000
-13714.0,0.812368
-13706.5,1.97430
-13699.0,0.163748
-13693.4,1.18258
-13686.0,0.673823
-13678.5,2.20222
-13672.9,1.69289
-13665.4,0.673013
-13658.0,1.18285
-13652.4,0.163800
-13644.9,0.00000
-13637.4,1.18559
-13631.9,0.165659
-13624.4,1.69625
-13616.9,0.134039
-13611.3,0.119721
-13603.9,0.00000
-13596.4,0.573484
-13590.8,0.118794
-13583.4,0.118755
-13575.9,1.02739
-13570.3,0.117540
-13562.8,0.571605
-13555.4,0.00000
-13549.7,0.116378
-13542.3,1.02491
-13534.8,0.00000
-13529.2,0.569981
-13521.7,0.113766
-13514.3,0.00000
-13508.7,0.569276
-13501.3,0.00000
-13493.8,0.570621
-13488.2,0.115782
-13480.7,0.570671
-13473.2,0.115271
-13467.7,0.00000
-13460.2,0.223985
-13452.7,0.254145
-13447.1,0.253762
-13439.7,0.00000
-13432.2,0.839168
-13426.6,0.255024
-13419.1,0.255724
-13411.7,0.00000
-13406.1,2.59230
-13398.6,0.839354
-13391.1,2.00780
-13385.5,0.00000
-13378.1,0.838745
-13370.6,2.00749
-13365.0,0.00000
-13357.6,0.693623
-13350.1,0.181142
-13344.5,0.00000
-13337.0,0.750987
-13329.6,0.273363
-13324.0,0.271843
-13316.5,0.271718
-13309.0,0.272113
-13303.4,0.882124
-13296.0,0.272504
-13288.5,0.272235
-13282.9,0.882907
-13275.5,0.273492
-13268.0,1.49426
-13262.4,2.10557
-13254.9,0.273932
-13247.5,1.49446
-13241.9,0.273737
-13234.4,0.273872
-13227.0,1.96449
-13221.3,1.72549
-13213.9,0.184221
-13206.4,0.184110
-13198.9,1.72592
-13193.4,0.184562
-13185.9,1.21356
-13178.4,0.00000
-13172.8,0.00000
-13165.4,0.701066
-13157.9,2.75960
-13152.3,0.701491
-13144.8,0.186104
-13137.4,0.00000
-13131.8,1.21446
-13124.3,1.21507
-13116.9,0.00000
-13111.2,0.701018
-13103.8,0.00000
-13096.3,0.700786
-13090.7,0.185142
-13083.3,1.21550
-13075.8,0.184931
-13070.2,1.21581
-13062.7,0.700466
-13055.3,0.185519
-13049.7,1.21657
-13042.2,0.700996
-13034.7,0.700814
-13029.1,2.24867
-13021.7,0.701883
-13014.2,0.702440
-13008.6,0.164156
-13001.2,1.04231
-12993.7,1.50225
-12988.1,0.584103
-12980.6,0.688705
-12973.2,0.688843
-12967.6,0.689690
-12960.1,0.174576
-12952.7,0.00000
-12947.0,0.176035
-12939.6,1.20777
-12932.1,0.174736
-12926.5,2.24010
-12919.1,0.00000
-12911.6,0.00000
-12906.0,0.00000
-12898.5,0.175669
-12891.1,1.20931
-12885.5,0.620521
-12878.0,0.184905
-12870.5,0.183734
-12864.9,0.700950
-12857.5,0.183168
-12850.0,0.183494
-12844.4,0.286215
-12837.0,0.286202
-12829.5,0.900452
-12823.9,1.51491
-12816.4,0.285194
-12809.0,0.00000
-12803.4,2.13116
-12795.9,0.285211
-12788.5,0.285643
-12782.8,1.51597
-12775.4,1.61312
-12767.9,0.291288
-12762.3,0.00000
-12754.9,0.907255
-12747.4,1.52369
-12741.8,1.41392
-12734.3,1.22778
-12726.8,0.709672
-12721.3,0.710382
-12713.8,2.26736
-12706.3,0.191592
-12700.7,1.22912
-12693.3,0.191354
-12685.8,0.709813
-12678.3,0.710059
-12672.7,0.666329
-12665.3,0.00000
-12657.8,1.51241
-12652.2,0.00000
-12644.8,0.125967
-12637.3,1.51344
-12631.7,0.125436
-12624.2,0.588379
-12616.7,0.126055
-12611.2,0.127265
-12603.7,0.127941
-12596.2,1.51752
-12590.6,0.00000
-12583.2,0.128764
-12575.7,1.05409
-12570.1,2.44382
-12562.7,1.05448
-12555.2,0.590356
-12549.6,0.00000
-12542.1,0.00000
-12534.7,0.590184
-12529.1,0.589887
-12521.6,0.126528
-12514.1,0.590001
-12508.5,0.125633
-12501.1,1.05452
-12493.6,0.590503
-12488.0,0.591332
-12480.6,0.591287
-12473.1,0.592148
-12467.5,0.128373
-12460.0,1.98573
-12452.5,1.05673
-12447.0,0.592850
-12439.5,1.05720
-12432.0,1.98588
-12426.4,0.127860
-12419.0,0.00000
-12411.5,1.52182
-12405.9,0.592229
-12398.4,1.05667
-12391.0,0.00000
-12385.4,0.126981
-12377.9,0.591705
-12370.5,0.591231
-12364.8,1.05640
-12357.4,0.125950
-12349.9,1.05771
-12344.3,1.98846
-12336.9,1.05793
-12329.4,0.592555
-12323.8,0.126418
-12316.3,0.591874
-12308.9,1.52386
-12303.3,0.00000
-12295.8,0.126739
-12288.4,0.126190
-12282.7,0.127082
-12275.3,0.592557
-12267.8,0.592492
-12262.2,1.05859
-12254.8,0.126206
-12247.3,0.00000
-12241.7,0.591059
-12234.2,1.05815
-12226.8,0.639379
-12221.2,0.206103
-12213.7,0.00000
-12206.3,0.205581
-12200.7,0.748548
-12193.2,0.00000
-12185.7,2.63705
-12180.1,0.00000
-12172.7,1.54310
-12165.2,0.00000
-12159.6,0.297680
-12152.1,0.298571
-12144.7,0.299019
-12137.2,0.299061
-12131.6,0.922185
-12124.1,0.00000
-12116.7,0.228586
-12111.1,0.197683
-12103.6,0.00000
-12096.1,0.919705
-12090.6,1.54473
-12083.1,1.54543
-12075.6,0.264595
-12070.0,0.748963
-12062.6,2.37962
-12055.1,1.29224
-12049.5,0.748871
-12042.1,0.749624
-12034.6,0.00000
-12029.0,0.00000
-12021.5,1.29113
-12014.0,0.746284
-12008.4,0.745942
-12001.0,0.202249
-11993.5,0.202213
-11987.9,0.202193
-11980.4,0.00000
-11973.0,1.29201
-11967.4,0.747549
-11960.0,0.747622
-11952.5,0.203074
-11946.9,0.203259
-11939.4,0.00000
-11931.9,0.749178
-11926.4,0.202600
-11918.9,0.202286
-11911.4,1.29360
-11905.8,0.202879
-11898.4,0.203935
-11890.9,0.204547
-11885.3,1.29639
-11877.8,0.204726
-11870.4,0.204495
-11864.8,0.204271
-11857.3,0.00000
-11849.8,0.205002
-11844.2,1.29948
-11836.8,0.206969
-11829.3,1.29990
-11823.7,1.29899
-11816.3,0.752752
-11808.8,0.206314
-11803.2,2.16353
-11795.7,2.16375
-11788.3,0.00000
-11782.7,0.909127
-11775.2,0.909354
-11767.7,2.16428
-11762.1,1.53588
-11754.7,1.53542
-11747.2,0.908444
-11741.6,3.42111
-11734.2,0.909448
-11726.7,2.16548
-11721.1,0.00000
-11713.6,2.16485
-11706.2,0.908306
-11700.6,0.852065
-11693.1,0.00000
-11685.7,0.00000
-11680.0,0.00000
-11672.6,0.753860
-11665.1,0.00000
-11659.5,0.753183
-11652.0,0.204944
-11644.6,0.205338
-11637.1,0.205618
-11631.5,1.85256
-11624.1,0.00000
-11616.6,0.204730
-11611.0,0.753783
-11603.5,2.95153
-11596.1,2.40336
-11590.5,0.755325
-11583.0,0.755289
-11575.6,3.50284
-11569.9,0.207171
-11562.5,0.757536
-11555.0,0.208049
-11549.4,1.85677
-11542.0,1.30682
-11534.5,0.207343
-11528.9,0.206861
-11521.4,1.30704
-11514.0,2.40762
-11508.4,0.206775
-11500.9,1.85795
-11493.4,0.207010
-11487.8,0.208001
-11480.4,1.30958
-11472.9,1.86017
-11467.3,0.00000
-11459.9,1.30983
-11452.4,0.606932
-11446.8,0.132648
-11439.3,0.132470
-11431.9,0.132074
-11426.3,2.02969
-11418.8,0.131728
-11411.3,0.176541
-11405.7,0.203254
-11398.3,0.756833
-11390.8,0.757946
-11385.2,0.00000
-11377.8,1.31109
-11370.3,0.00000
-11364.7,0.760100
-11357.2,0.207584
-11349.7,0.207966
-11344.2,0.761474
-11336.7,0.762490
-11329.2,1.31666
-11323.7,0.210842
-11316.2,2.97998
-11308.7,0.212149
-11303.1,0.00000
-11295.6,0.213882
-11288.2,0.768002
-11282.6,0.768570
-11275.1,1.87738
-11267.7,0.769110
-11262.1,2.43178
-11254.6,0.00000
-11247.2,0.214692
-11241.5,0.768934
-11234.1,0.214045
-11226.6,0.213252
-11221.0,0.00000
-11213.5,1.87842
-11206.1,0.767898
-11200.5,0.00000
-11193.0,0.769521
-11185.5,1.32524
-11180.0,0.769482
-11172.5,1.32501
-11165.0,0.213357
-11159.5,0.00000
-11152.0,0.00000
-11144.5,1.32471
-11138.9,0.213555
-11131.4,1.88189
-11124.0,0.00000
-11116.5,0.00000
-11110.9,0.771329
-11103.5,0.214672
-11096.0,2.43962
-11090.4,0.770898
-11082.9,0.213780
-11075.4,1.32630
-11069.9,2.84141
-11062.4,1.56596
-11054.9,1.56524
-11049.3,0.290919
-11041.9,2.20563
-11034.4,0.00000
-11028.8,0.931609
-11021.4,0.933132
-11013.9,0.00000
-11008.3,2.21075
-11000.8,0.294659
-10993.4,0.295139
-10987.8,0.295683
-10980.3,0.933746
-10972.9,2.21083
-10967.2,0.265603
-10959.8,2.57226
-10952.3,0.940210
-10946.7,1.58043
-10939.3,0.942670
-10931.8,0.303533
-10926.2,0.303872
-10918.7,0.458613
-10911.2,0.00000
-10905.7,2.03595
-10898.2,1.24644
-10890.7,0.00000
-10885.1,0.00000
-10877.7,0.458325
-10870.2,2.03729
-10864.6,0.459173
-10857.1,1.24831
-10849.7,2.03737
-10844.1,0.00000
-10836.6,1.24811
-10829.2,0.458631
-10823.5,2.82863
-10816.1,2.03873
-10808.6,1.03291
-10803.0,0.00000
-10795.6,0.00000
-10788.1,0.946366
-10782.5,0.946343
-10775.0,0.00000
-10767.6,0.00000
-10762.0,0.810006
-10754.5,0.212068
-10747.0,1.29418
-10741.4,1.29329
-10734.0,0.752432
-10726.5,0.212172
-10720.9,0.212449
-10713.5,0.754063
-10706.0,0.00000
-10700.4,1.83650
-10692.9,2.37819
-10685.5,0.00000
-10679.9,0.211701
-10672.4,0.212405
-10665.0,0.211848
-10659.4,0.212313
-10651.9,2.38112
-10644.4,1.83895
-10638.8,0.212675
-10631.4,1.29645
-10623.9,2.38087
-10618.3,1.29658
-10610.8,0.212013
-10603.4,0.00000
-10595.9,0.00000
-10590.3,0.211254
-10582.8,1.83997
-10575.4,1.29669
-10569.8,0.753359
-10562.3,0.210337
-10554.8,0.753802
-10549.3,1.29781
-10541.8,1.29862
-10534.3,0.212504
-10528.7,0.756932
-10521.3,2.93275
-10513.8,0.00000
-10508.2,1.30283
-10500.8,1.84782
-10493.3,1.30434
-10487.7,0.760254
-10480.2,0.760331
-10472.7,1.30569
-10467.1,0.762550
-10459.7,0.763346
-10452.2,0.763504
-10446.6,0.762987
-10439.1,1.85281
-10431.7,0.218963
-10426.1,0.218775
-10418.7,0.220381
-10411.2,0.221062
-10405.6,1.31088
-10398.1,1.85558
-10390.7,0.219739
-10385.0,1.31044
-10377.6,1.30964
-10370.1,0.219018
-10364.5,0.218197
-10357.1,0.00000
-10349.6,0.00000
-10344.0,0.762905
-10336.5,0.217418
-10329.1,0.217572
-10323.5,0.00000
-10316.0,0.00000
-10308.6,0.00000
-10302.9,0.686639
-10295.5,0.799344
-10288.0,0.233259
-10282.4,0.00000
-10275.0,0.232928
-10267.5,0.232067
-10261.9,0.975127
-10254.4,0.326478
-10247.0,0.975688
-10241.4,0.976705
-10233.9,0.977876
-10226.5,0.977830
-10220.8,1.62773
-10213.4,0.328334
-10205.9,0.329192
-10200.3,3.57902
-10192.9,0.00000
-10185.4,0.320159
-10179.8,1.61924
-10172.3,0.00000
-10164.9,0.00000
-10159.3,1.61694
-10151.8,0.00000
-10144.3,0.317638
-10138.7,0.00000
-10131.3,0.00000
-10123.8,0.00000
-10118.2,0.00000
-10110.7,0.00000
-10103.3,0.318198
-10097.7,0.317845
-10090.2,0.00000
-10082.8,0.00000
-10075.3,0.319005
-10069.7,0.00000
-10062.2,0.00000
-10054.8,0.00000
-10049.2,0.223165
-10041.7,0.222723
-10034.3,0.222739
-10028.6,0.00000
-10021.2,0.223102
-10013.7,0.223594
-10008.1,0.00000
-10000.7,0.223653
-9993.21,0.223934
-9987.60,1.32577
-9980.11,0.225162
-9972.68,1.87724
-9967.08,0.225498
-9959.62,1.32653
-9952.13,0.00000
-9946.55,0.00000
-9939.07,0.775744
-9931.60,0.223706
-9926.02,0.223212
-9918.57,0.223565
-9911.09,0.00000
-9905.47,0.777212
-9898.03,0.225553
-9890.56,0.00000
-9884.98,0.777829
-9877.53,0.00000
-9870.04,0.299614
-9864.43,0.929485
-9856.96,1.56049
-9849.51,0.00000
-9843.94,0.00000
-9836.45,0.297654
-9829.00,0.00000
-9823.39,0.296358
-9815.92,0.295981
-9808.44,1.55809
-9802.86,0.295897
-9795.41,0.00000
-9787.94,0.00000
-9782.34,1.55969
-9774.88,0.296162
-9767.39,0.245209
-9761.81,0.775609
-9754.35,0.775245
-9746.90,0.00000
-9741.28,0.00000
-9733.83,0.00000
-9726.37,0.774956
-9720.73,0.220221
-9713.30,0.220450
-9705.85,0.00000
-9700.24,0.774631
-9692.75,0.774387
-9685.32,1.32943
-9679.71,1.32956
-9672.22,0.00000
-9664.77,1.88429
-9659.20,0.220989
-9651.71,0.00000
-9644.28,0.00000
-9638.67,0.223785
-9631.18,0.00000
-9623.73,0.00000
-9618.15,0.223628
-9610.67,1.20242
-9603.20,0.649999
-9597.62,0.00000
-9590.14,1.14555
-9582.67,0.651216
-9577.07,0.155299
-9569.64,1.64040
-9562.16,0.650559
-9554.69,1.14592
-9549.09,1.14715
-9541.62,0.653638
-9534.14,0.653275
-9528.56,0.00000
-9521.11,0.651566
-9513.65,0.651917
-9508.03,1.14835
-9500.58,0.00000
-9493.10,0.231611
-9487.52,2.54102
-9480.07,0.809116
-9472.60,0.00000
-9466.99,0.00000
-9459.50,0.232358
-9452.05,1.38828
-9446.47,0.811830
-9439.01,0.812393
-9431.56,1.96817
-9425.94,0.813070
-9418.46,0.236062
-9411.01,0.235384
-9405.40,1.39196
-9397.96,1.39243
-9390.48,0.236813
-9384.90,0.817298
-9377.42,1.22967
-9369.95,0.00000
-9364.35,0.164730
-9356.88,0.662439
-9349.44,0.663368
-9343.82,2.15704
-9336.37,0.00000
-9328.90,0.665476
-9323.29,1.16446
-9315.84,1.66277
-9308.39,0.167885
-9302.78,1.16421
-9295.31,1.66267
-9287.86,0.167814
-9282.25,1.16369
-9274.76,0.00000
-9267.33,0.666621
-9261.73,1.16460
-9254.27,1.66333
-9246.82,0.665298
-9241.20,0.00000
-9233.72,0.165296
-9226.29,0.165640
-9220.69,1.66382
-9213.22,1.16389
-9205.74,0.166027
-9200.16,0.666003
-9192.69,0.166195
-9185.21,0.666413
-9179.63,0.666880
-9172.18,1.16644
-9164.69,0.665580
-9159.08,0.00000
-9151.65,0.666707
-9144.16,0.00000
-9138.59,0.222535
-9131.14,0.223438
-9123.65,0.223672
-9118.04,0.787258
-9110.57,1.34918
-9103.12,1.34994
-9097.54,0.225989
-9090.06,1.35061
-9082.62,0.225302
-9077.01,0.00000
-9069.53,0.788365
-9062.06,0.788855
-9056.46,0.00000
-9049.01,0.253152
-9041.55,0.953235
-9034.10,0.259792
-9028.48,0.00000
-9021.02,0.00000
-9013.57,0.00000
-9007.95,1.36508
-9000.50,1.36492
-8993.04,0.237254
-8987.44,0.236247
-8979.97,0.801267
-8972.49,2.35990
-8966.91,0.349587
-8959.42,0.349562
-8951.99,1.02000
-8946.38,0.00000
-8938.93,3.03266
-8931.44,0.349289
-8925.83,0.317178
-8918.38,0.261069
-8910.95,1.43229
-8905.33,0.00000
-8897.88,0.00000
-8890.40,0.261851
-8884.79,1.43303
-8877.32,1.25567
-8869.87,0.677028
-8864.29,1.68365
-8856.81,0.676027
-8849.36,0.00000
-8843.74,1.68465
-8836.27,0.173333
-8828.83,0.677651
-8823.25,0.172762
-8815.76,0.00000
-8808.29,1.18134
-8802.70,1.18118
-8795.23,0.677755
-8787.75,0.678512
-8782.17,1.18377
-8774.72,0.174808
-8767.25,0.175345
-8761.64,1.18538
-8754.19,2.70037
-8746.70,0.00000
-8741.12,0.00000
-8733.67,0.00000
-8726.21,0.176023
-8720.59,1.18766
-8713.11,1.69381
-8705.68,0.178565
-8700.08,0.178543
-8692.61,2.20187
-8685.16,1.19002
-8679.55,1.69649
-8672.06,0.684322
-8664.63,0.684041
-8659.02,0.177884
-8651.57,0.178159
-8644.08,0.684695
-8638.51,0.685500
-8631.02,0.686159
-8623.55,1.19332
-8617.98,0.180328
-8610.49,2.20840
-8603.04,0.00000
-8597.43,0.00000
-8590.00,2.21022
-8582.51,1.19650
-8576.90,3.22668
-8569.45,0.690257
-8561.98,0.689829
-8556.38,0.00000
-8548.92,1.70544
-8541.47,0.00000
-8535.85,1.70543
-8528.39,0.689836
-8520.94,0.182050
-8513.49,0.690589
-8507.87,1.19875
-8500.42,0.182566
-8492.96,0.690810
-8487.34,0.183060
-8479.86,0.691903
-8472.41,0.00000
-8466.83,0.00000
-8459.36,1.20174
-8451.91,0.692684
-8446.30,0.693647
-8438.81,0.184738
-8431.36,1.20358
-8425.79,0.694530
-8418.32,0.694141
-8410.83,0.693035
-8405.25,0.182853
-8397.77,0.182576
-8390.30,1.71233
-8384.74,0.693920
-8377.27,0.694484
-8369.79,1.71539
-8364.18,0.00000
-8356.73,0.746111
-8349.26,1.04378
-8343.68,0.362994
-8336.23,1.04397
-8328.75,2.40544
-8323.13,0.364192
-8315.66,1.04454
-8308.21,0.363594
-8302.64,1.72575
-8295.15,0.00000
-8287.70,1.04458
-8282.09,0.362817
-8274.62,0.00000
-8267.17,0.00000
-8261.56,0.364102
-8254.11,0.251525
-8246.64,0.957677
-8241.04,1.71667
-8233.58,1.03464
-8226.09,0.909689
-8220.51,0.259213
-8213.05,0.259593
-8205.60,1.45075
-8199.98,0.00000
-8192.53,0.00000
-8185.05,0.00000
-8179.43,1.45469
-8172.00,0.00000
-8164.52,0.264002
-8158.94,2.64671
-8151.49,0.00000
-8144.00,0.182138
-8138.39,0.695429
-8130.92,0.181414
-8123.47,0.00000
-8117.90,0.181702
-8110.41,1.20944
-8102.98,0.183292
-8097.35,0.00000
-8089.88,1.21035
-8082.43,0.696832
-8076.85,0.697261
-8069.37,1.72561
-8061.90,1.21230
-8056.32,1.21380
-8048.84,0.00000
-8041.37,0.699675
-8035.77,0.699902
-8028.32,1.21474
-8020.86,0.186281
-8015.24,0.00000
-8007.79,0.701896
-8000.33,0.187213
-7992.84,0.187457
-7987.30,0.187166
-7979.81,0.702195
-7972.35,0.187523
-7966.73,1.21814
-7959.28,1.21815
-7951.80,0.702066
-7946.22,0.186431
-7938.77,0.00000
-7931.30,0.00000
-7925.69,0.825872
-7918.24,0.00000
-7910.75,0.00000
-7905.18,0.00000
-7897.69,0.00000
-7890.26,0.00000
-7884.64,1.40595
-7877.16,0.246719
-7869.71,1.40920
-7864.10,1.99101
-7856.66,0.247833
-7849.18,0.828430
-7843.60,0.828099
-7836.12,0.205069
-7828.65,0.187904
-7823.05,1.22345
-7815.58,0.188628
-7808.14,0.705851
-7802.52,0.187424
-7795.07,0.188245
-7787.60,0.188609
-7781.99,0.00000
-7774.54,0.00000
-7767.09,0.188089
-7761.48,1.22371
-7754.03,0.706050
-7746.56,0.187289
-7740.95,0.706287
-7733.46,0.707037
-7726.03,1.22613
-7720.43,2.26397
-7712.97,0.00000
-7705.52,0.189849
-7699.90,1.22777
-7692.42,0.709013
-7684.99,0.189247
-7679.39,0.707688
-7671.92,0.707222
-7664.44,2.26516
-7658.86,0.706201
-7651.38,1.22604
-7643.91,1.74574
-7638.35,0.706991
-7630.88,0.187667
-7623.40,0.00000
-7617.78,2.26842
-7610.35,0.188087
-7602.86,0.187450
-7597.29,0.707048
-7589.84,1.22802
-7582.35,0.187341
-7576.74,0.707953
-7569.27,2.27044
-7561.82,0.707835
-7556.24,0.209686
-7548.76,0.869888
-7541.31,0.869156
-7535.69,0.00000
-7528.23,1.47645
-7520.78,0.262158
-7515.16,0.263343
-7507.71,0.262827
-7500.25,0.00000
-7494.65,0.869378
-7487.18,0.869723
-7479.72,0.262345
-7472.27,0.261492
-7466.65,0.260723
-7459.20,0.869119
-7451.75,0.181723
-7446.14,1.74978
-7438.67,0.705240
-7431.19,0.704089
-7425.61,0.181746
-7418.12,0.183046
-7410.67,0.182424
-7405.10,1.22831
-7397.63,2.27326
-7390.14,0.00000
-7384.53,1.22675
-7377.08,1.22596
-7369.65,0.00000
-7364.02,1.22366
-7356.58,0.175908
-7349.10,0.174756
-7343.49,0.00000
-7336.02,0.699704
-7328.57,0.175933
-7322.99,0.00000
-7315.51,0.700837
-7308.06,0.700669
-7302.44,0.175985
-7294.98,0.175954
-7287.53,0.700984
-7281.95,0.176139
-7274.46,1.75134
-7266.99,0.176164
-7261.40,0.701337
-7253.93,0.702179
-7246.45,1.22819
-7240.90,1.22854
-7233.42,1.22869
-7225.95,1.22924
-7220.34,0.00000
-7212.89,0.177294
-7205.40,1.22992
-7199.82,0.827600
-7192.38,0.236804
-7184.91,2.00803
-7179.29,0.234902
-7171.84,1.41801
-7164.36,0.00000
-7158.78,0.827582
-7151.31,2.01113
-7143.86,0.236548
-7138.25,0.828335
-7130.77,2.01258
-7123.33,2.01331
-7117.70,0.829388
-7110.27,1.42207
-7102.78,1.83791
-7097.21,0.839195
-7089.72,0.247137
-7082.25,0.246624
-7076.68,0.246029
-7069.19,1.43278
-7061.74,0.00000
-7056.13,0.320768
-7048.68,0.364705
-7041.21,1.06957
-7035.60,1.06954
-7028.15,0.364122
-7020.68,0.363989
-7015.08,1.06952
-7007.63,0.363627
-7000.17,0.938403
-6994.55,2.11425
-6987.07,1.49843
-6979.64,0.883073
-6972.19,2.73232
-6966.57,2.11590
-6959.12,0.267541
-6951.66,0.00000
-6946.04,1.76553
-6938.59,1.76543
-6931.11,1.23646
-6925.53,0.175426
-6918.04,0.705172
-6910.61,0.175437
-6905.00,0.175071
-6897.51,0.705465
-6890.06,0.705394
-6884.49,0.00000
-6877.00,1.23698
-6869.53,0.175252
-6863.96,1.23710
-6856.47,0.174893
-6849.00,0.705987
-6843.44,0.706343
-6835.97,0.706923
-6828.49,0.175981
-6822.88,1.77031
-6815.43,1.77064
-6807.96,1.23976
-6802.36,1.77194
-6794.93,3.36902
-6787.45,1.24151
-6781.83,0.709467
-6774.38,0.00000
-6766.92,0.00000
-6761.32,0.710764
-6753.85,0.177823
-6746.40,0.709713
-6740.79,0.175701
-6733.32,0.820509
-6725.87,0.265186
-6720.26,0.265204
-6712.81,0.885990
-6705.34,1.50583
-6699.75,0.884289
-6692.28,0.263268
-6684.79,0.884248
-6679.21,0.262592
-6671.73,0.883428
-6664.30,0.884546
-6658.70,0.263523
-6651.23,0.00000
-6643.75,2.74966
-6638.14,0.884991
-6630.69,0.263619
-6623.22,0.00000
-6617.64,2.13013
-6610.19,2.13026
-6602.71,0.00000
-6597.09,0.262427
-6589.62,0.262770
-6582.17,0.886067
-6576.60,0.00000
-6569.11,1.51224
-6561.66,0.889351
-6556.05,0.888697
-6548.58,0.00000
-6541.13,0.265777
-6535.55,0.888686
-6528.07,1.51255
-6520.60,1.51158
-6515.00,0.887757
-6507.54,1.51138
-6500.05,1.51078
-6494.47,0.262079
-6487.02,0.261178
-6479.56,0.260781
-6473.94,0.885418
-6466.49,0.00000
-6459.03,0.00000
-6453.43,0.261580
-6445.98,0.00000
-6438.51,0.261390
-6431.03,0.387300
-6425.45,1.88163
-6417.98,0.00000
-6410.50,0.00000
-6404.92,0.00000
-6397.47,0.528793
-6390.00,0.529135
-6384.37,0.529057
-6376.94,1.41234
-6369.45,0.00000
-6363.88,0.530778
-6356.39,0.00000
-6348.96,1.41465
-6343.34,0.530945
-6335.86,0.00000
-6328.41,0.528835
-6322.80,0.00000
-6315.35,0.528499
-6307.88,1.41256
-6302.30,0.392237
-6294.82,0.00000
-6287.35,0.390140
-6281.75,1.13952
-6274.29,0.391022
-6266.84,0.391463
-6261.26,0.00000
-6253.77,0.00000
-6246.31,0.392948
-6240.69,0.393099
-6233.24,0.392248
-6225.76,0.894785
-6220.18,1.52338
-6212.73,0.265582
-6205.26,0.896025
-6199.65,2.78460
-6192.20,0.267237
-6184.71,0.267664
-6179.13,0.898276
-6171.67,0.898282
-6164.22,1.52749
-6158.60,0.268424
-6151.12,0.269304
-6143.67,0.270232
-6138.09,2.16164
-6130.62,2.79202
-6123.14,0.900553
-6117.56,2.79405
-6110.08,1.15388
-6102.61,0.400853
-6097.05,0.400233
-6089.58,0.399822
-6082.10,0.400163
-6076.48,0.400091
-6069.03,0.00000
-6061.56,0.00000
-6055.99,0.399593
-6048.54,0.00000
-6041.05,0.398609
-6035.44,0.397740
-6027.99,0.00000
-6020.52,1.15459
-6014.94,0.479416
-6007.46,0.00000
-6000.01,0.00000
-5994.39,0.00000
-5986.93,0.00000
-5979.48,0.532075
-5973.86,0.00000
-5966.41,1.42515
-5958.95,1.42573
-5953.35,1.42600
-5945.88,0.00000
-5938.40,0.531925
-5932.82,1.42479
-5925.35,0.00000
-5917.90,0.00000
-5910.42,0.443134
-5904.84,1.92145
-5897.35,2.67999
-5889.89,0.406717
-5884.31,0.408146
-5876.82,0.409181
-5869.37,0.00000
-5863.80,0.00000
-5856.33,2.68493
-5848.84,1.92554
-5843.23,0.408278
-5835.78,3.44630
-5828.31,0.408562
-5822.72,2.68749
-5815.29,0.00000
-5807.80,0.00000
-5802.19,0.409930
-5794.74,1.16991
-5787.27,1.17054
-5781.67,0.409996
-5774.21,0.00000
-5766.76,0.410794
-5761.14,0.00000
-5753.68,0.410894
-5746.23,2.69472
-5740.65,0.00000
-5733.16,1.93451
-5725.71,0.00000
-5720.10,0.00000
-5712.63,0.413167
-5705.15,0.413428
-5699.60,0.414514
-5692.12,0.496282
-5684.65,0.544155
-5679.06,0.00000
-5671.59,0.544821
-5664.10,0.543108
-5658.52,0.00000
-5651.08,0.543447
-5643.61,0.00000
-5637.99,1.98248
-5630.54,0.00000
-5623.06,0.00000
-5617.48,0.810358
-5610.01,0.00000
-5602.56,0.00000
-5596.95,0.00000
-5589.47,0.809637
-5582.02,0.00000
-5576.40,0.00000
-5568.97,0.00000
-5561.49,0.00000
-5555.91,0.00000
-5548.42,0.808957
-5540.95,0.00000
-5535.36,0.616893
-5527.89,0.00000
-5520.44,0.541974
-5514.86,0.542978
-5507.38,0.543052
-5499.91,0.543484
-5494.30,0.543787
-5486.85,0.00000
-5479.38,0.543436
-5473.78,2.35406
-5466.33,0.542301
-5458.87,0.00000
-5453.25,0.00000
-5445.80,0.00000
-5438.34,0.545649
-5432.74,1.45322
-5425.27,2.35997
-5417.82,0.546425
-5410.34,0.545637
-5404.72,3.26868
-5397.29,0.546928
-5389.81,0.00000
-5384.23,0.544358
-5376.74,0.544314
-5369.31,1.45117
-5363.70,0.543637
-5356.21,1.45164
-5348.76,0.542701
-5343.19,0.00000
-5335.70,0.544069
-5328.27,0.00000
-5322.66,0.543867
-5315.17,1.45429
-5307.70,0.00000
-5302.14,2.36728
-5294.66,0.547652
-5287.19,0.548020
-5281.61,0.00000
-5274.13,2.95258
-5266.66,0.734641
-5261.06,0.733573
-5253.63,0.733932
-5246.15,0.735780
-5240.53,0.736006
-5233.08,0.00000
-5225.62,2.95804
-5220.02,2.95756
-5212.55,0.734479
-5205.10,1.84399
-5199.49,4.06609
-5192.02,0.733684
-5184.57,1.05127
-5178.96,0.837355
-5171.51,0.753915
-5164.02,1.86772
-5158.45,0.753429
-5150.98,0.754328
-5143.49,0.00000
-5137.91,0.00000
-5130.43,1.87098
-5123.00,5.21828
-5117.40,0.00000
-5109.93,2.98674
-5102.45,0.00000
-5096.84,0.754359
-5089.39,0.753453
-5081.92,0.675696
-5076.34,0.547628
-5068.89,0.00000
-5061.41,0.549633
-5055.79,3.30012
-5048.34,0.552564
-5040.88,0.552825
-5035.30,3.30408
-5027.81,1.46971
-5020.36,0.552733
-5014.75,0.00000
-5007.28,0.00000
-4999.83,0.552056
-4994.25,1.46921
-4986.77,0.551559
-4979.32,1.46910
-4973.70,0.550455
-4966.24,3.30653
-4960.66,0.00000
-4953.17,0.00000
-4947.60,0.741460
-4940.11,0.741599
-4932.66,0.742047
-4927.05,0.740999
-4919.58,0.00000
-4912.13,0.743246
-4904.68,0.00000
-4899.07,0.00000
-4891.60,0.741134
-4884.15,1.85967
-4878.54,0.739114
-4871.05,0.739196
-4863.62,1.85977
-4858.02,0.00000
-4850.56,0.739167
-4843.07,0.741172
-4837.49,0.740647
-4830.03,0.740773
-4822.58,0.00000
-4816.96,0.00000
-4809.51,0.00000
-4802.03,0.744777
-4796.41,0.00000
-4788.98,1.86747
-4781.50,0.00000
-4775.92,0.00000
-4768.47,0.746643
-4760.98,0.00000
-4755.37,0.00000
-4747.90,1.87101
-4740.45,0.745069
-4734.88,0.743530
-4727.39,1.86893
-4719.96,0.743040
-4714.34,0.00000
-4706.86,0.00000
-4699.41,0.744345
-4693.83,2.99732
-4686.35,1.86912
-4678.88,0.740292
-4673.30,0.00000
-4665.82,0.00000
-4658.35,0.00000
-4652.75,0.00000
-4645.30,2.99921
-4637.84,0.742281
-4632.22,0.741107
-4624.77,0.00000
-4617.30,0.740600
-4611.71,0.740923
-4604.24,0.00000
-4596.79,0.00000
-4591.18,0.00000
-4583.71,3.00403
-4576.26,1.87531
-4570.65,0.745785
-4563.20,0.746770
-4555.71,1.87844
-4550.13,4.14136
-4542.67,1.87871
-4535.22,0.00000
-4529.60,1.87915
-4522.12,1.87949
-4514.67,0.00000
-4509.09,0.00000
-4501.62,0.747249
-4494.14,0.952454
-4488.56,1.08407
-4481.07,2.53673
-4473.61,2.53884
-4468.03,0.00000
-4460.58,0.00000
-4453.09,0.00000
-4447.48,1.08636
-4440.03,1.08519
-4432.56,1.08549
-4426.99,2.54062
-4419.54,0.00000
-4412.05,0.00000
-4406.44,4.16071
-4398.97,0.00000
-4391.52,0.00000
-4384.04,0.00000
-4378.46,2.76437
-4371.01,1.18646
-4363.54,0.00000
-4357.93,1.18853
-4350.44,4.34500
-4343.01,1.19111
-4337.41,2.76812
-4329.95,0.00000
-4322.50,0.00000
-4316.88,2.76794
-4309.40,0.00000
-4301.97,1.00917
-4296.37,1.89260
-4288.90,0.752918
-4281.42,0.754441
-4275.84,0.755259
-4268.35,0.00000
-4260.89,0.755131
-4255.31,1.89600
-4247.86,1.89801
-4240.37,0.00000
-4234.76,0.00000
-4227.33,0.756859
-4219.84,0.00000
-4214.27,0.00000
-4206.78,0.00000
-4199.33,0.758620
-4193.72,0.00000
-4186.28,1.90064
-4178.80,0.00000
-4173.19,0.759849
-4165.74,0.759615
-4158.27,0.00000
-4152.67,0.00000
-4145.21,1.90324
-4137.76,0.00000
-4132.14,0.759422
-4124.67,0.00000
-4117.23,0.761670
-4111.63,0.00000
-4104.16,0.00000
-4096.69,0.762717
-4091.10,0.764593
-4083.63,0.00000
-4076.15,0.765945
-4070.57,0.00000
-4063.12,0.00000
-4055.65,4.20842
-4050.04,0.764104
-4042.59,0.763010
-4035.10,3.05934
-4029.52,3.06005
-4022.07,1.91382
-4014.61,0.765891
-4008.99,0.00000
-4001.51,0.768290
-3994.06,0.770521
-3988.48,0.771774
-3981.01,1.92123
-3973.56,0.770934
-3967.95,0.770625
-3960.46,0.00000
-3953.02,0.00000
-3947.44,1.92425
-3939.97,0.00000
-3932.48,0.774350
-3926.91,1.92622
-3919.42,0.776031
-3911.95,0.776221
-3906.36,1.92914
-3898.93,0.778764
-3891.44,0.779506
-3885.83,0.780304
-3878.38,1.93321
-3870.91,1.93309
-3865.31,0.780300
-3857.85,0.780108
-3850.40,0.781051
-3842.93,0.781502
-3837.32,1.93689
-3829.87,0.783142
-3822.38,3.09297
-3816.80,1.93805
-3809.34,0.782936
-3801.89,0.782995
-3796.27,0.783232
-3788.82,1.93884
-3781.34,0.782769
-3775.72,1.94013
-3768.29,0.784517
-3760.81,1.94090
-3755.23,0.784233
-3747.74,1.94239
-3740.31,1.94180
-3734.68,0.00000
-3727.21,0.784429
-3719.76,0.900124
-3714.19,0.00000
-3706.70,0.00000
-3699.23,0.00000
-3693.65,1.21901
-3686.17,0.00000
-3678.70,4.44877
-3673.14,0.00000
-3665.66,1.22177
-3658.19,2.83857
-3652.58,1.22208
-3645.13,1.22093
-3637.66,0.00000
-3632.06,0.00000
-3624.63,1.22181
-3617.15,1.22164
-3611.53,1.22033
-3604.06,0.00000
-3596.62,0.783748
-3591.02,4.27208
-3583.55,1.94833
-3576.10,1.94808
-3570.49,1.94800
-3563.02,0.00000
-3555.57,1.94851
-3549.98,0.00000
-3542.51,1.95155
-3535.02,0.789220
-3529.44,0.00000
-3521.98,0.00000
-3514.49,0.00000
-3508.91,0.00000
-3501.46,0.786691
-3494.00,0.00000
-3488.37,0.00000
-3480.93,0.00000
-3473.45,1.95811
-3467.87,0.792807
-3460.39,0.792343
-3452.95,0.00000
-3447.34,0.00000
-3439.89,0.794283
-3432.41,1.96389
-3426.79,3.13267
-3419.34,0.796991
-3411.87,0.00000
-3406.30,0.797014
-3398.81,0.00000
-3391.36,0.797242
-3385.75,1.96841
-3378.28,0.798887
-3370.83,1.96868
-3365.25,0.798600
-3357.77,0.798683
-3350.30,0.800052
-3344.70,0.00000
-3337.24,0.798946
-3329.75,0.799182
-3324.17,1.97042
-3316.72,0.00000
-3309.26,1.96986
-3301.77,0.00000
-3296.19,0.00000
-3288.71,0.00000
-3281.28,0.797499
-3275.68,1.96963
-3268.21,3.14293
-3260.73,1.12568
-3255.11,0.00000
-3247.68,1.12590
-3240.20,1.12658
-3234.62,2.63122
-3227.17,1.12608
-3219.68,0.00000
-3214.07,1.12624
-3206.64,0.00000
-3199.15,0.00000
-3193.58,0.00000
-3186.09,0.00000
-3178.64,1.12884
-3173.03,0.00000
-3165.56,1.12933
-3158.11,0.00000
-3152.53,0.890712
-3145.05,0.798492
-3137.58,0.799630
-3131.98,0.00000
-3124.52,0.799614
-3117.05,0.800171
-3111.45,0.800910
-3104.00,0.00000
-3096.54,0.00000
-3090.92,0.00000
-3083.47,0.802191
-3076.01,0.802086
-3070.41,1.98255
-3062.94,1.98222
-3055.49,1.98210
-3049.88,0.801988
-3042.43,0.804052
-3034.96,0.804873
-3029.35,0.805383
-3021.90,0.806866
-3014.41,4.35256
-3008.83,0.00000
-3001.35,1.98971
-2993.92,0.807977
-2988.30,0.00000
-2980.82,0.00000
-2973.37,0.00000
-2967.79,0.809162
-2960.32,0.809799
-2952.84,0.810874
-2947.26,1.99524
-2939.78,0.00000
-2932.31,1.99905
-2926.75,0.815392
-2919.28,0.813501
-2911.80,1.99832
-2906.18,1.99695
-2898.73,1.99479
-2891.26,0.00000
-2885.67,0.00000
-2878.24,0.00000
-2870.75,0.00000
-2865.14,0.00000
-2857.67,0.810386
-2850.22,0.00000
-2844.64,0.812641
-2837.16,0.00000
-2829.71,0.810956
-2824.09,0.810936
-2816.63,0.00000
-2809.18,0.811055
-2803.56,0.00000
-2796.11,1.99835
-2788.65,0.00000
-2783.05,0.809477
-2775.58,0.00000
-2768.10,2.00150
-2760.67,0.00000
-2755.07,0.00000
-2747.60,0.809659
-2740.15,0.00000
-2734.54,0.00000
-2727.05,0.00000
-2719.59,0.00000
-2714.01,0.808357
-2706.56,0.00000
-2699.07,0.00000
-2693.50,0.00000
-2686.01,0.00000
-2678.54,0.00000
-2672.97,2.00401
-2665.48,0.809958
-2658.03,0.00000
-2652.42,2.00274
-2644.97,0.00000
-2637.50,0.00000
-2631.89,0.808263
-2624.44,0.00000
-2616.97,0.00000
-2611.37,2.00450
-2603.91,0.00000
-2596.46,0.808995
-2590.84,0.00000
-2583.38,0.811568
-2575.93,0.00000
-2570.33,1.02429
-2562.86,1.16084
-2555.38,2.69343
-2549.80,0.00000
-2542.33,0.00000
-2534.85,0.00000
-2529.29,1.16099
-2521.82,0.00000
-2514.33,0.00000
-2508.72,1.16131
-2501.29,0.00000
-2493.80,0.00000
-2488.22,0.00000
-2480.78,0.00000
-2473.31,1.16137
-2467.69,0.00000
-2460.24,0.00000
-2452.76,0.00000
-2447.18,0.00000
-2439.70,0.00000
-2432.26,1.28103
-2426.65,0.00000
-2419.17,0.00000
-2411.72,1.28644
-2406.10,0.00000
-2398.65,1.28741
-2391.19,1.28777
-2385.61,0.00000
-2378.12,0.00000
-2370.65,0.00000
-2365.06,0.823965
-2357.63,0.00000
-2350.14,0.824679
-2344.53,0.00000
-2337.08,0.00000
-2329.61,0.00000
-2324.00,0.00000
-2316.55,0.00000
-2309.10,0.00000
-2303.48,0.00000
-2296.03,0.00000
-2288.57,0.827876
-2282.95,0.827503
-2275.50,0.827178
-2268.02,0.612676
-2262.44,0.00000
-2254.97,1.49653
-2247.52,0.525738
-2241.91,0.391857
-2234.42,0.337344
-2226.99,0.337843
-2219.51,0.338599
-2213.93,2.77146
-2206.44,0.341036
-2198.99,1.15221
-2193.38,0.342898
-2185.91,0.345402
-2178.46,0.00000
-2172.89,0.344014
-2165.40,0.00000
-2157.93,2.78032
-2152.34,0.345318
-2144.87,2.78179
-2137.39,0.00000
-2131.84,0.00000
-2124.36,0.348796
-2116.89,0.00000
-2111.28,0.350195
-2103.83,1.97740
-2096.36,0.351122
-2090.76,0.352215
-2083.31,2.79457
-2075.85,1.98133
-2070.23,0.354946
-2062.78,0.00000
-2055.32,0.356522
-2049.72,0.357557
-2042.25,1.17250
-2034.80,0.357741
-2029.19,0.00000
-2021.70,0.00000
-2014.27,0.00000
-2008.66,1.17087
-2001.21,0.00000
-1993.76,0.00000
-1988.15,0.00000
-1980.68,1.17305
-1973.19,0.357556
-1967.61,0.358404
-1960.17,0.00000
-1952.68,1.54648
-1947.10,0.569979
-1939.63,1.54789
-1932.15,0.00000
-1926.54,0.00000
-1919.09,0.570931
-1911.64,0.491389
-1906.02,0.359866
-1898.59,1.99593
-1891.11,0.360993
-1885.49,0.361427
-1878.04,0.361057
-1870.57,0.361133
-1865.00,0.361107
-1857.51,0.359653
-1850.06,1.10818
-1844.45,0.00000
-1836.98,0.985202
-1829.53,0.00000
-1823.95,1.71108
-1816.47,0.259493
-1809.00,0.00000
-1803.40,0.984458
-1795.94,0.984086
-1788.45,0.258014
-1782.91,0.984780
-1775.42,0.292979
-1767.96,0.375423
-1762.34,0.376597
-1754.89,0.377434
-1747.41,0.377995
-1741.83,0.00000
-1734.38,1.25269
-1726.91,0.378951
-1721.30,2.12849
-1713.85,0.00000
-1706.36,3.87914
-1698.90,0.381664
-1693.32,0.382501
-1685.87,0.382282
-1678.38,1.25809
-1672.77,0.994132
-1665.32,1.72462
-1657.85,0.267465
-1652.28,0.374624
-1644.79,2.14508
-1637.34,0.438363
-1631.73,0.438083
-1624.26,0.00000
-1616.81,0.320845
-1611.20,0.00000
-1603.75,1.73226
-1596.30,0.272388
-1590.68,0.274294
-1583.22,1.00581
-1575.73,0.00000
-1570.15,0.00000
-1562.70,0.278686
-1555.24,1.74198
-1549.64,0.277475
-1542.17,1.00903
-1534.69,1.13476
-1529.11,0.00000
-1521.64,0.379593
-1514.19,1.20541
-1508.58,0.379370
-1501.13,3.69037
-1493.66,0.379804
-1488.03,0.00000
-1480.60,0.280119
-1473.11,0.282218
-1467.54,2.48318
-1460.05,0.00000
-1452.62,0.282116
-1447.00,0.00000
-1439.52,1.75209
-1432.07,0.284980
-1426.49,1.75378
-1419.01,1.01999
-1411.54,0.286883
-1405.96,2.49184
-1398.48,0.286595
-1391.01,0.287019
-1385.45,1.02452
-1377.98,0.287736
-1370.50,1.02165
-1364.88,1.02261
-1357.43,1.75766
-1349.96,0.287663
-1344.37,1.02403
-1336.94,1.76150
-1329.45,0.00000
-1323.84,2.49931
-1316.39,0.386648
-1308.92,0.00000
-1303.33,0.00000
-1295.86,1.23687
-1288.41,0.389430
-1282.79,0.00000
-1275.33,0.390169
-1267.88,0.00000
-1262.26,0.390012
-1254.81,0.390193
-1247.36,0.00000
-1241.75,0.388933
-1234.28,0.428666
-1226.80,0.522290
-1221.22,0.424018
-1213.77,0.381907
-1206.30,0.380985
-1200.71,0.00000
-1193.24,1.02069
-1185.75,1.02250
-1180.14,0.00000
-1172.69,1.02499
-1165.26,0.00000
-1157.77,0.00000
-1152.20,0.288630
-1144.71,0.290804
-1137.24,0.00000
-1131.65,0.293714
-1124.18,3.25822
-1116.73,0.00000
-1111.12,1.08812
-1103.67,0.00000
-1096.20,0.00000
-1090.59,0.323309
-1083.14,0.323170
-1075.67,0.323078
-1070.07,1.85899
-1062.61,1.09309
-1055.16,0.00000
-1049.54,0.00000
-1042.06,1.09429
-1034.63,1.09464
-1029.03,1.09499
-1021.56,0.328717
-1014.11,1.86632
-1008.50,0.00000
-1001.03,0.329956
-993.547,0.289333
-987.987,0.00000
-980.519,0.00000
-973.034,2.22603
-967.456,1.55787
-959.988,0.220311
-952.503,0.220969
-946.925,0.221083
-939.476,0.00000
-931.990,0.220265
-926.377,0.219044
-918.945,0.00000
-911.460,0.218400
-905.882,0.887053
-898.396,0.886964
-890.965,1.55801
-885.333,0.888438
-877.866,0.217866
-870.416,0.00000
-864.802,0.220219
-857.353,0.219846
-849.921,0.00000
-844.307,0.00000
-836.822,0.892529
-829.355,0.00000
-823.759,0.220616
-816.309,0.00000
-808.842,0.00000
-803.264,0.278476
-795.779,0.308800
-788.311,0.309288
-782.697,0.00000
-775.248,1.80796
-767.798,0.311334
-762.184,0.282927
-754.735,0.229101
-747.268,0.229959
-741.654,0.903343
-734.204,0.230263
-726.719,0.00000
-721.141,1.57777
-713.674,0.229855
-706.224,0.00000
-700.610,0.228816
-693.125,0.228030
-685.675,0.00000
-680.097,2.25212
-672.630,0.00000
-665.145,0.230300
-659.567,1.58020
-652.081,0.231073
-644.614,0.230572
-639.054,0.906061
-631.586,0.00000
-624.101,3.22192
-616.652,1.08891
-611.038,0.00000
-603.570,0.324691
-596.085,0.325403
-590.543,0.00000
-583.058,0.327836
-575.590,0.327567
-569.994,0.00000
-562.527,0.329139
-555.042,1.09538
-549.464,0.372650
-542.014,0.00000
-534.547,0.476124
-528.933,0.00000
-521.483,0.352321
-514.016,0.00000
-508.420,0.351487
-500.970,2.87418
-493.503,1.37214
-487.889,0.668358
-480.404,2.86019
-472.972,0.667517
-467.359,0.549672
-459.909,1.44118
-452.460,0.00000
-446.846,0.00000
-439.361,1.12871
-431.893,1.13020
-426.315,0.350565
-418.866,2.69487
-411.380,1.13324
-405.802,1.13236
-398.317,0.352509
-390.850,1.13511
-385.236,1.13582
-377.786,0.354062
-370.337,1.80335
-364.723,1.60554
-357.291,0.00000
-349.806,3.64947
-344.192,3.64944
-336.743,0.00000
-329.275,2.97313
-323.679,0.930972
-316.212,1.61194
-308.762,1.61312
-303.149,4.34050
-295.681,4.34282
-288.232,2.29897
-282.636,0.934591
-275.168,3.66500
-267.719,1.61865
-262.105,0.935364
-254.638,2.30049
-247.153,2.30006
-241.610,4.34884
-234.125,1.61798
-226.658,1.00357
-221.061,1.16673
-213.594,1.16664
-206.109,0.00000
-200.531,4.38171
-193.081,1.16644
-185.614,0.364280
-180.000,1.16921
-172.551,2.77642
-165.065,0.366036
-159.487,0.370136
-152.002,0.00000
-144.570,1.17175
-138.956,0.367270
-131.471,1.97836
-124.022,1.17551
-118.408,1.17744
-110.976,6.81686
-103.527,3.59553
-97.9129,7.62618
-90.4278,3.59852
-82.9604,6.01843
-75.5109,10.8557
-69.8971,13.5992
-62.4475,5.07426
-54.9980,5.99347
-49.3842,10.5846
-41.9168,15.1763
-34.4673,17.0159
-28.8535,17.9400
-21.4040,16.1048
-13.9366,22.5385
-8.34060,23.4644
-0.873268,20.7130
6.59406,23.4755
12.1901,23.4809
19.6753,31.7616
27.1248,32.6908
32.7208,28.0962
40.1703,32.7042
47.6555,33.6325
53.2515,32.7594
60.7010,33.5768
68.1862,30.3447
73.7822,46.5491
81.2317,45.7508
88.6812,32.7950
94.3129,28.7497
101.798,36.0486
109.212,29.5703
114.808,30.3872
122.293,33.6394
129.743,27.9665
135.339,31.2182
142.824,31.2213
150.309,19.2792
155.869,35.0666
163.319,27.1795
170.804,25.2117
176.400,22.2544
183.850,22.2587
191.335,13.3764
196.931,17.3308
204.380,19.3098
211.865,16.3499
217.461,22.2814
224.911,23.2746
232.396,14.3822
237.957,21.3075
245.442,14.3908
252.891,12.5972
258.487,13.4132
265.972,19.1174
273.422,13.4174
279.054,12.6044
286.503,15.0527
293.917,12.6082
299.549,15.0584
307.034,8.53714
314.483,15.0648
320.079,14.2518
327.564,12.6218
335.014,6.09631
340.574,12.6280
348.060,6.91606
355.545,4.46658
361.141,11.0026
368.590,6.10251
376.040,7.73698
381.671,5.28544
389.121,9.37343
396.570,5.28685
402.202,6.10437
409.652,4.46942
417.137,6.10719
422.697,10.1990
430.182,2.83510
437.632,6.92879
445.117,5.29224
450.713,8.56937
458.163,4.47475
465.648,5.29389
471.208,4.52034
478.658,3.52468
486.143,1.53175
491.774,5.51559
499.224,3.52460
506.673,7.51014
512.269,5.51942
519.755,1.53235
527.204,1.53395
532.800,3.52943
540.285,2.53159
547.771,6.52199
553.295,4.52579
560.780,5.52487
568.266,3.52853
573.862,1.53161
581.311,6.52538
588.796,1.53152
594.392,4.53031
601.842,2.89811
609.291,0.712491
614.923,1.91310
622.372,1.91171
629.822,3.11002
635.418,0.707813
642.903,1.90994
650.353,3.11109
655.949,6.71555
663.434,4.94063
670.883,2.40909
676.479,2.40744
683.929,2.40650
691.378,0.946139
697.010,0.00000
704.495,0.00000
711.909,0.00000
717.541,1.86152
725.026,0.689602
732.476,0.689073
738.036,3.03672
745.521,0.00000
753.006,0.00000
758.567,1.86540
766.052,0.691531
773.501,0.00000
779.133,0.628774
786.547,0.520899
794.032,1.82612
799.664,2.01230
807.113,0.00000
814.563,0.00000
820.159,0.00000
827.644,0.776623
835.093,0.778470
840.689,0.00000
848.175,0.778354
855.624,0.778326
861.220,0.777923
868.670,2.01733
876.119,0.00000
881.751,0.00000
889.200,0.778508
896.685,2.01882
902.246,0.591697
909.731,0.516059
917.181,0.512746
922.777,2.89562
930.262,0.00000
937.747,1.90069
943.307,0.00000
950.757,0.00000
958.242,0.687385
963.838,0.00000
971.287,0.00000
978.773,0.686683
986.258,0.685094
991.818,0.00000
999.268,1.89675
1006.75,0.00000
1012.38,0.00000
1019.83,0.682726
1027.28,0.685018
1032.88,0.685582
1040.36,0.687311
1047.81,0.00000
1053.41,0.689077
1060.90,1.90673
1068.34,0.687297
1073.94,0.00000
1081.39,0.00000
1088.84,0.00000
1094.47,0.00000
1101.92,0.692813
1109.37,1.90857
1115.00,0.00000
1122.45,0.692397
1129.90,0.692733
1135.50,1.91280
1142.98,0.00000
1150.47,0.00000
1156.03,0.696794
1163.51,0.697040
1170.96,1.91824
1176.56,0.00000
1184.01,0.00000
1191.49,0.701578
1197.13,0.00000
1204.54,0.00000
1212.02,0.702462
1217.62,0.00000
1225.07,0.701549
1232.52,0.701012
1238.15,0.699803
1245.64,4.36677
1253.09,0.697237
1258.65,0.00000
1266.13,0.699032
1273.58,0.699776
1279.18,0.00000
1286.66,1.92267
1294.15,0.783265
1301.60,0.00000
1307.19,4.05806
1314.64,0.00000
1322.09,0.00000
1327.72,0.992103
1335.17,0.994007
1342.62,0.00000
1348.22,0.00000
1355.70,0.994996
1363.15,0.996289
1368.75,0.997607
1376.23,4.07177
1383.72,4.07237
1389.28,0.00000
1396.73,1.00000
1404.21,2.53787
1411.66,0.00000
1417.26,0.00000
1424.75,0.00000
1432.23,0.00000
1437.79,1.61099
1445.24,1.61147
1452.73,1.61146
1458.32,3.74886
1465.81,1.61076
1473.26,0.00000
1478.85,0.00000
1486.30,0.00000
1493.79,1.61546
1499.38,1.61764
1506.83,1.62073
1514.32,0.00000
1519.88,0.00000
1527.36,0.00000
1534.81,2.53723
1540.44,4.07975
1547.89,0.990642
1555.34,0.991945
1560.97,0.994844
1568.42,2.54337
1575.87,1.00090
1581.47,1.00297
1588.96,0.00000
1596.44,0.00000
1602.00,0.00000
1609.49,1.00732
1616.94,0.00000
1622.53,4.10261
1629.98,0.00000
1637.47,4.10435
1643.10,0.00000
1650.51,0.00000
1658.00,0.00000
1663.59,0.00000
1671.04,2.55347
1678.53,0.00000
1684.12,2.55790
1691.57,1.00507
1699.06,1.00499
1704.62,1.00539
1712.10,0.00000
1719.55,0.00000
1725.18,0.00000
1732.63,1.00946
1740.08,1.00974
1745.68,1.01002
1753.17,1.01043
1760.61,0.00000
1766.21,1.01225
1773.70,0.00000
1781.15,0.00000
1786.74,2.57068
1794.19,1.01210
1801.68,0.00000
1807.27,0.00000
1814.72,2.57003
1822.21,4.13005
1827.80,1.02016
1835.22,1.13788
1842.70,0.00000
1850.19,3.44467
1855.78,0.00000
1863.23,0.00000
1870.72,0.00000
1876.31,0.00000
1883.76,0.00000
1891.21,1.44888
1896.84,1.44993
1904.29,0.00000
1911.78,1.44882
1917.34,5.44852
1924.82,0.00000
1932.27,1.44314
1937.87,1.44263
1945.36,0.00000
1952.80,1.01442
1958.44,0.00000
1965.85,0.00000
1973.34,1.01390
1978.93,1.01590
1986.42,0.00000
1993.87,0.00000
1999.46,0.00000
2006.95,1.01917
2014.40,0.00000
2019.96,1.01974
2027.44,0.00000
2034.93,2.58580
2040.52,4.15130
2047.97,1.01840
2055.46,1.01844
2061.05,0.00000
2068.50,1.01974
2075.95,1.01955
2081.58,0.00000
2089.03,0.00000
2096.48,4.15502
2102.08,0.00000
2109.57,1.02414
2117.01,1.02625
2122.61,2.59758
2130.10,1.03044
2137.55,1.03225
2143.14,1.03408
2150.59,2.60785
2158.04,1.03496
2163.67,1.03347
2171.16,0.00000
2178.61,0.00000
2184.20,1.03486
2191.65,0.00000
2199.14,1.03729
2204.70,1.04005
2212.18,0.00000
2219.67,0.00000
2225.23,1.04172
2232.68,4.19204
2240.16,1.04428
2245.79,0.00000
2253.21,1.04617
2260.69,0.00000
2266.33,0.00000
2273.78,0.00000
2281.22,1.04625
2286.82,1.04559
2294.31,1.04900
2301.76,1.04936
2307.35,0.00000
2314.80,1.05215
2322.29,1.05343
2329.74,1.05412
2335.33,1.05408
2342.82,2.63146
2350.27,0.00000
2355.86,0.00000
2363.31,1.05145
2370.80,0.00000
2376.39,1.04877
2383.84,1.05165
2391.29,0.00000
2396.92,2.63001
2404.41,0.00000
2411.86,0.00000
2417.42,5.79645
2424.90,0.00000
2432.39,0.00000
2437.95,0.00000
2445.43,0.00000
2452.92,1.05326
2458.52,2.63812
2465.93,5.80799
2473.41,0.00000
2479.05,0.00000
2486.50,4.22361
2493.95,1.05409
2499.54,2.64097
2507.03,1.05272
2514.48,0.00000
2520.07,1.05227
2527.56,1.05104
2535.01,1.05016
2540.57,0.00000
2548.05,0.00000
2555.50,4.22223
2561.13,0.00000
2568.58,0.00000
2576.07,0.00000
2581.66,1.46024
2589.11,3.49314
2596.56,3.49115
2602.16,0.00000
2609.64,3.49186
2617.13,0.00000
2622.69,3.48521
2630.14,1.45184
2637.62,0.00000
2643.22,1.45662
2650.67,1.46013
2658.16,0.00000
2663.79,1.46269
2671.20,0.00000
2678.65,0.00000
2684.28,0.00000
2691.77,1.03723
2699.18,0.00000
2704.81,1.70908
2712.26,1.70749
2719.75,0.00000
2725.31,0.00000
2732.79,0.00000
2740.28,1.71103
2745.84,0.00000
2753.32,1.71068
2760.77,0.00000
2768.26,0.00000
2773.85,3.93413
2781.30,0.00000
2788.75,1.70868
2794.39,1.70817
2801.83,0.00000
2809.28,3.93806
2814.88,1.71158
2822.37,1.71089
2829.81,0.00000
2835.41,0.00000
2842.90,0.00000
2850.38,2.62808
2855.94,0.00000
2863.39,2.63292
2870.88,0.00000
2876.47,0.00000
2883.92,0.00000
2891.41,0.00000
2897.00,0.00000
2904.45,1.02876
2911.90,1.02764
2917.53,1.03077
2925.02,1.03068
2932.47,0.00000
2938.03,1.03262
2945.51,0.00000
2952.96,1.03349
2958.56,0.00000
2966.04,1.03315
2973.53,0.00000
2979.13,1.03443
2986.54,2.64510
2994.02,2.64660
2999.62,2.64604
3007.11,0.00000
3014.56,0.00000
3020.15,1.03857
3027.60,1.03945
3035.09,0.00000
3040.68,1.03818
3048.13,2.65073
3055.62,1.04341
3061.21,2.65808
3068.66,1.04652
3076.11,1.04909
3081.74,2.66096
3089.19,0.00000
3096.64,0.00000
3102.27,1.05069
3109.72,1.05123
3117.17,0.00000
3122.77,0.00000
3130.25,2.66682
3137.70,0.00000
3143.30,0.00000
3150.79,1.05036
3158.23,1.05427
3163.83,1.05492
3171.28,0.00000
3178.77,0.00000
3184.36,4.29113
3191.85,1.05544
3199.30,1.06023
3204.89,0.00000
3212.34,0.00000
3219.83,1.05914
3227.28,1.05895
3232.87,1.05912
3240.36,1.05469
3247.81,0.00000
3253.40,1.05887
3260.85,0.00000
3268.34,5.92113
3273.93,1.05953
3281.38,2.67895
3288.87,0.00000
3294.46,1.05819
3301.91,1.05834
3309.36,0.00000
3315.00,4.30250
3322.48,0.00000
3329.89,0.00000
3335.49,0.00000
3342.98,1.69233
3350.43,1.69194
3356.02,1.69321
3363.51,0.00000
3370.96,0.00000
3376.55,0.00000
3384.00,3.94922
3391.49,0.00000
3397.08,1.69217
3404.53,1.69131
3412.02,1.69064
3417.61,3.95043
3425.06,0.00000
3432.51,0.00000
3438.14,0.00000
3445.59,1.68719
3453.08,1.68741
3458.67,0.00000
3466.12,1.04350
3473.57,2.67598
3479.17,2.67948
3486.65,1.05074
3494.10,2.68520
3499.74,0.00000
3507.19,1.05173
3514.64,0.00000
3520.23,0.00000
3527.72,0.00000
3535.17,0.00000
3540.76,1.05427
3548.25,1.05276
3555.70,2.68495
3561.26,0.00000
3568.74,0.00000
3576.23,1.05710
3581.82,0.00000
3589.27,0.00000
3596.76,0.00000
3602.35,1.05691
3609.80,2.69447
3617.25,2.69397
3622.88,1.05502
3630.33,0.00000
3637.82,1.05573
3643.38,0.00000
3650.83,0.699871
3658.31,0.00000
3665.80,0.00000
3671.40,0.692341
3678.84,4.53234
3686.33,0.00000
3691.89,0.694780
3699.34,1.97485
3706.83,0.00000
3712.46,0.00000
3719.91,0.00000
3727.36,1.97298
3732.95,1.97168
3740.44,0.689933
3747.89,0.00000
3753.48,0.00000
3760.97,4.04518
3768.42,0.947717
3773.98,2.50045
3781.46,0.00000
3788.95,0.00000
3794.54,0.00000
3801.99,0.00000
3809.48,0.955441
3815.07,2.50588
3822.52,0.00000
3829.97,0.00000
3835.61,2.51244
3843.05,0.00000
3850.50,0.00000
3856.10,0.00000
3863.59,0.00000
3871.04,0.00000
3876.63,0.855835
3884.08,0.694581
3891.57,0.694690
3897.16,0.697961
3904.61,0.697051
3912.10,1.98403
3917.69,0.00000
3925.18,0.695733
3932.59,0.00000
3938.22,0.695386
3945.71,0.00000
3953.16,1.98579
3958.72,1.05348
3966.20,0.00000
3973.69,2.70840
3979.25,0.00000
3986.73,0.00000
3994.22,0.00000
3999.82,2.42846
4007.23,1.05684
4014.71,2.70932
4020.35,0.00000
4027.80,0.00000
4035.25,2.71136
4040.84,0.00000
4048.29,1.06337
4055.78,1.06629
4061.37,0.707294
4068.86,0.00000
4076.31,2.00192
4081.87,0.709448
4089.35,0.710227
4096.80,2.00594
4102.43,2.00701
4109.88,0.00000
4117.33,0.00000
4122.96,0.00000
4130.41,0.00000
4137.86,0.00000
4145.31,0.711976
4150.94,0.00000
4158.43,0.716234
4165.88,2.01140
4171.44,2.01066
4178.92,0.00000
4186.41,2.00893
4191.97,0.00000
4199.46,0.00000
4206.94,2.00941
4212.50,0.00000
4219.95,0.706124
4227.44,0.704195
4233.07,0.00000
4240.52,0.00000
4247.97,2.00549
4253.56,0.00000
4261.05,0.00000
4268.50,1.06442
4274.09,1.06646
4281.54,2.73335
4289.03,1.06632
4294.62,0.704495
4302.07,0.702500
4309.56,0.702513
4315.15,0.702251
4322.60,0.00000
4330.05,0.700164
4335.68,1.66857
4343.13,0.464729
4350.58,2.60023
4356.18,0.466520
4363.67,0.469280
4371.15,2.60638
4376.71,0.00000
4384.20,0.00000
4391.68,2.60825
4397.24,0.473254
4404.69,0.00000
4412.18,1.54129
4417.81,0.00000
4425.22,0.00000
4432.71,0.00000
4438.30,1.53660
4445.75,0.00000
4453.20,0.470237
4458.83,0.00000
4466.32,0.469418
4473.77,0.469869
4479.33,0.00000
4486.81,3.12786
4494.26,0.00000
4499.86,1.88572
4507.34,1.88478
4514.79,0.00000
4520.43,3.13577
4527.88,4.38255
4535.32,0.00000
4540.92,0.644276
4548.41,0.646698
4555.85,0.646882
4561.45,0.00000
4568.90,0.00000
4576.39,0.643197
4583.84,0.643856
4589.43,0.645127
4596.92,1.89470
4604.40,0.644839
4609.96,1.65799
4617.41,1.55657
4624.90,0.745910
4630.49,0.746269
4637.94,0.00000
4645.43,0.746546
4651.02,1.13095
4658.51,0.00000
4665.92,0.00000
4671.55,0.00000
4679.00,0.00000
4686.49,0.00000
4692.08,0.985504
4699.53,0.751380
4707.02,0.752931
4712.58,2.06821
4720.06,0.755242
4727.51,0.757045
4733.15,0.756667
4740.60,0.00000
4748.05,0.484888
4753.64,0.484520
4761.13,0.484577
4768.58,0.486060
4774.17,0.00000
4781.66,0.487337
4789.14,0.00000
4794.67,0.367021
4802.15,0.368357
4809.64,1.31758
4815.23,0.00000
4822.68,0.00000
4830.17,1.32006
4835.76,1.31828
4843.21,1.31817
4850.66,1.31761
4856.29,0.367755
4863.74,0.00000
4871.19,0.00000
4876.79,0.367403
4884.27,1.31466
4891.72,1.31440
4897.32,1.31423
4904.81,0.367594
4912.26,0.00000
4917.85,2.26969
4925.30,0.369958
4932.79,1.32105
4938.38,2.27343
4945.83,0.372163
4953.32,0.489439
4958.91,0.559493
4966.36,1.69102
4973.85,0.560781
4979.44,1.69241
4986.89,3.44570
4994.38,1.32818
4999.97,1.32774
5007.42,0.00000
5014.87,0.374802
5020.50,0.00000
5027.92,0.376203
5035.40,0.376245
5042.89,0.376617
5048.48,1.32846
5055.93,0.374202
5063.38,0.372524
5069.02,0.371934
5076.47,1.32544
5083.91,0.00000
5089.55,0.371275
5097.00,0.373558
5104.48,0.00000
5110.04,1.58752
5117.53,0.00000
5124.98,0.00000
5130.57,0.00000
5138.06,0.498492
5145.51,0.00000
5151.10,0.00000
5158.55,0.00000
5166.04,0.378800
5171.63,1.33451
5179.12,0.00000
5186.57,0.376643
5192.13,0.00000
5199.61,0.00000
5207.10,2.29108
5212.69,1.33419
5220.14,0.377780
5227.63,0.00000
5233.19,1.33465
5240.64,0.377130
5248.12,0.00000
5253.76,0.567168
5261.21,1.70089
5268.66,0.00000
5274.25,0.00000
5281.74,1.69926
5289.19,0.560795
5294.78,0.00000
5302.27,0.560480
5309.72,0.560473
5315.31,0.559892
5322.76,1.69912
5330.21,1.69940
5335.84,0.560175
5343.29,0.558472
5350.78,0.559477
5356.37,0.560171
5363.82,1.32982
5371.27,0.00000
5376.87,0.365581
5384.35,0.00000
5391.84,0.00000
5397.44,2.29236
5404.89,0.00000
5412.33,1.58950
5417.93,0.00000
5425.38,0.727848
5432.87,0.00000
5438.50,0.00000
5445.91,1.69603
5453.40,0.553073
5458.99,0.552237
5466.48,1.69639
5473.89,0.00000
5479.52,1.69974
5487.01,0.417901
5494.46,2.41351
5501.91,0.00000
5507.50,4.41296
5514.99,0.421488
5522.44,0.420461
5528.03,0.420187
5535.52,0.421079
5542.97,3.02978
5548.56,0.281409
5556.01,0.279240
5563.46,1.13914
5569.10,1.13810
5576.54,0.279117
5584.03,0.00000
5589.59,0.00000
5597.08,0.00000
5604.52,2.00311
5610.12,0.00000
5617.61,0.278157
5625.09,0.277306
5630.65,0.274647
5638.10,0.272762
5645.59,0.272253
5651.18,0.274164
5658.63,0.274291
5666.12,0.340167
5671.71,0.375131
5679.16,2.31578
5686.61,2.31640
5692.24,0.374289
5699.73,1.34321
5707.18,0.370910
5712.77,2.31305
5720.22,0.373051
5727.67,0.371830
5733.27,2.31219
5740.75,0.370193
5748.24,0.369473
5753.84,0.369102
5761.25,0.00000
5768.73,0.00000
5774.33,0.00000
5781.82,0.00000
5789.27,1.13117
5794.90,0.329892
5802.35,0.00000
5809.80,0.360632
5815.39,0.360320
5822.84,1.33471
5830.33,4.25394
5835.92,2.30721
5843.37,2.99370
5850.86,2.86637
5856.45,1.99932
5863.90,1.13244
5871.35,0.262972
5876.98,0.00000
5884.47,0.261417
5891.88,2.86477
5897.48,0.262740
5904.96,0.262719
5912.45,0.00000
5918.01,1.13213
5925.50,0.00000
5932.98,2.00178
5940.43,0.00000
5945.99,2.00272
5953.48,0.00000
5960.92,0.262551
5966.52,0.00000
5974.01,0.262461
5981.49,0.262394
5987.05,0.262424
5994.54,0.260399
6001.99,0.258462
6007.58,0.00000
6015.07,0.256387
6022.52,0.256996
6028.11,0.00000
6035.56,0.00000
6043.05,0.00000
6048.64,1.12865
6056.09,1.13091
6063.58,0.259603
6069.17,0.260074
6076.59,0.259970
6084.07,1.13221
6089.71,0.00000
6097.15,1.19848
6104.60,2.32255
6110.24,0.00000
6117.69,1.69445
6125.13,0.00000
6130.73,0.00000
6138.22,2.42641
6145.70,0.00000
6151.26,0.392083
6158.71,1.41272
6166.20,0.393681
6171.79,0.00000
6179.24,0.391889
6186.73,0.391870
6192.32,0.389805
6199.81,0.391775
6207.22,0.393490
6212.85,0.393112
6220.30,0.00000
6227.79,2.43378
6233.38,0.00000
6240.83,3.77106
6248.32,0.264467
6253.88,0.00000
6261.36,1.13701
6268.81,0.00000
6274.45,0.263694
6281.90,1.14287
6289.34,0.266408
6294.94,0.00000
6302.43,0.265830
6309.88,1.14321
6315.47,0.265616
6322.96,0.00000
6330.44,0.00000
6335.97,0.00000
6343.45,3.77877
6350.94,1.14463
6356.53,1.14277
6363.98,0.266181
6371.47,0.00000
6377.06,1.14393
6384.51,1.14285
6391.96,0.262897
6399.45,0.325363
6405.04,1.34851
6412.53,1.34997
6419.98,0.361984
6425.57,0.00000
6433.02,2.33575
6440.51,4.31291
6446.11,0.00000
6453.55,0.00000
6461.04,0.359403
6466.60,1.34960
6474.05,0.00000
6481.54,0.357906
6487.17,1.34387
6494.62,1.34581
6502.07,1.34723
6507.66,0.358146
6515.15,2.02431
6522.56,0.260020
6528.19,0.314740
6535.68,2.49528
6543.13,0.440989
6548.72,2.49654
6556.17,1.46861
6563.66,0.438172
6569.22,1.64966
6576.70,0.00000
6584.19,0.579225
6589.78,1.75772
6597.23,0.578258
6604.68,1.75924
6610.32,0.579052
6617.76,1.75992
6625.21,0.00000
6630.85,0.00000
6638.30,0.00000
6645.78,0.422359
6651.34,2.34500
6658.83,0.00000
6666.28,0.00000
6671.87,0.00000
6679.36,1.34921
6686.81,2.34682
6692.40,1.14536
6699.85,0.259385
6707.30,2.03346
6712.93,0.261321
6720.42,0.00000
6727.87,1.14741
6733.43,0.00000
6740.91,3.81096
6748.40,0.259043
6753.96,0.260245
6761.44,1.14745
6768.93,1.14906
6774.53,0.259270
6781.94,0.00000
6789.42,1.15098
6795.06,0.263421
6802.51,0.263369
6809.96,0.263183
6815.55,0.264328
6823.00,1.15390
6830.49,2.93483
6836.08,0.00000
6843.57,0.264162
6851.02,1.15542
6858.50,0.264855
6864.06,1.15450
6871.51,0.265088
6879.00,0.00000
6884.59,0.264281
6892.08,1.15655
6899.53,2.93920
6905.12,1.16028
6912.57,1.16171
6920.02,1.16107
6925.65,0.269811
6933.14,0.270348
6940.55,0.272713
6946.18,1.16335
6953.63,0.269062
6961.12,2.05259
6966.68,0.00000
6974.17,0.00000
6981.65,0.00000
6987.21,2.05667
6994.70,1.16284
7002.15,0.266375
7007.78,2.05602
7015.23,2.05779
7022.68,1.16435
7028.31,2.05933
7035.76,1.16384
7043.21,0.269386
7048.80,0.269740
7056.25,0.00000
7063.74,2.95391
7069.33,0.265917
7076.82,0.265632
7084.27,1.16135
7089.86,1.16257
7097.31,1.16387
7104.76,0.268870
7110.39,2.95788
7117.84,0.269694
7125.33,0.00000
7130.89,2.95849
7138.38,0.269212
7145.86,1.16787
7151.42,0.00000
7158.91,1.48726
7166.39,0.444341
7171.95,0.444361
7179.40,1.48636
7186.89,1.48519
7192.48,0.441517
7199.93,0.442125
7207.42,0.442963
7213.01,0.444813
7220.46,1.48893
7227.91,0.445632
7233.54,1.49110
7241.03,1.49222
7248.48,1.49292
7254.07,2.53796
7261.52,0.00000
7268.97,3.63148
7274.57,0.366415
7282.05,1.37703
7289.50,0.363671
7295.14,0.363639
7302.55,2.38801
7310.03,2.38698
7317.48,0.00000
7323.12,1.37553
7330.56,0.472909
7338.01,0.539500
7343.65,2.94190
7351.10,0.541649
7358.55,0.540775
7364.14,1.74424
7371.63,0.543325
7379.11,0.00000
7384.67,0.00000
7392.16,0.00000
7399.61,1.45495
7405.20,0.406294
7412.65,0.00000
7420.14,0.00000
7425.77,1.45220
7433.18,1.45202
7440.67,1.16908
7446.26,0.266320
7453.71,1.17235
7461.20,0.267649
7466.79,1.17085
7474.28,0.265273
7481.73,1.16933
7487.29,0.265064
7494.77,0.264656
7502.22,1.16721
7507.86,0.260426
7515.31,0.258832
7522.76,1.16785
7528.35,1.17005
7535.84,0.00000
7543.29,0.263930
7548.88,0.00000
7556.37,1.17298
7563.82,1.17343
7569.41,0.268254
7576.86,2.41907
7584.35,2.41971
7589.94,2.42181
7597.39,1.40357
7604.88,0.00000
7610.47,0.380299
7617.92,0.380519
7625.37,1.40278
7631.00,0.381338
7638.49,0.00000
7645.90,0.382920
7651.54,0.00000
7658.98,1.40348
7666.43,0.00000
7672.03,0.00000
7679.52,0.00000
7686.97,3.29109
7692.56,0.271098
7700.01,0.00000
7707.50,0.268450
7713.09,0.00000
7720.54,0.268521
7728.03,0.269129
7733.62,2.08927
7741.11,0.267135
7748.56,1.17930
7756.01,0.269211
7761.60,0.00000
7769.09,0.267938
7776.54,2.08932
7782.13,2.08675
7789.62,3.00051
7797.07,0.00000
7802.63,0.269395
7810.11,2.09729
7817.60,0.00000
7823.19,1.18492
7830.64,0.271818
7838.13,0.00000
7843.73,1.18172
7851.18,1.18277
7858.62,0.270041
7864.26,0.270792
7871.74,3.01023
7879.19,2.09423
7884.75,3.00623
7892.24,1.17869
7899.69,1.17940
7905.28,1.17977
7912.77,2.09525
7920.22,0.266756
7925.81,0.00000
7933.26,2.09792
7940.75,3.92992
7946.34,0.00000
7953.83,1.18373
7961.28,0.267865
7966.87,1.18321
7974.32,1.18281
7981.81,0.265498
7987.40,1.18057
7994.85,0.261768
8002.34,0.258872
8007.90,1.17516
8015.35,0.258316
8022.83,1.35182
8028.47,1.45417
8035.88,0.00000
8043.37,1.45865
8049.00,0.389395
8056.45,0.00000
8063.90,0.00000
8069.49,0.390743
8076.98,2.52787
8084.43,0.389116
8090.02,0.390391
8097.47,1.45952
8104.96,0.00000
8110.55,0.00000
8118.00,2.52295
8125.49,0.00000
8131.08,1.25729
8138.53,0.00000
8145.98,0.00000
8151.61,1.17389
8159.06,0.00000
8166.51,0.00000
8172.15,2.09748
8179.60,0.256668
8187.08,0.256694
8192.64,2.09831
8200.09,0.00000
8207.58,1.17796
8215.06,0.258867
8220.66,1.18227
8228.11,1.18409
8235.59,0.259595
8241.19,0.00000
8248.60,0.260478
8256.09,1.18322
8261.72,1.18314
8269.17,0.259390
8276.62,0.257904
8282.21,0.00000
8289.70,3.02602
8297.15,2.10236
8302.74,0.254353
8310.23,1.40006
8317.68,0.362517
8323.24,0.363225
8330.72,1.39923
8338.21,0.361940
8343.80,0.00000
8351.25,0.356895
8358.74,1.39341
8364.34,0.352641
8371.79,2.42860
8379.23,1.38917
8384.87,0.350458
8392.32,0.351406
8399.80,0.00000
8405.36,0.00000
8412.81,0.349834
8420.30,0.00000
8425.89,2.09856
8433.34,3.02578
8440.83,1.17422
