-4339.64,0.00000
-4337.06,0.00000
-4334.47,0.00000
-4331.87,0.00000
-4329.30,0.00000
-4326.72,0.00000
-4324.15,0.00000
-4321.57,0.00000
-4318.99,0.00000
-4316.37,0.937498
-4313.78,4.92326
-4311.23,0.00000
-4308.65,0.937476
-4306.06,3.92625
-4303.46,5.92000
-4300.88,0.937453
-4298.33,0.937446
-4295.71,2.92926
-4293.13,0.931680
-4290.54,0.00000
-4287.98,0.00000
-4285.39,0.00000
-4282.83,1.92848
-4280.22,0.933560
-4277.64,0.931636
-4275.06,0.00000
-4272.47,0.931621
-4269.89,0.00000
-4267.30,0.931606
-4264.74,0.931599
-4262.15,0.00000
-4259.57,2.92893
-4256.98,4.92049
-4254.40,0.00000
-4251.80,0.00000
-4249.21,0.935388
-4246.63,2.92881
-4244.08,2.93454
-4241.50,0.941116
-4238.88,0.941109
-4236.29,0.00000
-4233.71,0.941094
-4231.12,0.946837
-4228.56,0.00000
-4225.97,1.94156
-4223.39,0.946814
-4220.81,1.94345
-4218.26,1.94151
-4215.64,1.94150
-4213.05,0.00000
-4210.45,0.950610
-4207.90,0.944853
-4205.32,0.00000
-4202.73,1.94142
-4200.15,1.94141
-4197.57,2.93604
-4194.95,2.93602
-4192.40,0.944808
-4189.81,0.00000
-4187.21,1.94133
-4184.63,0.00000
-4182.04,0.00000
-4179.49,0.00000
-4176.91,1.95085
-4174.29,0.956254
-4171.72,0.956246
-4169.14,0.00000
-4166.56,0.00000
-4163.97,1.95077
-4161.39,0.00000
-4158.80,0.950460
-4156.22,0.950452
-4153.64,1.94496
-4151.05,1.94495
-4148.48,0.950430
-4145.86,0.00000
-4143.28,0.00000
-4140.73,1.94489
-4138.15,1.94487
-4135.56,0.00000
-4132.98,0.950385
-4130.38,0.00000
-4127.83,0.00000
-4125.25,1.94479
-4122.63,0.950355
-4120.04,2.93918
-4117.46,0.950340
-4114.91,0.00000
-4112.32,1.94472
-4109.72,1.94470
-4107.14,0.954142
-4104.55,0.954134
-4101.97,1.93891
-4099.39,3.93143
-4096.84,0.944532
-4094.22,0.00000
-4091.65,0.00000
-4089.07,1.93883
-4086.48,0.950250
-4083.90,0.950243
-4081.28,0.950235
-4078.69,4.92547
-4076.15,0.950220
-4073.56,0.00000
-4070.98,0.00000
-4068.41,0.950198
-4065.79,2.93678
-4063.21,1.94443
-4060.62,0.950175
-4058.04,1.94823
-4055.49,1.94821
-4052.89,0.00000
-4050.30,2.94239
-4047.76,0.953969
-4045.14,0.950130
-4042.55,0.948207
-4039.97,1.94429
-4037.38,0.00000
-4034.84,0.00000
-4032.23,0.953924
-4029.65,1.94806
-4027.06,0.953909
-4024.45,0.00000
-4021.90,1.94801
-4019.31,1.94800
-4016.71,0.00000
-4014.14,0.00000
-4011.56,0.00000
-4008.99,2.94201
-4006.41,0.00000
-4003.83,0.953842
-4001.21,0.00000
-3998.62,1.94787
-3996.05,0.00000
-3993.49,1.94784
-3990.90,0.953804
-3988.30,0.953796
-3985.72,0.00000
-3983.17,3.93387
-3980.55,0.00000
-3977.97,3.93381
-3975.38,0.953759
-3972.82,1.94772
-3970.23,0.947999
-3967.65,1.94195
-3965.06,0.947984
-3962.48,1.94192
-3959.88,0.947969
-3957.31,3.92782
-3954.73,0.944124
-3952.16,0.00000
-3949.58,0.00000
-3946.99,1.93608
-3944.41,0.944094
-3941.82,1.93605
-3939.20,1.93603
-3936.64,0.00000
-3934.05,0.938320
-3931.49,1.93216
-3928.92,0.938305
-3926.34,0.00000
-3923.72,0.00000
-3921.13,0.00000
-3918.55,1.93208
-3915.98,1.93207
-3913.40,1.93205
-3910.81,1.93204
-3908.23,0.00000
-3905.65,0.938239
-3903.06,0.938231
-3900.48,1.93580
-3897.89,0.943961
-3895.29,0.00000
-3892.74,1.92619
-3890.16,0.928621
-3887.57,0.00000
-3884.99,4.89385
-3882.41,1.91655
-3879.79,0.00000
-3877.24,0.00000
-3874.64,0.919004
-3872.05,0.918997
-3869.47,1.91073
-3866.88,2.90245
-3864.33,0.00000
-3861.75,0.918968
-3859.13,0.918961
-3856.56,0.00000
-3853.98,1.91064
-3851.40,0.00000
-3848.81,0.00000
-3846.23,2.90227
-3843.64,0.928490
-3841.06,0.922740
-3838.47,0.922732
-3835.91,2.90792
-3833.32,1.91435
-3830.70,0.922711
-3828.12,0.922703
-3825.57,0.00000
-3822.99,0.00000
-3820.40,0.00000
-3817.80,1.92001
-3815.22,1.91999
-3812.67,0.00000
-3810.05,0.00000
-3807.46,0.928389
-3804.88,0.932210
-3802.30,1.92566
-3799.75,0.00000
-3797.16,0.00000
-3794.56,0.932180
-3791.98,2.91711
-3789.36,2.91134
-3786.81,0.932158
-3784.23,0.928323
-3781.64,0.928316
-3779.06,0.928309
-3776.49,1.91977
-3773.91,0.00000
-3771.32,0.928287
-3768.74,0.928280
-3766.12,0.928272
-3763.53,2.91112
-3760.99,1.91968
-3758.40,0.00000
-3755.83,0.00000
-3753.22,0.928236
-3750.63,1.91962
-3748.05,2.91098
-3745.46,0.928214
-3742.88,0.00000
-3740.33,2.90517
-3737.73,0.00000
-3735.14,0.00000
-3732.60,0.922437
-3729.98,1.91375
-3727.39,0.916681
-3724.79,0.00000
-3722.22,1.91180
-3719.67,0.00000
-3717.07,1.90985
-3714.49,0.916645
-3711.90,0.00000
-3709.32,1.90789
-3706.74,0.00000
-3704.15,0.00000
-3701.55,0.00000
-3698.98,0.00000
-3696.38,0.926163
-3693.83,3.90172
-3691.25,2.91431
-3688.63,2.91428
-3686.04,2.91426
-3683.46,2.91424
-3680.89,0.00000
-3678.33,0.937593
-3675.74,2.91991
-3673.14,0.00000
-3670.56,0.937571
-3667.97,0.937564
-3665.39,0.937557
-3662.81,0.00000
-3660.20,0.937542
-3657.65,0.937535
-3655.07,0.937527
-3652.49,0.00000
-3649.90,1.92286
-3647.32,0.931766
-3644.72,0.00000
-3642.15,0.00000
-3639.57,0.931744
-3637.00,0.937476
-3634.42,2.92337
-3631.80,0.00000
-3629.25,2.93481
-3626.66,0.950839
-3624.04,2.93476
-3621.48,3.92574
-3618.89,0.950817
-3616.34,1.94753
-3613.76,0.00000
-3611.18,1.94750
-3608.56,0.00000
-3605.97,2.93269
-3603.39,1.94172
-3600.82,0.950765
-3598.24,0.950758
-3595.65,0.00000
-3593.07,0.00000
-3590.48,0.946910
-3587.90,0.946902
-3585.32,0.946895
-3582.73,0.950713
-3580.13,0.950706
-3577.58,0.00000
-3575.00,1.94155
-3572.41,0.00000
-3569.83,0.00000
-3567.21,0.946843
-3564.64,0.946836
-3562.08,0.941090
-3559.47,0.00000
-3556.89,0.00000
-3554.31,0.00000
-3551.72,1.07686
-3549.17,1.09981
-3546.55,1.12466
-3543.97,3.52698
-3541.40,1.05962
-3538.82,0.00000
-3536.23,2.48069
-3533.65,0.00000
-3531.07,1.23363
-3528.48,2.59539
-3525.90,0.00000
-3523.31,0.00000
-3520.75,0.00000
-3518.16,1.29287
-3515.54,0.00000
-3512.96,2.74444
-3510.41,0.00000
-3507.83,0.00000
-3505.24,1.30621
-3502.64,0.00000
-3500.06,0.00000
-3497.51,1.24881
-3494.89,0.00000
-3492.30,2.54347
-3489.72,1.22774
-3487.14,0.00000
-3484.59,0.00000
-3481.99,0.00000
-3479.40,1.16842
-3476.82,0.00000
-3474.20,2.44389
-3471.65,1.17222
-3469.06,0.00000
-3466.48,0.00000
-3463.90,2.53178
-3461.33,0.00000
-3458.75,2.53939
-3456.16,0.00000
-3453.54,0.00000
-3450.96,2.42460
-3448.39,1.16066
-3445.82,0.00000
-3443.24,1.19889
-3440.67,2.33848
-3438.05,2.33464
-3435.47,0.00000
-3432.89,0.00000
-3430.30,1.06118
-3427.72,1.90054
-3425.15,0.912023
-3422.57,0.00000
-3419.98,0.00000
-3417.40,0.00000
-3414.82,2.88703
-3412.23,0.00000
-3409.63,0.906245
-3407.06,1.89660
-3404.50,1.89658
-3401.91,0.00000
-3399.33,1.89655
-3396.71,0.00000
-3394.16,2.89067
-3391.58,1.90033
-3388.97,0.00000
-3386.39,1.90030
-3383.82,0.911910
-3381.22,1.90028
-3378.67,0.913807
-3376.09,0.00000
-3373.47,0.909970
-3370.88,2.89047
-3368.30,1.90020
-3365.73,0.00000
-3363.17,0.909942
-3360.57,0.00000
-3357.98,0.909928
-3355.40,0.909921
-3352.81,0.00000
-3350.23,1.90010
-3347.64,1.90582
-3345.04,0.00000
-3342.49,0.00000
-3339.91,1.90577
-3337.33,2.89591
-3334.74,0.00000
-3332.12,1.91146
-3329.56,0.921319
-3326.99,0.00000
-3324.39,5.86615
-3321.84,0.915563
-3319.25,2.89576
-3316.64,2.89573
-3314.09,0.00000
-3311.50,0.915535
-3308.90,0.00000
-3306.32,1.91132
-3303.70,0.00000
-3301.18,2.90516
-3298.60,0.00000
-3295.98,2.91467
-3293.40,1.92462
-3290.81,1.92078
-3288.23,0.934583
-3285.66,0.934576
-3283.08,1.93030
-3280.49,0.946029
-3277.91,1.93600
-3275.32,3.91019
-3272.74,0.946007
-3270.16,0.00000
-3267.55,1.28043
-3264.97,1.28998
-3262.42,2.62580
-3259.84,1.97412
-3257.25,0.644019
-3254.67,2.62957
-3252.05,0.00000
-3249.48,0.617250
-3246.92,0.00000
-3244.31,0.609597
-3241.73,0.622969
-3239.15,2.61224
-3236.56,0.624870
-3234.01,1.93957
-3231.39,0.617217
-3228.83,0.622945
-3226.24,2.61023
-3223.66,0.638222
-3221.07,0.615287
-3218.49,0.609550
-3215.91,0.624832
-3213.32,0.634381
-3210.72,1.28022
-3208.15,0.00000
-3205.59,0.624812
-3202.97,0.624807
-3200.38,0.628624
-3197.80,1.30309
-3195.25,1.98329
-3192.67,0.649627
-3190.08,0.00000
-3187.48,0.615225
-3184.90,0.00000
-3182.31,0.00000
-3179.73,1.30876
-3177.14,0.00000
-3174.56,0.622844
-3171.98,1.28389
-3169.43,0.630477
-3166.82,2.62888
-3164.24,0.634288
-3161.66,2.61737
-3159.04,0.647651
-3156.49,0.632363
-3153.90,1.95630
-3151.32,0.620890
-3148.75,1.29908
-3146.13,0.00000
-3143.59,1.95242
-3141.00,1.31243
-3138.38,0.634239
-3135.80,1.30094
-3133.23,1.95427
-3130.66,3.94862
-3128.08,1.31238
-3125.51,1.96377
-3122.89,1.99050
-3120.31,0.634205
-3117.73,0.00000
-3115.14,1.28749
-3112.56,0.618908
-3109.99,0.359117
-3107.41,1.93501
-3104.82,0.767887
-3102.24,0.754510
-3099.65,0.758325
-3097.07,0.355283
-3094.47,1.14033
-3091.90,1.95403
-3089.34,1.15178
-3086.75,0.359092
-3084.17,0.746829
-3081.55,0.748734
-3079.00,1.54330
-3076.42,1.15937
-3073.81,1.54327
-3071.23,0.00000
-3068.64,0.750615
-3066.06,0.750609
-3063.51,1.94622
-3060.89,0.380073
-3058.31,1.18987
-3055.72,1.96909
-3053.16,1.56228
-3050.57,1.22040
-3047.99,1.22803
-3045.41,0.00000
-3042.82,0.949178
-3040.24,0.359042
-3037.65,1.26237
-3035.07,0.993081
-3032.47,2.47313
-3029.88,1.16685
-3027.30,0.819273
-3024.75,0.448782
-3022.17,0.794434
-3019.58,0.800157
-3016.98,2.50930
-3014.40,0.830699
-3011.83,1.22790
-3009.23,1.63464
-3006.64,2.04328
-3004.09,0.469760
-3001.47,1.14957
-2998.93,1.26031
-2996.31,1.83890
-2993.74,0.803915
-2991.16,1.70520
-2988.54,0.00000
-2985.99,1.15333
-2983.44,1.71471
-2980.82,0.534650
-2978.23,0.362795
-2975.65,2.52045
-2973.08,0.385703
-2970.50,0.00000
-2967.88,1.46832
-2965.30,0.496437
-2962.75,0.376144
-2960.16,0.00000
-2957.58,1.60384
-2955.00,0.761817
-2952.39,1.56754
-2949.81,0.368492
-2947.26,0.763709
-2944.68,1.56177
-2942.09,2.75313
-2939.47,0.00000
-2936.91,0.00000
-2934.32,0.763680
-2931.74,1.95882
-2929.15,0.769395
-2926.57,1.56169
-2923.99,0.379919
-2921.40,0.759832
-2918.85,0.757917
-2916.23,0.763639
-2913.67,1.54636
-2911.05,1.17408
-2908.50,1.15116
-2905.91,1.95676
-2903.33,1.17405
-2900.75,1.24276
-2898.16,0.370345
-2895.56,0.755956
-2893.01,0.412336
-2890.43,0.00000
-2887.81,0.752121
-2885.22,1.63404
-2882.64,0.358874
-2880.09,0.362689
-2877.51,0.752098
-2874.90,0.481033
-2872.32,0.757813
-2869.74,0.484844
-2867.15,1.15674
-2864.57,0.761613
-2861.98,0.00000
-2859.40,1.15099
-2856.81,0.755869
-2854.27,0.920016
-2851.66,0.935278
-2849.08,1.71212
-2846.46,0.00000
-2843.88,1.15094
-2841.33,0.753926
-2838.74,0.00000
-2836.16,0.885611
-2833.59,0.486700
-2830.97,0.885597
-2828.42,0.855053
-2825.84,1.25967
-2823.22,0.858857
-2820.64,1.85321
-2818.07,0.372166
-2815.50,1.24818
-2812.94,2.05738
-2810.32,0.00000
-2807.73,1.00005
-2805.15,0.490476
-2802.57,0.354972
-2799.98,1.15079
-2797.41,1.65842
-2794.83,0.761456
-2792.25,0.458015
-2789.66,0.853046
-2787.08,1.66982
-2784.49,0.00000
-2781.89,0.753793
-2779.31,0.00000
-2776.74,1.23086
-2774.18,0.00000
-2771.59,1.59723
-2769.01,1.14114
-2766.39,0.00000
-2763.84,0.339666
-2761.25,0.347296
-2758.65,0.753741
-2756.07,0.343474
-2753.48,1.13346
-2750.90,1.15253
-2748.35,0.757535
-2745.73,2.33556
-2743.15,0.360634
-2740.56,0.767058
-2738.00,0.734615
-2735.41,1.18682
-2732.83,0.00000
-2730.24,0.368253
-2727.66,1.60847
-2725.08,0.784195
-2722.49,0.351072
-2719.91,0.391137
-2717.31,0.734570
-2714.72,0.354880
-2712.14,0.742190
-2709.59,0.871924
-2707.00,1.59692
-2704.42,1.28974
-2701.82,0.351051
-2699.23,0.349140
-2696.65,0.349138
-2694.07,0.00000
-2691.48,0.00000
-2688.90,0.339591
-2686.31,0.00000
-2683.77,0.00000
-2681.16,0.337675
-2678.58,0.366289
-2676.00,0.732572
-2673.38,0.759275
-2670.83,0.00000
-2668.24,0.757356
-2665.66,1.14461
-2663.07,0.347196
-2660.47,0.00000
-2657.92,0.345283
-2655.34,0.343372
-2652.72,0.349093
-2650.14,1.14646
-2647.59,0.00000
-2645.00,2.32723
-2642.42,0.366250
-2639.82,0.00000
-2637.23,0.345262
-2634.65,1.14260
-2632.06,0.366239
-2629.48,0.00000
-2626.93,0.345251
-2624.31,0.747720
-2621.75,0.757252
-2619.16,0.368132
-2616.58,0.00000
-2613.99,0.740068
-2611.41,0.358587
-2608.79,0.747686
-2606.24,0.350952
-2603.66,0.343320
-2601.07,0.00000
-2598.51,0.00000
-2595.89,0.343312
-2593.34,0.343310
-2590.75,0.743832
-2588.13,1.13481
-2585.59,0.360467
-2583.00,0.349021
-2580.42,0.00000
-2577.85,0.743804
-2575.23,0.00000
-2572.65,0.345196
-2570.06,0.352822
-2567.48,0.00000
-2564.93,0.347095
-2562.35,0.00000
-2559.74,0.747578
-2557.16,0.743759
-2554.58,0.753288
-2551.99,0.352803
-2549.41,0.347079
-2546.80,0.753271
-2544.24,0.764707
-2541.67,0.00000
-2539.09,0.00000
-2536.50,0.348973
-2533.92,0.00000
-2531.30,0.737981
-2528.72,0.00000
-2526.17,0.00000
-2523.58,0.347053
-2521.00,0.368026
-2518.40,0.755115
-2515.81,0.350859
-2513.26,0.00000
-2510.64,0.00000
-2508.06,0.00000
-2505.49,0.339407
-2502.91,1.14597
-2500.34,1.13452
-2497.78,0.352747
-2495.16,0.735996
-2492.57,0.00000
-2489.99,0.00000
-2487.40,1.15354
-2484.82,1.13828
-2482.25,0.751221
-2479.67,0.00000
-2477.09,0.732144
-2474.50,0.00000
-2471.92,1.91804
-2469.33,0.755006
-2466.73,0.346995
-2464.15,0.00000
-2461.60,0.732111
-2459.01,1.54810
-2456.43,0.00000
-2453.81,0.00000
-2451.23,0.335540
-2448.68,0.00000
-2446.08,0.733984
-2443.49,0.00000
-2440.91,0.337437
-2438.32,0.00000
-2435.74,0.335525
-2433.19,0.00000
-2430.57,0.737763
-2427.99,1.54414
-2425.39,0.358391
-2422.84,0.341231
-2420.25,0.348854
-2417.67,0.762517
-2415.08,0.00000
-2412.50,0.00000
-2409.92,0.00000
-2407.33,0.00000
-2404.75,0.346932
-2402.15,0.00000
-2399.56,0.367895
-2396.98,0.341206
-2394.43,0.348828
-2391.84,0.379323
-2389.22,0.00000
-2386.66,0.381224
-2384.07,0.00000
-2381.49,0.00000
-2378.91,0.00000
-2376.32,0.00000
-2373.74,0.396458
-2371.15,0.394549
-2368.60,0.00000
-2366.00,0.400261
-2363.42,0.00000
-2360.80,0.00000
-2358.25,0.00000
-2355.67,0.00000
-2353.08,0.00000
-2350.50,0.384995
-2347.91,0.365933
-2345.31,0.400236
-2342.76,0.396422
-2340.18,0.426913
-2337.56,0.00000
-2334.98,0.411659
-2332.39,1.69999
-2329.84,0.792814
-2327.26,0.874757
-2324.66,0.00000
-2322.07,0.00000
-2319.49,0.00000
-2316.90,0.00000
-2314.32,0.00000
-2311.77,0.373517
-2309.15,0.775614
-2306.58,0.00000
-2304.00,0.00000
-2301.42,0.00000
-2298.83,1.30536
-2296.21,0.00000
-2293.65,0.343008
-2291.08,0.341100
-2288.50,0.00000
-2285.93,0.746979
-2283.35,1.16429
-2280.73,0.352523
-2278.18,0.445890
-2275.56,0.750767
-2272.97,0.00000
-2270.42,0.447786
-2267.82,2.05789
-2265.26,1.95498
-2262.69,0.358220
-2260.07,0.00000
-2257.49,0.876484
-2254.90,0.365834
-2252.32,0.352493
-2249.77,0.750710
-2247.19,1.54142
-2244.58,1.96058
-2242.00,0.762125
-2239.41,0.358196
-2236.83,0.00000
-2234.25,1.14507
-2231.64,1.14506
-2229.08,0.819254
-2226.51,0.756375
-2223.93,2.72826
-2221.34,0.369608
-2218.76,1.13930
-2216.14,1.94137
-2213.56,2.75485
-2210.99,0.765866
-2208.42,1.14689
-2205.86,1.54314
-2203.24,0.348633
-2200.65,1.54121
-2198.10,0.356248
-2195.48,0.742971
-2192.90,1.54880
-2190.33,1.54879
-2187.75,1.94883
-2185.18,1.64211
-2182.58,1.96975
-2180.00,0.963914
-2177.41,0.956287
-2174.81,1.29155
-2172.24,0.636245
-2169.68,1.27820
-2167.09,2.95449
-2164.51,1.32008
-2161.93,1.29341
-2159.34,1.28768
-2156.76,1.29910
-2154.16,1.28576
-2151.57,0.967644
-2148.99,1.28955
-2146.44,1.62668
-2143.85,1.29334
-2141.27,2.29713
-2138.65,0.647611
-2136.07,1.30283
-2133.52,1.29330
-2130.92,1.62090
-2128.33,0.306654
-2125.75,1.28565
-2123.16,1.30469
-2120.58,1.62847
-2117.99,1.63036
-2115.41,1.30656
-2112.83,0.636135
-2110.22,0.295210
-2107.68,1.28558
-2105.09,1.62649
-2102.51,1.29890
-2099.92,0.965594
-2097.34,0.299008
-2094.76,1.61311
-2092.17,1.96542
-2089.57,1.63403
-2086.98,1.30836
-2084.40,0.634178
-2081.82,0.657026
-2079.27,1.64351
-2076.68,1.68729
-2074.08,0.679864
-2071.50,1.00170
-2068.91,0.959793
-2066.33,0.641762
-2063.75,0.990248
-2061.16,0.297072
-2058.58,2.08330
-2055.99,0.647455
-2053.41,0.00000
-2050.84,0.00000
-2048.26,0.624590
-2045.64,0.687425
-2043.09,1.35008
-2040.51,2.19744
-2037.92,2.03747
-2035.34,0.306571
-2032.74,0.00000
-2030.15,2.12502
-2027.60,2.01647
-2024.98,0.719753
-2022.40,1.67751
-2019.81,1.03582
-2017.23,1.31571
-2014.68,0.978683
-2012.10,0.312262
-2009.50,0.980572
-2006.91,0.980565
-2004.33,0.972942
-2001.74,1.64504
-1999.16,0.969119
-1996.57,0.295113
-1994.01,0.957681
-1991.42,1.96485
-1988.84,1.62975
-1986.26,0.325566
-1983.67,1.94577
-1981.05,0.654930
-1978.49,0.645406
-1975.92,0.961438
-1973.34,1.63729
-1970.77,1.30601
-1968.15,0.310319
-1965.57,1.95138
-1963.02,2.65766
-1960.40,1.30788
-1957.81,1.29645
-1955.26,1.64291
-1952.66,1.30404
-1950.11,0.637738
-1947.53,0.959455
-1944.91,0.306490
-1942.33,0.955634
-1939.72,0.314100
-1937.16,0.295062
-1934.61,1.29636
-1932.01,0.314093
-1929.42,0.639603
-1926.84,0.628177
-1924.25,0.310279
-1921.67,0.970805
-1919.09,2.30136
-1916.48,0.995536
-1913.94,0.972687
-1911.35,0.00000
-1908.77,0.300748
-1906.18,0.630043
-1903.56,0.308357
-1900.98,1.29052
-1898.41,1.97574
-1895.83,1.31905
-1893.26,2.30690
-1890.70,1.30571
-1888.08,0.643333
-1885.49,0.635715
-1882.91,0.959276
-1880.32,2.62086
-1877.74,0.637604
-1875.14,2.28394
-1872.59,0.974473
-1870.04,0.629977
-1867.42,2.27437
-1864.84,1.97555
-1862.25,0.635672
-1859.65,0.957308
-1857.08,1.95457
-1854.52,2.35041
-1851.93,0.652782
-1849.35,0.626133
-1846.73,0.325435
-1844.18,0.643252
-1841.60,0.315914
-1838.99,1.62143
-1836.41,1.99061
-1833.83,1.30930
-1831.28,0.624197
-1828.69,0.957222
-1826.11,0.947700
-1823.49,1.96770
-1820.91,0.348246
-1818.34,0.616562
-1815.76,1.00476
-1813.17,1.28639
-1810.59,0.298759
-1808.00,1.61177
-1805.42,0.631762
-1802.83,0.959054
-1800.25,1.29395
-1797.67,0.626040
-1795.06,1.09984
-1792.52,0.964733
-1789.93,1.93706
-1787.35,0.317767
-1784.76,0.949489
-1782.16,0.293027
-1779.59,0.281608
-1777.01,0.00000
-1774.41,1.99977
-1771.82,0.968481
-1769.24,1.02365
-1766.66,2.34221
-1764.11,0.681156
-1761.49,1.98067
-1758.92,0.646899
-1756.34,0.964633
-1753.75,1.31280
-1751.17,0.646884
-1748.58,0.298706
-1746.00,0.956994
-1743.42,2.00530
-1740.83,0.987420
-1738.27,1.62857
-1735.68,2.37434
-1733.10,0.709633
-1730.48,1.67419
-1727.93,0.338640
-1725.35,0.993083
-1722.76,0.987369
-1720.18,0.703899
-1717.57,1.28984
-1714.99,1.34500
-1712.44,0.342430
-1709.82,0.00000
-1707.24,0.289159
-1704.65,0.620164
-1702.07,0.667718
-1699.52,0.985400
-1696.92,1.66642
-1694.34,1.64168
-1691.75,0.660089
-1689.17,1.02151
-1686.58,0.981559
-1684.00,0.304357
-1681.41,1.64542
-1678.85,0.665771
-1676.26,1.64539
-1673.68,1.98397
-1671.10,0.983417
-1668.48,1.29917
-1665.89,0.308146
-1663.33,1.62441
-1660.76,1.29533
-1658.19,0.00000
-1655.61,0.612469
-1652.99,0.956737
-1650.40,1.28578
-1647.86,0.952919
-1645.24,1.61481
-1642.67,0.631466
-1640.09,0.943388
-1637.50,2.28047
-1634.95,2.29947
-1632.33,0.639055
-1629.75,0.623835
-1627.16,0.294798
-1624.56,1.28759
-1622.00,1.28378
-1619.43,1.63752
-1616.85,0.00000
-1614.26,2.26701
-1611.68,1.99122
-1609.09,1.61655
-1606.51,2.38677
-1603.91,0.644708
-1601.32,0.327106
-1598.77,0.292872
-1596.19,0.954679
-1593.61,1.69635
-1591.02,0.00000
-1588.40,0.351816
-1585.82,2.36951
-1583.25,1.29885
-1580.67,0.728338
-1578.12,0.958433
-1575.50,0.952721
-1572.92,1.29501
-1570.33,0.756841
-1567.75,1.10673
-1565.16,0.635128
-1562.60,0.633222
-1559.98,0.292839
-1557.43,1.29115
-1554.88,0.749201
-1552.26,1.43944
-1549.68,0.983074
-1547.07,0.956446
-1544.49,0.00000
-1541.92,2.49471
-1539.32,0.325146
-1536.77,0.716838
-1534.19,2.14860
-1531.57,0.975417
-1529.02,0.00000
-1526.44,1.65039
-1523.83,1.37658
-1521.25,0.984895
-1518.67,0.287101
-1516.12,2.04581
-1513.53,1.38795
-1510.91,0.661647
-1508.33,0.288993
-1505.75,1.06661
-1503.18,1.00386
-1500.59,1.39550
-1498.01,2.38222
-1495.43,0.306093
-1492.84,0.614083
-1490.26,1.02473
-1487.67,0.287075
-1485.09,0.671104
-1482.49,0.956268
-1479.90,1.70910
-1477.35,0.302275
-1474.77,0.969555
-1472.19,2.61778
-1469.60,0.969541
-1467.00,0.954325
-1464.43,0.942912
-1461.85,0.285153
-1459.25,1.27367
-1456.66,0.285148
-1454.08,0.948587
-1451.50,0.942877
-1448.95,0.273736
-1446.33,1.26792
-1443.76,0.615898
-1441.18,0.937146
-1438.59,1.61386
-1436.01,0.961844
-1433.42,1.61763
-1430.84,0.608272
-1428.26,1.61001
-1425.67,0.629172
-1423.11,2.61741
-1420.52,0.629163
-1417.90,0.613951
-1415.32,0.615848
-1412.77,1.27350
-1410.18,0.965574
-1407.60,0.613933
-1405.02,0.615830
-1402.41,1.28487
-1399.83,0.952241
-1397.25,1.28105
-1394.66,0.950326
-1392.08,0.00000
-1389.49,0.00000
-1386.93,0.281290
-1384.36,1.27340
-1381.76,0.00000
-1379.17,0.00000
-1376.59,0.610078
-1374.01,1.69148
-1371.42,1.28666
-1368.84,1.07189
-1366.25,1.00536
-1363.69,2.00311
-1361.07,1.16879
-1358.52,1.01484
-1355.94,0.00000
-1353.32,0.935010
-1350.75,0.290763
-1348.16,1.45191
-1345.60,1.45189
-1343.03,0.615720
-1340.45,1.36256
-1337.83,0.703127
-1335.24,1.78821
-1332.66,1.28461
-1330.08,0.296447
-1327.51,0.279342
-1324.93,1.27508
-1322.34,0.630886
-1319.79,0.288837
-1317.17,2.13206
-1314.59,2.03893
-1312.00,0.634668
-1309.40,0.613761
-1306.85,0.619457
-1304.27,1.04699
-1301.69,0.292623
-1299.10,1.36810
-1296.48,0.720145
-1293.93,0.942452
-1291.35,0.706834
-1288.75,0.00000
-1286.16,2.29528
-1283.58,0.286907
-1281.03,1.35473
-1278.45,0.00000
-1275.83,0.00000
-1273.24,0.645998
-1270.68,0.953789
-1268.09,1.70427
-1265.51,1.63396
-1262.92,1.07536
-1260.34,0.777069
-1257.75,1.90751
-1255.17,0.619366
-1252.59,1.74409
-1250.00,0.693451
-1247.40,0.286878
-1244.82,1.30139
-1242.27,0.00000
-1239.68,1.28997
-1237.10,0.00000
-1234.52,0.961290
-1231.91,0.302063
-1229.33,1.62239
-1226.78,0.290660
-1224.16,0.290658
-1221.58,0.290656
-1219.03,0.296353
-1216.41,0.617397
-1213.86,0.951735
-1211.26,0.621188
-1208.67,0.626882
-1206.09,1.95662
-1203.51,0.668664
-1200.92,0.643965
-1198.37,0.624964
-1195.75,0.626859
-1193.17,1.98314
-1190.58,0.640147
-1188.02,0.953565
-1185.43,0.292526
-1182.81,0.932656
-1180.27,0.959242
-1177.68,1.68483
-1175.10,1.65633
-1172.51,1.36570
-1169.93,1.33340
-1167.33,0.619211
-1164.74,1.36567
-1162.19,0.628699
-1159.61,0.607801
-1157.03,1.28017
-1154.41,0.961071
-1151.84,0.607787
-1149.27,0.617280
-1146.67,0.621074
-1144.09,1.27633
-1141.50,0.617266
-1138.92,1.31809
-1136.37,0.640048
-1133.79,0.273490
-1131.18,0.613449
-1128.60,0.951504
-1125.98,1.97516
-1123.43,1.32563
-1120.85,0.628625
-1118.26,0.00000
-1115.68,0.947671
-1113.10,0.622913
-1110.51,0.622909
-1107.94,0.628602
-1105.36,0.288661
-1102.74,0.611501
-1100.16,0.279161
-1097.61,1.30084
-1095.02,0.617184
-1092.44,0.951406
-1089.84,0.309537
-1087.25,1.64072
-1084.67,0.960880
-1082.09,1.61222
-1079.50,0.292438
-1076.92,0.281042
-1074.33,1.30835
-1071.77,0.977935
-1069.20,1.61596
-1066.60,0.288629
-1064.01,0.949431
-1061.39,1.60643
-1058.85,0.622817
-1056.26,1.66527
-1053.68,0.653189
-1051.11,0.956991
-1048.53,1.60827
-1045.91,0.00000
-1043.36,0.674056
-1040.77,0.696836
-1038.15,1.02531
-1035.59,1.34049
-1033.00,0.662644
-1030.44,0.284802
-1027.87,0.334165
-1025.25,1.66132
-1022.67,0.949319
-1020.08,0.277199
-1017.50,0.937914
-1014.93,1.28725
-1012.35,0.972074
-1009.76,1.27204
-1007.18,0.280986
-1004.60,1.27582
-1002.01,1.26632
-999.428,0.615118
-996.826,1.25871
-994.242,0.947344
-991.693,0.267684
-989.109,0.263886
-986.525,1.96299
-983.941,0.282866
-981.321,0.269575
-978.773,1.60035
-976.188,0.282860
-973.586,0.664431
-971.002,0.943485
-968.418,0.269565
-965.870,0.596077
-963.286,0.933973
-960.666,0.284746
-958.082,0.937756
-955.515,0.932054
-952.931,0.273350
-950.347,0.926346
-947.763,0.937728
-945.179,0.603635
-942.594,0.941511
-940.010,1.28318
-937.426,1.27178
-934.842,0.288521
-932.240,0.947178
-929.656,1.28504
-927.107,0.622585
-924.523,0.620682
-921.939,0.958539
-919.355,0.275222
-916.753,0.618771
-914.186,0.620664
-911.584,0.605475
-909.000,0.616859
-906.416,0.286600
-903.832,1.28684
-901.248,0.614947
-898.699,0.960374
-896.097,1.29441
-893.513,1.61705
-890.929,0.641500
-888.345,0.962244
-885.761,0.284685
-883.177,0.616814
-880.592,2.29074
-878.008,1.29434
-875.442,0.622494
-872.858,0.948917
-870.274,1.28672
-867.654,0.299853
-865.070,1.28670
-862.521,1.62260
-859.937,0.297949
-857.353,0.292254
-854.769,1.27907
-852.167,0.299840
-849.583,1.28854
-846.998,1.28853
-844.414,1.29232
-841.866,1.97927
-839.264,0.647100
-836.680,0.290339
-834.113,0.622421
-831.511,0.624314
-828.927,1.29226
-826.343,0.00000
-823.741,0.946887
-821.210,0.639477
-818.590,2.29223
-816.024,1.63377
-813.440,0.971528
-810.820,0.975315
-808.272,0.635658
-805.687,0.294108
-803.068,1.29217
-800.519,0.307386
-797.935,0.954408
-795.369,0.641327
-792.784,0.963881
-790.165,0.307377
-787.581,1.28832
-784.996,1.29590
-782.412,0.973340
-779.864,0.318752
-777.279,0.294085
-774.677,1.61651
-772.093,0.628004
-769.509,0.637486
-766.925,0.992270
-764.341,0.301663
-761.739,0.624191
-759.190,0.658337
-756.606,0.681099
-754.022,1.35460
-751.438,1.36218
-748.854,0.299753
-746.234,0.629855
-743.685,1.35456
-741.101,0.643126
-738.517,0.290258
-735.951,0.294051
-733.367,0.288357
-730.747,1.00165
-728.198,0.990265
-725.578,0.295939
-722.994,0.622226
-720.428,0.959891
-717.844,1.97668
-715.295,0.313003
-712.711,0.957973
-710.091,0.339556
-707.507,1.45117
-704.923,1.76605
-702.339,1.69774
-699.773,1.11728
-697.188,1.04139
-694.604,1.84756
-692.020,1.54405
-689.436,0.390751
-686.852,2.55125
-684.268,0.322460
-681.666,1.38657
-679.081,0.631633
-676.533,1.29740
-673.949,1.70709
-671.365,2.39181
-668.745,0.739729
-666.161,0.627817
-663.612,1.78670
-661.010,2.24000
-658.426,1.07732
-655.842,0.629695
-653.258,0.631587
-650.709,0.711242
-648.125,0.711237
-645.505,1.04314
-642.921,2.11851
-640.319,0.984330
-637.771,0.288280
-635.186,0.280691
-632.602,1.02983
-630.018,0.293963
-627.434,0.936881
-624.850,0.705501
-622.266,1.19669
-619.699,0.00000
-617.079,1.01651
-614.495,1.64802
-611.947,1.86420
-609.363,0.00000
-606.778,0.946309
-604.176,1.36920
-601.592,1.04301
-599.026,0.354621
-596.424,0.337551
-593.840,1.00696
-591.256,1.28950
-588.672,0.288240
-586.087,0.942461
-583.539,1.63270
-580.937,0.968996
-578.353,0.948130
-575.733,1.29134
-573.184,0.948116
-570.600,0.292018
-568.016,0.616266
-565.432,0.286325
-562.848,0.942400
-560.281,0.963251
-557.697,0.616249
-555.113,0.618140
-552.493,1.28747
-549.909,0.957535
-547.325,0.604854
-544.776,0.280620
-542.192,0.948034
-539.590,2.61276
-537.006,1.64576
-534.422,0.280612
-531.838,1.26843
-529.254,2.34535
-526.705,0.970744
-524.103,0.00000
-521.519,1.27977
-518.935,0.297663
-516.351,1.95660
-513.767,0.963125
-511.147,0.627544
-508.580,2.65614
-506.050,0.638910
-503.448,0.961202
-500.864,1.62285
-498.279,1.66265
-495.660,0.964972
-493.111,0.942216
-490.491,0.297639
-487.925,1.96592
-485.359,1.98107
-482.757,1.96021
-480.208,0.314692
-477.624,1.61895
-475.004,0.978186
-472.420,0.633163
-469.836,0.964903
-467.252,1.96770
-464.703,0.305201
-462.119,0.964882
-459.517,1.99041
-456.933,0.655882
-454.349,0.972443
-451.765,1.99605
-449.180,0.976220
-446.578,3.36651
-444.030,1.01222
-441.446,0.972408
-438.862,1.65858
-436.277,0.663427
-433.693,1.32874
-431.073,1.67750
-428.525,1.98266
-425.923,1.97885
-423.357,0.962881
-420.790,2.05464
-418.170,1.99018
-415.586,1.29266
-413.038,1.64898
-410.418,1.97308
-407.852,0.644420
-405.267,1.32295
-402.683,1.64893
-400.135,0.983667
-397.515,1.67734
-394.931,1.63942
-392.347,1.67542
-389.763,0.297556
-387.178,0.280496
-384.612,2.65332
-382.028,1.30580
-379.444,0.968449
-376.860,2.98871
-374.275,2.30832
-371.691,1.66395
-369.089,1.30955
-366.505,1.63361
-363.921,0.972197
-361.372,2.29119
-358.788,0.661388
-356.204,2.63416
-353.584,1.97845
-351.000,2.31007
-348.452,1.63352
-345.850,2.64356
-343.265,0.989196
-340.681,1.61454
-338.097,2.31378
-335.549,0.987280
-332.929,0.625336
-330.345,1.29614
-327.778,2.62827
-325.159,1.30560
-322.610,2.63202
-320.026,1.31126
-317.442,2.30038
-314.858,1.97634
-312.273,1.28281
-309.689,1.96684
-307.105,0.953095
-304.503,1.62764
-301.919,2.97483
-299.335,1.29413
-296.786,0.951173
-294.202,2.97097
-291.618,0.288000
-289.016,1.61431
-286.432,0.610097
-283.883,2.62416
-281.263,0.297465
-278.679,0.953019
-276.095,1.60288
-273.511,0.964373
-270.927,0.951104
-268.361,1.27697
-265.776,0.619535
-263.192,0.610058
-260.572,1.28263
-258.024,0.615732
-255.440,1.96086
-252.856,1.28260
-250.271,2.29426
-247.669,0.632765
-245.121,1.29015
-242.537,1.61978
-239.917,1.96267
-237.333,2.29418
-234.749,1.29769
-232.182,1.29768
-229.616,1.27683
-227.032,0.291737
-224.430,1.27871
-221.846,1.28059
-219.261,0.950967
-216.677,2.64261
-214.093,0.00000
-211.509,0.604287
-208.943,1.60826
-206.358,0.00000
-203.774,0.594802
-201.190,0.609952
-198.606,1.59117
-196.004,0.966060
-193.420,0.267085
-190.889,0.939527
-188.287,0.937626
-185.703,1.61005
-183.083,0.604239
-180.499,0.272758
-177.951,0.587183
-175.331,0.937592
-172.764,0.00000
-170.198,0.00000
-167.596,0.253807
-165.048,0.263276
-162.463,0.596628
-159.844,0.00000
-157.259,0.251906
-154.675,0.00000
-152.109,0.00000
-149.543,0.257583
-146.941,1.00002
-144.356,0.596598
-141.772,0.00000
-139.188,0.00000
-136.604,0.589010
-134.020,0.267041
-131.418,0.265145
-128.869,0.261356
-126.285,0.267035
-123.701,0.00000
-121.117,0.596560
-118.497,0.931762
-115.931,0.00000
-113.364,0.687449
-110.762,0.681763
-108.214,0.352242
-105.630,0.259445
-103.010,0.268912
-100.426,0.588950
-97.8773,1.35401
-95.2575,0.700671
-92.6911,0.00000
-90.0713,0.602189
-87.5228,0.00000
-84.9743,0.253749
-82.3545,0.931669
-79.7703,1.27441
-77.1862,0.265105
-74.6020,0.00000
-72.0357,0.594585
-69.4515,0.335162
-66.8674,0.927842
-64.2832,2.02988
-61.6990,0.354090
-59.1149,0.590776
-56.5307,0.00000
-53.9287,0.333254
-51.3446,1.73253
-48.7604,1.01300
-46.2119,0.658919
-43.6277,0.948610
-41.0436,0.263185
-38.4238,1.26858
-35.8396,0.948589
-33.2733,1.27803
-30.6891,2.29665
-28.1050,0.956143
-25.5208,1.28179
-22.9366,1.29882
-20.3881,0.00000
-17.7683,2.60328
-15.1842,2.32874
-12.6178,1.61685
-9.99802,1.64145
-7.44951,1.61683
-4.86535,1.30633
-2.28119,0.946608
0.285149,1.95000
2.92277,2.64668
5.45347,2.97796
8.05545,2.31344
10.6574,0.956040
13.2238,4.63061
15.8257,2.33990
18.3921,3.29211
20.9584,3.31670
23.5248,2.66356
26.1624,3.29583
28.7287,1.64885
31.3307,2.64268
33.8970,2.63509
36.4634,2.30001
39.0654,5.98188
41.6317,4.69839
44.2337,3.99417
46.8000,5.32868
49.4020,4.36513
51.9683,4.99355
54.5703,5.01434
57.1367,6.02701
59.7030,6.68569
62.3050,6.05721
64.8713,6.02120
67.5089,9.39043
70.0396,5.09741
72.6416,8.00664
75.2436,7.41414
77.8099,5.03105
80.4119,9.02668
82.9782,8.09727
85.5446,9.44107
88.1466,7.72617
90.7486,5.71983
93.3149,8.41691
95.8812,9.03955
98.4832,8.44518
101.050,9.41984
103.652,7.08045
106.218,7.38701
108.820,12.8037
111.386,7.41529
113.953,7.70480
116.590,6.06387
119.156,10.0837
121.758,8.08504
124.289,7.72919
126.891,7.73292
129.457,7.07048
132.059,6.37966
134.661,8.42162
137.192,6.41174
139.830,7.36172
142.396,6.38705
144.998,8.09399
147.564,7.74572
150.131,9.04765
152.733,5.76616
155.299,8.39843
157.901,9.75899
160.467,7.44078
163.069,8.02546
165.600,7.45770
168.238,6.37146
170.804,7.72063
173.370,7.78869
175.972,6.71193
178.539,5.72979
181.176,10.7537
183.743,7.08456
186.309,8.76859
188.875,6.40704
191.477,6.39375
194.044,8.76840
196.646,8.75320
199.248,9.76356
201.778,7.12962
204.416,5.37556
206.947,7.71797
209.549,6.11151
212.151,6.37447
214.717,7.75564
217.319,7.40745
219.885,4.72635
222.487,4.02626
225.089,6.69778
227.656,5.72145
230.186,7.71747
232.788,5.75164
235.390,5.70619
237.992,5.02126
240.559,9.11162
243.125,7.04745
245.762,5.39386
248.293,5.02490
250.895,3.02324
253.461,3.67214
256.028,7.75287
258.630,8.40739
261.232,5.39363
263.834,6.73490
266.400,5.37464
268.966,5.71512
271.533,6.06885
274.135,9.07105
276.737,3.06843
279.303,6.34302
281.905,4.06155
284.471,7.35311
287.073,4.44172
289.640,5.32133
292.206,6.08363
294.772,6.37113
297.374,5.40823
299.976,4.69694
302.578,5.05631
305.145,5.70321
307.711,5.72776
310.313,5.72015
312.879,5.70687
315.446,4.36571
318.083,3.68851
320.614,5.06363
323.216,2.65758
325.818,7.69463
328.384,4.75331
330.986,2.34921
333.517,5.33203
336.119,4.40897
338.721,3.66371
341.323,2.68582
343.889,2.99977
346.491,4.35588
349.058,4.04378
351.624,5.37527
354.226,4.01535
356.792,4.04180
359.394,4.05312
361.961,5.03279
364.562,5.70038
367.164,6.08617
369.731,2.02934
372.297,4.35747
374.863,1.68321
377.465,4.36119
380.032,3.01082
382.669,5.71523
385.200,3.02024
387.802,5.72082
390.404,4.36481
392.970,4.06220
395.572,3.35110
398.139,2.33176
400.705,3.00687
403.307,3.67819
405.909,3.01061
408.475,1.65847
411.042,1.66224
413.644,4.68791
416.210,2.35812
418.812,1.97801
421.378,4.02974
423.980,2.01391
426.547,3.32245
429.113,2.35236
431.751,1.99306
434.317,2.65488
436.883,2.68512
439.450,4.01630
442.052,3.03111
444.618,3.67210
447.220,2.69828
449.822,4.02375
452.388,5.37567
454.990,2.02508
457.557,2.66606
460.159,3.02340
462.725,1.98533
465.291,1.98910
467.893,2.35589
470.460,1.64306
473.062,2.65838
475.628,1.65438
478.230,2.33503
480.796,3.35410
483.398,1.65057
485.965,1.64867
488.567,2.34064
491.133,1.31400
493.699,2.30846
496.337,3.34450
498.903,2.68088
501.505,2.67141
504.036,3.35956
506.638,4.01367
509.240,2.69404
511.806,1.98885
514.408,1.64476
516.974,1.97369
519.576,4.02865
522.143,1.99068
524.709,2.32150
527.311,1.65415
529.877,1.63902
532.479,2.66173
535.046,2.65415
537.648,0.994353
540.250,0.965990
542.816,1.29869
545.382,4.34784
547.949,1.32703
550.551,1.63325
553.153,1.99807
555.719,1.63323
558.285,1.65023
560.887,1.98480
563.489,1.31752
566.056,0.291100
568.622,1.29860
571.188,1.98096
573.826,0.642674
576.392,1.28534
578.994,1.63124
581.561,0.678574
584.127,1.34580
586.693,2.07350
589.295,2.03379
591.897,1.31175
594.464,1.29473
597.066,1.98082
599.632,2.31157
602.234,1.02820
604.800,1.30981
607.367,1.28145
609.969,1.96185
612.535,1.30978
615.137,1.70478
617.739,0.958226
620.305,0.944989
622.872,1.38534
625.438,1.63103
628.040,1.70283
630.642,0.635015
633.244,1.27947
635.774,2.59105
638.412,1.31347
640.978,2.31320
643.545,0.652001
646.147,1.35502
648.677,2.48135
651.279,1.31531
653.881,2.39816
656.483,2.06176
659.050,0.718116
661.652,0.942993
664.218,1.64030
666.784,2.38296
669.386,0.961870
671.953,2.17506
674.555,1.71207
677.121,1.30199
679.723,0.260775
682.325,0.933491
684.891,0.264550
687.458,0.00000
690.024,1.88962
692.626,3.00069
695.228,2.70401
697.830,2.31662
700.361,1.67793
702.963,0.00000
705.565,0.581978
708.131,0.929646
710.733,2.28064
713.299,1.29998
715.866,1.28107
718.468,0.933399
721.034,0.608406
723.672,0.598954
726.202,0.925822
728.804,0.942820
731.371,1.63245
733.973,0.600827
736.539,1.61731
739.141,0.952241
741.707,0.604593
744.274,0.606478
746.911,1.28852
749.477,0.950324
752.044,0.948428
754.610,0.952200
757.212,2.30113
759.814,1.97239
762.380,1.64553
764.982,0.283385
767.549,0.604550
770.151,1.62661
772.717,1.63415
775.319,1.63981
777.885,0.965364
780.452,1.62845
783.054,0.290928
785.620,0.615855
788.258,0.606406
790.788,0.619625
793.390,0.610175
795.957,2.34245
798.559,0.952087
801.125,0.987972
803.727,1.69635
806.293,1.62834
808.860,1.37709
811.497,1.29018
814.064,0.00000
816.630,0.604470
819.196,0.612021
821.798,1.78694
824.400,0.621457
826.967,1.81147
829.569,2.24590
832.135,0.963333
834.737,1.06344
837.303,1.28443
839.870,0.729096
842.472,0.277659
845.038,0.398541
847.640,0.00000
850.206,1.01995
852.808,0.00000
855.410,2.13053
857.977,1.64888
860.543,1.04636
863.109,0.963252
865.711,1.05957
868.313,1.04256
870.880,1.97368
873.482,1.73569
876.048,1.38817
878.650,0.302184
881.216,0.623250
883.783,0.628912
886.349,1.38057
888.986,1.30124
891.553,1.06894
894.155,1.49008
896.721,0.634555
899.287,1.11991
901.889,0.702533
904.456,0.623211
907.058,2.13779
909.624,1.82617
912.226,0.976343
914.792,0.974448
917.394,1.80347
919.996,1.77136
922.527,0.00000
925.129,1.63159
927.695,1.37853
930.297,1.99414
932.899,0.991395
935.466,0.298361
938.068,1.98087
940.634,0.998928
943.200,0.980038
945.802,1.33692
948.404,1.65226
950.935,1.31613
953.573,0.662781
956.139,1.30856
958.705,0.651443
961.307,0.300228
963.838,1.64086
966.476,1.33118
969.042,1.66349
971.644,0.653308
974.210,1.66725
976.777,0.305880
979.379,1.99387
981.981,1.32546
984.547,0.998809
987.113,0.636288
989.715,1.32543
992.282,1.31976
994.884,0.303977
997.486,1.99755
1000.05,0.647594
1002.65,1.32161
1005.18,1.99373
1007.79,0.328510
1010.39,0.636248
1012.99,0.302074
1015.52,0.298296
1018.12,0.303958
1020.73,0.962841
1023.29,0.658881
1025.89,0.303951
1028.46,0.972260
1031.06,0.985468
1033.63,0.983574
1036.19,1.32338
1038.83,1.00244
1041.36,1.32902
1043.96,1.31202
1046.53,0.311486
1049.13,0.00000
1051.70,0.634289
1054.30,0.636172
1056.87,1.99345
1059.47,0.319026
1062.07,1.31385
1064.64,0.647481
1067.20,0.00000
1069.77,0.292589
1072.37,1.30815
1074.97,0.653126
1077.54,0.643683
1080.14,0.639903
1082.71,1.31944
1085.31,0.996650
1087.88,0.979655
1090.48,1.33451
1093.05,1.31185
1095.61,1.34582
1098.21,0.303892
1100.78,0.630430
1103.42,1.33446
1105.95,0.979607
1108.55,0.309546
1111.12,0.981480
1113.72,0.989024
1116.32,1.33253
1118.89,1.34007
1121.45,1.31930
1124.06,1.33250
1126.66,1.00598
1129.22,0.647368
1131.79,0.00000
1134.36,1.99492
1136.92,0.658678
1139.56,1.32490
1142.13,0.647345
1144.73,0.00000
1147.30,0.300077
1149.90,1.33618
1152.46,1.66833
1155.03,0.987026
1157.63,0.651093
1160.20,0.645427
1162.80,0.994554
1165.37,0.981337
1167.97,0.666172
1170.57,1.32667
1173.14,0.645404
1175.70,0.318926
1178.27,0.00000
1180.91,0.979409
1183.47,0.305709
1186.04,0.969960
1188.64,1.34737
1191.21,2.02481
1193.81,1.33791
1196.38,1.65681
1198.94,2.01345
1201.51,1.01709
1204.15,0.656672
1206.71,0.292481
1209.32,2.00962
1211.88,0.652885
1214.45,2.68134
1217.05,0.00000
1219.62,0.971759
1222.22,0.994395
1224.78,0.994388
1227.39,1.66422
1229.95,0.322653
1232.55,0.984933
1235.16,2.34345
1237.69,0.326420
1240.29,0.973592
1242.86,1.00000
1245.49,0.981125
1248.06,1.32262
1250.63,0.00000
1253.23,0.632058
1255.79,0.637714
1258.36,1.32259
1260.96,0.305645
1263.56,0.977304
1266.13,2.68096
1268.73,0.990497
1271.30,1.33386
1273.90,0.973504
1276.47,0.641452
1279.00,1.30176
1281.64,0.00000
1284.20,1.30740
1286.80,2.32237
1289.37,1.66583
1291.94,0.637652
1294.54,0.971563
1297.14,0.282978
1299.71,1.63749
1302.31,0.641407
1304.88,0.637630
1307.44,0.279197
1310.04,0.620643
1312.65,1.66950
1315.21,0.00000
1317.81,0.630062
1320.35,0.277301
1322.95,0.963944
1325.55,1.31858
1328.12,1.32422
1330.72,0.292384
1333.28,1.64300
1335.89,2.02214
1338.49,0.637572
1341.05,0.618705
1343.58,1.66181
1346.22,0.971429
1348.79,3.02744
1351.35,1.33923
1353.99,0.639432
1356.52,0.279160
1359.16,0.965736
1361.69,0.969502
1364.29,1.65795
1366.90,1.64851
1369.46,0.00000
1372.03,1.29766
1374.63,0.971354
1377.23,1.31839
1379.80,0.969455
1382.36,0.616750
1384.93,1.65597
1387.53,2.31797
1390.14,1.00526
1392.70,1.29193
1395.30,0.00000
1397.87,0.622382
1400.47,1.64270
1403.04,0.641234
1405.64,0.629913
1408.21,0.622365
1410.77,0.967488
1413.37,2.34987
1415.94,0.290431
1418.58,0.969354
1421.11,1.32012
1423.71,0.00000
1426.28,1.31256
1428.88,0.620445
1431.48,0.633641
1434.05,0.956113
1436.61,1.99519
1439.22,1.31252
1441.82,1.99893
1444.38,0.976830
1446.95,0.626072
1449.52,0.00000
1452.12,0.610978
1454.72,1.32378
1457.29,2.70788
1459.89,1.63490
1462.46,0.639246
1465.06,1.32562
1467.62,2.75117
1470.19,2.11569
1472.79,1.34822
1475.36,1.01069
1477.96,0.972971
1480.56,1.72720
1483.13,0.373344
1485.73,0.620351
1488.26,0.971059
1490.86,1.31233
1493.43,0.946534
1496.07,0.642960
1498.63,2.50017
1501.20,0.301678
1503.80,1.37640
1506.37,0.354466
1508.97,2.20032
1511.54,0.312982
1514.10,0.714575
1516.71,1.46873
1519.31,0.292236
1521.87,1.12557
1524.48,0.641025
1527.04,0.346905
1529.61,0.618392
1532.21,2.64889
1534.78,0.654205
1537.38,1.51767
1539.95,1.74578
1542.55,1.83438
1545.15,1.65903
1547.72,1.01427
1550.32,0.780489
1552.85,0.00000
1555.45,1.75702
1558.02,1.41956
1560.65,1.05382
1563.22,0.297857
1565.79,0.974628
1568.39,1.12543
1570.96,0.991581
1573.56,0.625860
1576.12,0.708801
1578.73,1.72109
1581.29,2.05474
1583.86,0.307266
1586.46,0.972689
1589.06,1.65130
1591.63,0.307260
1594.16,0.627711
1596.80,1.64372
1599.36,1.32326
1601.96,0.648433
1604.53,1.65312
1607.10,2.02444
1609.74,0.637110
1612.30,0.295933
1614.87,0.278967
1617.47,0.290275
1620.04,1.98479
1622.60,0.993329
1625.20,0.985783
1627.81,1.30809
1630.37,1.67562
1632.97,1.34765
1635.51,2.34282
1638.14,0.985749
1640.71,0.305335
1643.28,0.976312
1645.88,1.99596
1648.44,0.993261
1651.05,0.00000
1653.65,0.980054
1656.21,1.32872
1658.78,1.64911
1661.38,1.35132
1663.95,0.637017
1666.55,1.33057
1669.15,1.31736
1671.68,1.67355
1674.32,1.33242
1676.85,1.32488
1679.45,2.01840
1682.06,1.00071
1684.62,0.646405
1687.19,2.00893
1689.79,1.67347
1692.39,0.663353
1694.99,0.303406
1697.53,0.989362
1700.09,0.312825
1702.69,2.00885
1705.30,0.309051
1707.86,1.31911
1710.46,1.68280
1713.03,0.316583
1715.63,0.299621
1718.20,0.991192
1720.80,0.981763
1723.37,1.67520
1725.93,1.00059
1728.54,1.33788
1731.14,2.37803
1733.74,1.32844
1736.27,0.322216
1738.87,0.290181
1741.44,0.987362
1744.00,2.69450
1746.64,1.35101
1749.21,1.68828
1751.81,1.00429
1754.38,0.305243
1756.98,0.989206
1759.55,2.02362
1762.11,1.00050
1764.68,2.37781
1767.28,2.02358
1769.88,1.69761
1772.45,0.634950
1775.05,1.32265
1777.62,0.00000
1780.18,1.65611
1782.78,2.03668
1785.35,0.974059
1787.95,1.33014
1790.52,1.68244
1793.12,0.308979
1795.72,0.981568
1798.29,1.30938
1800.89,0.649974
1803.42,0.987199
1806.02,1.65600
1808.59,1.70120
1811.23,2.01580
1813.79,1.35265
1816.40,0.293889
1818.96,0.985275
1821.53,0.987152
1824.13,0.983378
1826.70,1.67286
1829.26,0.987132
1831.87,2.02323
1834.47,0.651799
1837.03,2.69007
1839.64,0.327779
1842.20,0.648019
1844.77,2.00056
1847.37,0.318354
1849.94,0.981427
1852.57,1.34309
1855.11,0.291975
1857.71,0.977639
1860.31,1.33365
1862.88,0.655518
1865.48,0.634793
1868.01,1.33551
1870.61,2.35077
1873.21,0.670569
1875.78,1.31852
1878.38,0.00000
1880.95,0.629116
1883.55,0.646064
1886.12,0.644176
1888.72,0.00000
1891.28,0.00000
1893.89,0.291945
1896.45,1.31657
1899.02,0.318310
1901.66,0.290056
1904.22,1.31278
1906.79,1.33725
1909.36,1.33913
1911.96,1.66307
1914.52,0.647894
1917.13,2.00394
1919.69,0.992545
1922.26,2.00391
1924.90,1.33342
1927.46,0.645989
1930.06,0.984985
1932.63,0.282498
1935.20,0.636559
1937.80,2.33529
1940.37,0.00000
1942.97,2.35221
1945.53,0.984944
1948.14,0.973638
1950.67,0.979281
1953.30,0.981158
1955.87,1.31071
1958.44,0.999977
1961.04,0.977371
1963.60,0.293774
1966.24,0.981124
1968.81,0.297537
1971.38,0.627083
1973.94,0.640260
1976.54,0.966033
1979.11,0.979208
1981.71,1.67782
1984.31,0.644009
1986.84,0.981071
1989.48,0.634585
1992.01,0.301284
1994.61,1.31623
1997.22,1.67587
1999.75,1.00928
2002.38,2.02608
2004.95,0.660920
2007.55,1.33125
2010.12,0.647731
2012.69,1.70405
2015.25,1.02430
2017.85,1.06760
2020.46,0.715497
2023.06,0.642060
2025.62,1.79625
2028.19,0.681591
2030.79,2.00522
2033.36,1.80374
2035.93,0.662749
2038.53,0.632620
2041.09,1.69827
2043.70,1.76604
2046.30,1.88276
2048.90,1.35558
2051.43,1.09952
2054.03,1.74528
2056.60,1.01666
2059.20,1.34989
2061.80,0.640112
2064.37,0.982753
2066.97,0.303107
2069.54,0.641981
2072.14,1.33667
2074.71,1.32160
2077.27,1.02037
2079.84,1.73951
2082.44,1.34040
2085.04,0.655133
2087.64,0.00000
2090.21,1.38743
2092.78,1.69616
2095.34,1.35165
2097.95,1.33846
2100.51,1.00148
2103.11,1.06360
2105.68,1.67727
2108.28,2.12905
2110.88,1.07299
2113.45,1.00145
2116.05,1.69229
2118.58,0.323773
2121.19,0.997665
2123.79,2.44332
2126.39,1.01459
2128.96,1.00141
2131.52,0.982579
2134.12,0.00000
2136.69,0.00000
2139.29,1.33078
2141.86,0.995728
2144.46,1.01266
2147.03,1.67144
2149.63,0.668197
2152.23,0.636194
2154.80,1.33073
2157.36,2.37534
2159.93,1.69021
2162.53,1.00508
2165.10,2.35271
2167.74,1.70523
2170.27,1.68640
2172.87,0.00000
2175.47,0.297374
2178.04,1.32312
2180.64,1.69953
2183.17,1.01068
2185.77,1.34191
2188.37,1.68632
2190.94,2.39772
2193.54,0.997475
2196.11,2.71763
2198.71,1.02381
2201.28,2.73265
2203.88,1.00498
2206.44,0.658687
2209.05,3.05441
2211.61,0.00000
2214.18,0.982365
2216.82,0.316161
2219.38,1.33615
2221.95,1.68617
2224.52,0.325564
2227.12,0.984213
2229.68,1.01243
2232.29,1.35116
2234.85,2.37862
2237.45,0.679333
2240.06,1.33796
2242.62,1.35677
2245.22,1.66913
2247.79,1.01991
2250.36,1.00297
2252.96,1.68603
2255.53,1.01425
2258.13,1.68037
2260.69,1.36423
2263.30,1.68411
2265.86,0.664229
2268.46,1.33409
2271.03,0.319880
2273.60,1.67653
2276.20,1.02172
2278.77,0.00000
2281.40,1.69155
2283.97,0.985948
2286.54,1.68588
2289.10,0.677360
2291.67,0.00000
2294.27,1.68773
2296.87,1.34528
2299.47,2.38198
2302.04,1.37349
2304.64,1.69333
2307.21,1.35089
2309.78,0.650983
2312.38,0.667911
2314.91,0.997157
2317.55,1.70080
2320.11,0.995262
2322.71,0.667893
2325.28,0.304783
2327.88,0.997123
2330.45,0.314186
2333.01,1.33199
2335.62,1.69696
2338.22,0.664103
2340.78,2.37044
2343.35,0.664094
2345.95,0.995194
2348.56,1.67620
2351.09,0.00000
2353.69,2.71086
2356.25,1.71003
2358.89,1.00457
2361.46,0.639607
2364.06,0.985741
2366.63,1.35068
2369.19,1.00078
2371.76,0.302865
2374.36,0.968784
2376.96,0.660274
2379.53,0.306621
2382.13,1.65536
2384.70,1.37131
2387.30,0.987562
2389.87,0.993199
2392.43,2.38140
2395.03,2.75947
2397.60,0.648952
2400.20,3.07168
2402.80,0.334817
2405.37,1.68536
2407.94,2.03145
2410.50,0.675263
2413.11,0.656449
2415.71,0.652683
2418.27,1.35614
2420.84,1.35237
2423.48,1.34860
2426.04,1.70408
2428.61,1.36175
2431.21,0.304698
2433.74,1.67395
2436.35,1.02881
2438.95,0.308454
2441.55,0.981780
2444.12,0.996819
2446.68,0.00000
2449.28,0.287757
2451.85,1.33722
2454.45,0.989269
2457.02,0.300916
2459.62,0.996779
2462.19,1.67571
2464.79,1.33341
2467.39,1.34656
2469.96,1.67567
2472.52,0.00000
2475.09,1.66248
2477.69,0.658219
2480.29,1.66622
2482.86,1.01552
2485.43,3.05596
2488.03,1.35966
2490.63,1.67934
2493.20,0.652551
2495.80,0.970357
2498.33,1.33329
2500.93,2.73614
2503.53,1.00043
2506.10,2.02905
2508.74,1.69995
2511.27,1.69618
2513.87,1.00228
2516.44,0.994750
2519.04,0.644985
2521.60,0.981574
2524.21,1.68484
2526.77,1.35388
2529.34,2.01576
2531.98,0.660006
2534.54,1.67351
2537.11,1.68102
2539.68,0.315894
2542.28,2.01381
2544.88,0.661864
2547.45,0.975867
2550.01,2.02129
2552.61,0.656210
2555.22,0.00000
2557.78,0.00000
2560.39,1.31051
2562.95,0.656192
2565.52,0.00000
2568.12,0.972054
2570.69,0.646778
2573.32,1.33115
2575.85,1.68649
2578.46,0.656166
2581.02,0.293299
2583.62,0.639236
2586.19,3.04575
2588.76,1.03216
2591.36,0.297051
2593.93,2.01166
2596.56,0.319607
2599.13,1.33670
2601.70,1.34233
2604.26,1.00204
2606.83,1.33291
2609.47,0.988869
2612.03,2.01344
2614.63,0.656104
2617.20,2.03222
2619.80,0.992602
2622.37,0.992596
2624.94,1.65995
2627.54,1.00574
2630.10,0.642918
2632.71,1.66932
2635.27,0.308296
2637.87,0.285736
2640.44,1.31212
2643.01,0.00000
2645.61,0.635373
2648.18,0.631609
2650.78,1.69180
2653.38,0.973718
2655.95,0.981231
2658.55,0.642871
2661.11,2.36846
2663.72,1.68986
2666.28,1.34023
2668.85,0.979318
2671.41,1.00375
2674.05,1.65974
2676.62,2.05070
2679.22,1.33642
2681.79,0.655989
2684.35,1.32701
2686.92,0.994309
2689.52,0.979265
2692.12,3.07499
2694.69,0.00000
2697.29,0.289451
2699.86,0.291328
2702.46,2.01297
2705.06,0.661588
2707.59,2.02046
2710.20,1.35887
2712.76,1.34382
2715.36,0.996115
2717.97,2.04672
2720.53,0.319504
2723.13,0.295070
2725.70,0.986691
2728.27,2.04854
2730.87,1.00547
2733.43,0.654022
2736.00,2.03159
2738.60,1.70457
2741.21,2.74195
2743.77,1.70079
2746.37,0.00000
2748.90,0.973476
2751.54,1.00354
2754.11,0.648349
2756.71,1.70637
2759.28,0.652099
2761.84,1.36057
2764.44,1.68190
2767.05,2.04458
2769.61,1.36242
2772.18,0.644560
2774.78,1.74575
2777.35,1.09179
2779.95,0.308180
2782.55,2.03510
2785.12,0.295022
2787.72,0.644534
2790.25,0.625739
2792.85,0.990277
2795.45,0.291256
2798.02,0.978989
2800.59,0.646392
2803.19,0.704638
2805.79,2.03310
2808.36,1.07103
2810.96,0.655769
2813.49,2.04997
2816.13,1.33971
2818.69,0.00000
2821.26,0.287479
2823.90,0.296871
2826.43,1.04092
2829.03,0.995821
2831.60,0.702707
2834.20,0.986413
2836.77,0.990165
2839.37,0.00000
2841.93,0.627534
2844.54,1.42979
2847.14,0.294975
2849.70,0.373883
2852.27,0.995761
2854.84,0.638786
2857.44,1.32641
2860.04,2.15869
2862.61,0.392658
2865.17,1.07276
2867.78,0.00000
2870.38,2.02149
2872.94,1.01262
2875.55,2.37653
2878.11,1.05018
2880.68,1.69079
2883.28,2.03645
2885.85,2.40277
2888.48,1.68888
2891.01,0.319363
2893.62,1.68134
2896.18,1.37324
2898.75,1.00128
2901.39,0.300569
2903.92,1.33564
2906.52,1.70383
2909.12,1.33938
2911.72,0.653720
2914.29,0.995601
2916.86,1.35626
2919.42,1.00122
2921.99,0.993703
2924.63,0.302429
2927.19,1.34496
2929.80,0.308060
2932.36,0.989919
2934.96,0.651802
2937.53,2.03241
2940.10,2.40431
2942.70,0.649911
2945.26,1.00867
2947.87,0.651780
2950.43,1.68297
2953.03,1.33172
2955.60,0.317431
2958.17,2.03230
2960.77,0.661150
2963.34,0.642363
2965.97,0.640481
2968.54,1.34481
2971.11,0.649863
2973.71,2.72340
2976.27,1.69789
2978.88,0.00000
2981.44,2.00776
2984.01,0.653598
2986.58,1.32972
2989.21,0.982262
2991.78,2.20867
2994.35,0.00000
2996.95,1.39354
2999.51,1.06675
3002.12,1.42170
3004.68,1.05547
3007.28,1.32778
3009.85,0.651676
3012.45,1.14371
3015.02,0.723032
3017.62,0.289211
3020.22,1.51365
3022.75,0.980299
3025.36,1.95119
3027.92,2.09390
3030.52,0.307980
3033.13,0.356804
3035.69,2.16898
3038.29,2.27976
3040.86,1.06664
3043.43,0.732368
3046.03,1.06099
3048.60,0.645978
3051.20,0.730475
3053.76,2.38107
3056.37,1.76514
3058.97,0.664738
3061.53,0.653467
3064.06,0.649707
3066.70,0.405595
3069.27,2.21573
3071.87,0.655327
3074.44,0.655323
3077.00,0.649686
3079.60,2.57056
3082.21,1.56035
3084.77,1.62794
3087.34,0.300425
3089.94,1.84948
3092.51,1.00641
3095.11,0.813008
3097.71,2.02030
3100.28,1.94331
3102.88,0.799849
3105.41,0.702210
3108.01,1.11151
3110.61,2.14040
3113.18,1.10586
3115.78,0.647743
3118.35,1.08895
3120.95,1.43628
3123.55,2.45011
3126.12,2.05583
3128.65,0.670251
3131.29,0.306023
3133.85,0.651468
3136.42,0.00000
3139.06,0.645827
3141.59,1.35172
3144.23,0.668347
3146.76,0.302256
3149.36,0.647687
3151.96,0.657070
3154.49,0.304127
3157.09,0.292861
3159.70,1.69145
3162.30,1.01186
3164.86,0.994958
3167.43,1.00434
3170.00,0.305993
3172.60,0.643894
3175.20,0.645767
3177.77,0.300355
3180.37,0.994918
3182.94,0.996789
3185.54,0.647627
3188.10,0.981758
3190.71,1.35343
3193.27,1.34779
3195.84,2.38208
3198.44,1.01177
3201.01,0.292828
3203.64,2.38578
3206.18,1.00236
3208.78,0.994846
3211.34,1.71375
3213.91,1.68371
3216.55,1.35334
3219.08,1.00420
3221.68,1.00232
3224.28,1.70243
3226.88,0.658820
3229.45,0.996670
3232.02,2.73848
3234.58,1.72866
3237.19,1.72865
3239.79,1.00978
3242.35,0.651286
3244.96,0.307811
3247.52,0.00000
3250.09,0.992863
3252.69,2.06079
3255.26,0.320940
3257.86,0.311554
3260.43,0.647502
3263.03,1.34192
3265.63,1.03224
3268.20,0.302162
3270.76,0.643732
3273.33,2.05129
3275.93,0.326553
3278.50,0.304031
3281.13,2.72687
3283.70,1.03594
3286.27,2.40217
3288.87,3.45497
3291.43,0.345307
3294.04,0.994628
3296.60,1.34555
3299.17,0.668081
3301.77,0.300259
3304.37,1.00023
3306.94,1.35678
3309.51,0.994589
3312.11,0.664306
3314.67,0.304002
3317.28,0.990816
3319.84,0.309628
3322.44,0.643647
3325.01,1.35296
3327.61,2.73593
3330.22,1.03394
3332.78,0.300235
3335.38,0.990770
3337.91,0.656756
3340.52,2.05282
3343.08,1.70942
3345.68,0.656743
3348.29,0.992614
3350.85,2.74327
3353.45,0.328365
3356.02,0.996347
3358.62,1.00009
3361.19,2.40546
3363.76,0.320851
3366.36,1.69994
3368.92,1.34718
3371.53,0.315216
3374.13,0.637933
3376.69,0.307707
3379.23,0.634172
3381.86,0.994404
3384.43,1.35463
3387.03,0.998144
3389.60,0.00000
3392.16,0.981245
3394.80,1.35835
3397.37,1.36209
3399.93,2.03750
3402.50,0.682914
3405.10,0.656643
3407.67,0.641630
3410.27,1.00371
3412.87,0.651002
3415.44,0.996195
3418.04,1.35264
3420.57,1.00744
3423.21,1.01494
3425.78,2.05612
3428.34,0.309542
3430.94,0.300160
3433.51,0.643464
3436.11,0.662219
3438.71,1.33756
3441.28,0.665962
3443.81,0.990495
3446.41,1.01488
3449.02,1.00924
3451.62,0.652813
3454.18,1.69205
3456.75,1.38064
3459.39,0.649049
3461.92,1.34311
3464.52,1.01858
3467.12,3.11387
3469.65,1.01294
3472.25,1.00355
3474.86,1.35807
3477.46,0.660273
3480.03,0.992279
3482.59,0.656513
3485.16,1.69567
3487.76,1.00727
3490.36,1.36177
3492.93,1.71252
3495.53,0.296359
3498.10,0.658363
3500.70,0.984724
3503.26,0.662106
3505.83,0.992214
3508.43,1.00159
3511.00,1.34482
3513.60,1.70305
3516.20,1.00907
3518.81,1.01656
3521.34,1.70114
3523.94,0.665822
3526.50,1.32976
3529.07,0.316965
3531.71,2.40629
3534.24,1.68795
3536.88,1.02965
3539.44,1.01463
3542.01,1.00150
3544.61,1.34283
3547.18,1.35219
3549.74,2.04985
3552.35,0.318821
3554.95,0.988339
3557.51,2.04981
3560.12,0.316940
3562.68,1.34089
3565.25,1.35963
3567.85,0.995808
3570.42,2.04786
3573.02,1.38586
3575.59,1.33709
3578.19,1.36146
3580.79,1.00328
3583.36,0.301919
3585.92,2.03466
3588.49,0.673213
3591.09,0.995749
3593.66,2.40028
3596.29,2.42277
3598.86,0.324409
3601.43,1.01822
3604.03,0.980715
3606.60,1.01259
3609.20,0.652551
3611.76,1.00882
3614.33,0.00000
3616.93,0.652538
3619.53,0.993802
3622.10,1.00130
3624.67,1.00504
3627.27,0.00000
3629.83,0.00000
3632.44,2.04566
3635.00,1.00501
3637.61,1.02001
3640.17,1.00312
3642.77,1.69499
3645.38,0.674991
3647.94,2.40745
3650.54,2.13932
3653.07,1.06309
3655.68,0.307488
3658.28,0.774339
3660.84,1.77553
3663.45,1.85801
3666.01,1.97799
3668.62,1.85049
3671.18,0.669322
3673.78,0.663693
3676.35,1.49424
3678.92,1.94043
3681.52,0.00000
3684.08,1.01426
3686.69,0.731163
3689.29,0.731159
3691.85,0.738653
3694.42,0.299959
3697.02,0.305581
3699.59,2.27028
3702.19,1.10795
3704.76,1.28604
3707.32,0.671135
3709.96,1.86717
3712.53,1.44911
3715.09,2.31706
3717.66,0.776097
3720.26,1.43783
3722.86,1.02916
3725.43,0.751712
3728.03,0.997277
3730.60,1.37593
3733.20,0.324298
3735.73,2.41066
3738.37,0.329918
3740.94,0.401147
3743.50,1.00099
3746.10,0.401142
3748.67,1.34963
3751.31,2.31685
3753.87,1.35711
3756.44,0.393634
3759.01,1.36646
3761.57,0.00000
3764.18,0.710401
3766.78,0.00000
3769.34,0.648537
3771.91,0.659779
3774.55,1.06089
3777.08,0.343006
3779.68,0.682258
3782.28,1.38325
3784.81,0.661632
3787.45,2.06173
3790.02,0.331749
3792.62,0.654122
3795.19,2.06919
3797.75,1.73556
3800.32,1.02896
3802.92,0.669098
3805.52,1.01395
3808.09,1.72989
3810.69,0.00000
3813.26,0.659710
3815.86,2.40268
3818.43,1.74296
3820.99,2.06905
3823.59,1.38685
3826.16,2.08027
3828.76,1.01389
3831.36,0.674672
3833.97,1.01200
3836.50,1.36619
3839.10,0.00000
3841.66,0.305469
3844.27,0.00000
3846.87,0.995103
3849.40,1.73158
3852.04,1.00821
3854.60,0.00000
3857.17,0.296087
3859.77,2.05760
3862.34,0.320444
3864.90,1.00630
3867.51,1.36234
3870.11,1.01566
3872.71,1.00253
3875.28,1.00627
3877.84,0.00000
3880.41,0.995018
3883.01,1.01188
3885.58,1.36415
3888.18,0.307307
3890.75,0.00000
3893.35,2.06118
3895.95,1.35849
3898.52,1.37535
3901.08,1.01370
3903.65,1.01370
3906.25,0.294176
3908.85,1.00432
3911.45,1.01555
3914.02,0.993060
3916.59,1.36779
3919.19,0.653912
3921.76,1.01365
3924.36,1.35840
3926.92,0.642658
3929.53,2.75236
3932.09,1.37523
3934.69,1.72371
3937.30,1.01736
3939.83,1.00798
3942.43,0.303517
3945.00,1.35083
3947.60,0.650118
3950.16,0.661355
3952.77,0.998584
3955.33,0.998577
3957.90,1.71050
3960.54,1.34703
3963.10,1.71797
3965.70,0.00000
3968.24,0.288510
3970.84,0.636966
3973.44,1.34324
3976.01,1.72353
3978.61,1.35634
3981.17,0.659430
3983.78,0.655679
3986.34,1.00037
3988.94,0.651924
3991.51,0.653793
3994.11,1.34130
3996.68,0.661278
3999.25,0.636921
4001.88,0.642536
4004.45,1.37311
4007.02,0.992827
4009.58,2.73869
4012.18,1.73462
4014.75,1.69901
4017.35,1.72523
4019.92,1.00965
4022.52,0.998408
4025.12,1.35056
4027.69,0.297833
4030.29,0.638744
4032.82,1.00775
4035.42,1.32992
4038.03,0.00000
4040.59,1.69141
4043.19,1.00210
4045.76,2.05476
4048.36,0.649953
4050.93,0.648076
4053.49,0.994584
4056.10,2.03785
4058.66,1.00581
4061.26,0.998311
4063.83,1.69693
4066.47,1.38226
4069.04,1.70440
4071.60,0.646169
4074.17,0.649911
4076.73,1.34102
4079.34,1.00388
4081.94,2.40106
4084.50,1.37283
4087.11,1.00948
4089.71,1.36158
4092.27,0.648008
4094.84,1.34470
4097.44,1.00758
4099.97,0.00000
4102.61,0.297777
4105.18,0.00000
4107.78,0.649856
4110.35,0.00000
4112.91,0.988817
4115.51,0.299640
4118.08,1.00379
4120.68,2.05625
4123.25,1.02250
4125.85,2.07121
4128.42,0.672294
4131.02,0.301501
4133.62,1.36330
4136.15,1.01123
4138.75,0.655423
4141.32,1.36514
4143.96,2.05800
4146.52,0.679754
4149.09,0.293997
4151.69,0.649784
4154.26,2.05420
4156.83,0.329569
4159.43,0.988702
4162.03,0.664748
4164.56,1.01490
4167.20,1.01302
4169.76,1.71333
4172.37,1.01114
4174.93,0.660981
4177.46,0.297721
4180.10,0.659100
4182.67,0.00000
4185.27,0.640367
4187.87,1.02233
4190.44,1.35187
4193.00,1.39118
4195.57,1.69075
4198.17,0.720858
4200.74,1.02605
4203.34,1.41549
4205.91,1.43420
4208.51,0.657181
4211.11,1.10278
4213.68,1.72063
4216.24,1.78989
4218.81,1.52589
4221.41,1.03161
4224.01,1.71871
4226.62,1.45285
4229.18,1.79920
4231.75,0.668376
4234.35,0.659010
4236.92,0.301420
4239.52,1.78792
4242.08,1.51832
4244.69,0.662738
4247.25,1.35917
4249.85,1.73920
4252.46,1.71110
4254.99,1.03527
4257.59,1.02216
4260.16,1.71107
4262.76,1.74850
4265.36,0.746945
4267.93,0.673931
4270.49,2.51038
4273.09,0.336961
4275.70,1.44892
4278.26,1.37965
4280.86,0.760020
4283.40,0.760015
4286.00,0.664541
4288.60,0.664537
4291.17,0.316355
4293.77,1.00896
4296.33,0.681371
4298.94,0.655160
4301.50,1.08381
4304.10,0.671998
4306.67,1.78387
4309.24,0.331315
4311.84,0.00000
4314.41,1.37953
4317.04,1.39636
4319.61,1.06505
4322.18,1.02948
4324.74,1.02198
4327.34,0.660729
4329.95,0.666340
4332.51,1.01448
4335.08,1.01447
4337.68,1.03318
4340.28,1.72570
4342.85,1.38130
4345.45,1.36819
4347.98,0.316310
4350.58,0.656947
4353.19,2.08687
4355.75,1.37938
4358.39,1.01815
4360.92,0.323786
4363.52,1.34567
4366.09,2.45924
4368.66,1.03497
4371.26,1.01999
4373.82,1.35499
4376.43,0.694335
4378.99,2.06053
4381.63,1.38678
4384.20,0.683093
4386.76,0.658759
4389.33,1.00123
4391.89,0.320018
4394.53,1.37364
4397.10,1.00121
4399.67,2.44968
4402.27,1.37735
4404.83,2.08660
4407.44,2.09033
4410.00,1.02925
4412.60,1.38293
4415.17,1.01988
4417.77,0.653094
4420.34,1.01800
4422.94,0.314379
4425.51,1.01050
4428.07,1.36978
4430.67,1.02920
4433.24,0.660554
4435.84,1.02544
4438.41,1.36787
4441.01,1.02169
4443.58,1.01981
4446.18,1.02167
4448.78,0.316230
4451.35,1.37157
4453.91,1.01604
4456.48,2.44933
4459.12,0.323707
4461.69,1.72331
4464.25,0.316218
4466.85,0.316216
4469.42,1.72889
4471.99,0.662361
4474.59,1.71577
4477.19,1.75505
4479.76,0.306851
4482.36,0.654860
4484.92,0.660469
4487.53,0.656723
4490.13,1.72693
4492.62,0.310583
4495.26,1.36581
4497.83,1.03838
4500.43,0.654830
4503.03,1.02153
4505.60,1.35642
4508.20,1.38447
4510.77,1.72122
4513.33,2.46957
4515.93,1.73430
4518.50,0.656672
4521.07,0.660409
4523.67,0.656663
4526.27,0.675367
4528.84,2.43393
4531.44,1.37691
4533.97,1.37129
4536.61,0.323644
4539.17,1.35817
4541.78,0.665988
4544.34,1.72856
4546.91,0.677203
4549.51,1.01393
4552.11,0.667841
4554.68,1.37496
4557.25,1.72477
4559.85,1.03822
4562.41,1.01015
4565.02,0.323621
4567.62,1.70602
4570.15,1.03071
4572.75,0.673419
4575.32,1.00451
4577.92,1.38797
4580.52,1.02507
4583.09,0.658437
4585.65,1.01758
4588.26,1.37484
4590.86,1.01756
4593.42,2.08375
4596.03,0.323596
4598.56,0.316112
4601.19,0.00000
4603.76,1.72644
4606.33,1.01378
4608.93,1.02313
4611.49,1.00442
4614.10,1.01751
4616.66,0.654641
4619.27,0.297392
4621.83,1.00813
4624.40,0.650888
4627.00,1.72447
4629.60,1.00250
4632.20,1.38217
4634.77,0.299251
4637.34,1.00997
4639.90,1.00809
4642.50,1.01369
4645.11,2.06852
4647.67,1.03051
4650.24,0.652716
4652.84,0.306719
4655.44,1.70938
4658.01,0.671406
4660.58,0.314193
4663.14,0.996810
4665.74,0.669523
4668.35,0.660168
4670.91,0.304835
4673.55,1.37081
4676.08,2.42555
4678.68,1.39511
4681.25,1.02295
4683.82,0.00000
4686.45,2.07953
4688.98,0.310431
4691.59,1.02105
4694.19,0.663865
4696.75,2.78635
4699.36,0.676947
4701.92,1.02850
4704.49,1.00606
4707.06,1.37818
4709.69,0.675060
4712.26,0.301064
4714.83,1.02099
4717.43,1.01911
4719.99,1.02098
4722.60,1.02658
4725.16,2.78989
4727.76,1.39494
4730.33,1.02469
4732.93,1.73523
4735.50,0.676886
4738.10,0.661923
4740.67,1.38554
4743.23,2.08110
4745.84,1.03400
4748.40,0.00000
4751.04,1.00594
4753.57,1.38737
4756.17,0.308510
4758.77,0.658150
4761.34,0.314115
4763.94,1.37611
4766.51,0.00000
4769.08,0.658133
4771.64,0.302889
4774.28,1.36486
4776.85,2.08654
4779.41,1.38354
4782.01,0.674939
4784.58,1.02829
4787.18,1.00585
4789.75,0.321571
4792.35,1.01145
4794.92,0.00000
4797.52,2.40613
4800.08,0.00000
4802.69,0.295387
4805.25,1.38345
4807.82,1.36849
4810.42,1.73116
4812.99,0.674887
4815.59,1.71805
4818.19,1.03382
4820.72,0.671135
4823.36,1.01698
4825.93,0.671127
4828.49,1.00949
4831.09,1.37028
4833.66,2.07129
4836.23,1.75909
4838.83,1.02442
4841.43,0.00000
4844.00,1.71419
4846.60,0.671092
4849.13,0.667349
4851.77,0.672953
4854.33,1.71041
4856.94,0.676683
4859.50,1.01502
4862.07,0.667328
4864.67,1.02435
4867.27,1.02808
4869.84,2.79637
4872.41,2.11222
4875.01,1.04115
4877.57,1.04114
4880.18,0.308415
4882.78,1.02431
4885.31,0.676636
4887.95,0.315886
4890.48,0.310276
4893.08,0.317751
4895.68,1.00371
4898.25,1.39248
4900.85,1.74947
4903.42,1.37751
4906.02,2.42418
4908.62,1.05041
4911.19,0.328951
4913.72,1.70642
4916.32,0.343899
4918.92,0.661627
4921.49,1.71760
4924.09,1.74376
4926.66,1.75122
4929.29,0.676562
4931.82,0.672820
4934.43,1.00922
4936.99,0.325192
4939.56,0.661594
4942.16,1.73060
4944.76,0.332661
4947.36,1.36801
4949.93,0.325182
4952.50,0.302754
4955.06,1.43900
4957.67,0.689596
4960.27,1.46889
4962.83,1.38478
4965.44,1.18668
4968.00,1.39411
4970.60,2.17898
4973.17,1.75289
4975.74,0.317686
4978.30,0.312078
4980.90,0.749356
4983.51,1.45385
4986.07,1.02591
4988.71,0.668988
4991.24,1.52110
4993.84,1.38468
4996.41,1.81632
4998.98,0.315799
5001.61,0.00000
5004.14,2.16198
5006.75,2.81224
5009.35,0.317660
5011.91,0.300841
5014.52,0.749294
5017.08,1.71907
5019.65,1.04078
5022.25,1.45558
5024.85,1.74333
5027.42,1.12110
5030.02,0.764213
5032.59,0.00000
5035.15,1.45741
5037.76,0.319506
5040.32,0.298951
5042.92,0.732426
5045.49,1.03324
5048.09,0.667022
5050.69,1.01454
5053.26,0.655803
5055.83,0.375543
5058.39,0.771633
5061.00,1.75999
5063.56,1.37136
5066.20,0.308274
5068.73,1.37134
5071.33,1.39562
5073.93,1.38627
5076.50,1.01821
5079.10,0.310132
5081.67,1.02007
5084.24,1.71692
5086.84,1.01071
5089.44,1.02192
5092.01,1.01444
5094.57,0.666946
5097.17,0.999478
5099.74,0.319457
5102.34,0.00000
5104.91,0.651984
5107.51,0.302638
5110.08,1.01252
5112.68,0.665048
5115.28,0.642627
5117.85,0.315707
5120.41,0.300761
5122.98,1.70741
5125.58,0.313833
5128.15,1.71486
5130.75,1.38047
5133.35,0.661278
5135.88,0.644462
5138.52,1.00685
5141.09,1.75404
5143.69,0.651922
5146.26,1.36921
5148.82,1.01056
5151.42,2.07714
5153.99,1.39347
5156.59,2.46564
5159.16,0.679915
5161.76,0.655629
5164.29,1.75394
5166.93,1.06842
5169.50,0.691105
5172.10,2.45061
5174.66,1.51107
5177.23,1.07586
5179.87,0.720973
5182.43,0.287640
5185.00,0.369821
5187.57,0.713488
5190.17,0.730293
5192.73,1.34664
5195.34,2.24875
5197.94,0.737750
5200.50,0.732142
5203.11,1.91999
5205.64,0.655558
5208.24,0.995471
5210.84,1.10752
5213.41,0.739590
5216.01,1.09630
5218.58,0.295085
5221.18,0.984234
5223.78,1.19713
5226.35,0.283874
5228.88,0.989818
5231.48,1.00475
5234.08,0.291339
5236.68,0.995401
5239.25,1.34836
5241.82,1.80963
5244.45,0.747004
5246.98,0.289462
5249.59,0.995370
5252.15,0.302531
5254.72,0.648009
5257.32,0.746980
5259.92,0.989742
5262.52,0.00000
5265.09,2.94305
5267.66,1.47338
5270.22,0.741354
5272.83,0.644246
5275.43,0.371606
5277.99,0.987831
5280.60,0.726397
5283.16,1.43224
5285.76,1.00088
5288.33,1.10358
5290.90,0.687165
5293.50,1.35191
5296.07,0.311835
5298.67,1.04006
5301.27,1.01952
5303.84,0.291289
5306.40,0.997099
5309.00,0.336099
5311.57,0.642318
5314.14,2.06325
5316.77,0.688989
5319.31,0.291278
5321.94,0.640434
5324.51,1.00639
5327.08,1.37421
5329.68,0.295005
5332.21,0.289402
5334.81,0.655351
5337.41,1.00823
5340.01,1.35549
5342.58,2.09298
5345.18,1.38348
5347.75,2.07428
5350.31,2.10414
5352.92,1.73446
5355.48,2.45697
5358.08,0.309920
5360.65,1.70268
5363.25,1.39836
5365.86,2.09472
5368.42,0.662765
5370.99,1.01934
5373.55,1.00814
5376.16,1.37591
5378.72,0.662748
5381.36,0.304302
5383.89,0.00000
5386.49,1.35534
5389.10,1.40200
5391.66,0.00000
5394.26,2.43247
5396.83,0.317358
5399.40,0.662715
5402.00,0.649643
5404.60,1.01553
5407.17,1.36647
5409.73,0.317348
5412.33,1.71367
5414.90,1.37765
5417.50,0.677619
5420.07,0.657081
5422.67,1.01362
5425.24,0.315470
5427.80,1.01174
5430.44,1.02480
5433.01,0.671994
5435.57,0.658923
5438.14,2.08502
5440.74,0.685047
5443.34,1.03223
5445.91,0.653307
5448.51,1.36820
5451.08,1.02475
5453.68,1.39245
5456.25,0.00000
5458.85,0.643953
5461.42,0.675680
5463.98,0.291175
5466.58,1.01911
5469.15,1.72836
5471.75,0.321033
5474.32,1.00416
5476.92,0.315430
5479.49,0.647654
5482.09,1.36249
5484.66,0.681241
5487.26,1.01159
5489.82,1.02465
5492.39,1.00784
5495.03,1.74692
5497.59,1.01530
5500.16,0.313546
5502.73,0.00000
5505.33,2.41689
5507.93,1.39973
5510.50,0.675600
5513.10,1.36425
5515.67,1.72817
5518.27,1.75429
5520.80,0.322861
5523.40,2.44477
5526.00,1.73746
5528.57,1.72998
5531.17,2.12187
5533.74,1.39404
5536.37,1.01334
5538.94,1.37350
5541.51,0.666218
5544.07,0.656883
5546.64,2.07887
5549.24,1.02077
5551.84,1.03009
5554.41,0.645670
5556.98,1.01515
5559.58,1.01514
5562.14,1.00954
5564.75,0.668046
5567.31,1.35661
5569.88,2.09182
5572.52,2.82328
5575.08,1.72605
5577.69,1.03563
5580.25,1.38083
5582.82,1.00016
5585.38,0.668013
5587.99,0.645617
5590.59,1.73718
5593.15,2.09170
5595.76,1.38637
5598.32,1.01878
5600.92,2.06927
5603.49,1.40314
5606.06,0.309733
5608.66,1.00383
5611.23,0.656776
5613.83,1.37512
5616.43,1.02060
5619.00,0.649300
5621.56,0.660491
5624.13,1.02991
5626.73,1.01311
5629.33,0.296656
5631.93,1.00191
5634.47,2.08216
5637.10,0.684720
5639.67,2.07840
5642.24,1.39741
5644.84,0.654857
5647.37,0.669778
5649.97,1.36753
5652.57,0.00000
5655.17,1.01304
5657.74,1.37124
5660.34,2.45515
5662.91,0.682812
5665.48,0.304092
5668.08,1.01301
5670.64,2.10063
5673.25,1.39357
5675.81,1.01859
5678.41,2.08753
5681.02,1.38608
5683.58,1.37675
5686.15,0.673446
5688.71,2.45125
5691.32,0.673437
5693.92,1.72369
5696.52,0.318993
5699.05,1.00734
5701.65,1.02972
5704.26,0.662224
5706.82,1.74043
5709.42,2.10044
5711.95,1.38225
5714.56,0.00000
5717.16,1.01289
5719.73,1.37103
5722.36,0.680848
5724.89,1.01847
5727.50,0.311508
5730.06,1.02405
5732.66,0.664044
5735.23,1.37471
5737.83,1.02963
5740.40,1.03708
5742.96,1.38028
5745.60,1.04080
5748.17,1.36907
5750.73,1.75330
5753.30,1.74583
5755.90,2.11139
5758.50,1.03517
5761.07,1.38022
5763.67,2.46013
5766.24,0.690102
5768.84,1.36900
5771.41,1.04447
5774.01,1.37831
5776.58,0.671433
5779.14,1.02579
5781.74,1.02579
5784.31,0.663961
5786.95,1.36148
5789.48,1.39878
5792.08,0.315189
5794.65,0.302132
5797.25,0.00000
5799.82,0.658341
5802.42,0.650877
5804.98,1.74561
5807.59,1.38007
5810.19,0.331960
5812.75,1.37818
5815.32,1.02384
5817.89,1.39122
5820.49,0.324492
5823.09,2.85514
5825.66,1.78841
5828.26,1.46951
5830.83,1.42474
5833.43,1.06669
5835.99,0.300237
5838.56,2.94081
5841.16,1.82005
5843.73,0.320744
5846.33,0.673185
5848.90,0.650804
5851.50,1.19904
5854.10,0.675037
5856.67,1.19343
5859.23,0.00000
5861.80,1.46939
5864.40,1.57753
5867.00,0.313267
5869.57,0.389717
5872.17,0.305805
5874.74,1.57563
5877.34,0.766367
5879.91,2.00634
5882.47,1.46559
5885.04,1.90749
5887.68,1.39472
5890.24,0.303927
5892.85,0.660058
5895.41,0.743959
5897.98,1.53639
5900.58,1.36297
5903.15,0.756996
5905.75,1.79180
5908.31,1.45990
5910.92,0.766305
5913.48,1.35920
5916.09,0.324417
5918.65,1.86818
5921.22,0.320684
5923.82,1.73019
5926.39,1.81035
5929.02,1.02356
5931.59,1.38525
5934.16,1.10185
5936.76,0.292706
5939.29,2.29876
5941.89,2.16078
5944.49,1.44300
5947.10,0.706579
5949.63,1.06266
5952.26,1.07011
5954.83,1.37025
5957.43,2.10664
5960.00,0.326247
5962.53,1.74308
5965.17,1.76544
5967.73,1.05143
5970.33,1.02905
5972.90,1.36274
5975.47,0.674840
5978.07,0.658058
5980.64,0.301996
5983.24,1.38321
5985.80,1.73739
5988.41,0.680411
5990.97,0.672950
5993.57,1.00476
5996.18,2.11017
5998.74,1.03644
6001.31,1.01965
6003.88,2.46244
6006.48,1.40550
6009.08,0.665465
6011.68,1.73355
6014.21,0.680369
6016.81,1.02521
6019.42,1.38868
6021.98,1.03824
6024.58,2.08206
6027.12,0.342970
6029.75,1.73721
6032.32,2.11371
6034.89,0.329916
6037.52,1.38303
6040.05,1.73903
6042.66,1.04937
6045.22,2.46219
6047.82,0.00000
6050.43,1.38858
6052.99,2.82746
6055.56,2.48263
6058.16,1.39973
6060.76,1.41836
6063.33,1.02509
6065.90,1.02881
6068.46,1.75755
6071.06,2.12843
6073.67,1.02879
6076.23,0.667221
6078.83,1.02692
6081.40,1.75936
6084.00,1.39592
6086.57,1.76865
6089.17,1.40149
6091.74,1.04180
6094.30,1.03433
6096.91,1.03619
6099.47,0.678366
6102.11,1.74436
6104.64,1.40144
6107.24,2.11892
6109.81,1.04920
6112.41,0.683936
6115.01,1.73126
6117.58,2.48972
6120.15,0.678332
6122.75,2.12630
6125.35,1.39392
6127.92,0.318661
6130.48,0.663408
6133.05,1.74796
6135.61,2.48588
6138.25,0.00000
6140.82,2.09266
6143.42,1.40877
6145.99,1.04166
6148.59,0.685740
6151.15,1.73856
6153.72,2.14664
6156.32,0.326093
6158.89,1.38822
6161.49,1.04348
6164.06,0.685714
6166.66,2.11303
6169.26,0.337263
6171.83,1.39563
6174.39,1.76455
6176.96,0.696873
6179.60,0.320485
6182.16,1.74775
6184.73,0.708040
6187.33,2.83959
6189.90,1.41420
6192.50,2.47809
6195.07,1.42536
6197.63,1.03594
6200.24,1.40671
6202.84,1.77002
6205.40,0.333507
6208.01,1.73833
6210.57,1.06013
6213.14,0.318596
6215.74,2.47237
6218.31,2.48167
6220.91,1.76622
6223.48,1.05823
6226.08,1.02469
6228.64,0.691198
6231.25,0.311130
6233.85,1.73077
6236.38,0.00000
6238.98,0.309261
6241.55,0.655779
6244.18,1.75867
6246.75,1.74375
6249.32,0.327883
6251.92,2.11446
6254.49,1.03953
6257.05,0.670658
6259.65,1.39720
6262.26,0.661335
6264.82,1.01342
6267.42,2.10134
6269.99,2.10878
6272.59,2.84088
6275.16,1.41950
6277.69,0.655722
6280.33,1.74548
6282.89,1.74360
6285.50,0.00000
6288.06,2.81097
6290.63,1.04316
6293.27,1.01894
6295.83,0.681773
6298.40,1.74354
6301.00,1.39333
6303.57,0.678035
6306.13,0.311074
6308.73,0.664987
6311.34,2.81081
6313.90,1.77700
6316.51,1.04496
6319.04,0.679872
6321.67,1.39140
6324.24,0.676139
6326.81,3.19627
6329.41,2.13270
6331.97,1.05610
6334.58,0.316641
6337.18,1.75455
6339.75,1.03932
6342.28,0.676109
6344.91,0.322221
6347.48,1.38759
6350.05,1.38572
6352.68,2.86455
6355.21,1.04486
6357.82,0.316624
6360.38,1.05044
6362.98,0.679801
6365.59,0.00000
6368.15,1.44340
6370.72,0.730074
6373.32,2.11944
6375.92,1.79536
6378.49,1.79163
6381.06,1.39865
6383.62,1.46942
6386.22,1.40050
6388.83,0.324050
6391.39,2.54582
6393.99,0.703961
6396.56,2.92198
6399.16,1.87907
6401.73,1.50101
6404.33,0.677872
6406.90,1.02053
6409.46,1.50843
6412.07,1.49353
6414.67,2.48981
6417.27,1.86409
6419.80,1.42087
6422.40,2.93856
6424.97,1.51210
6427.57,0.318433
6430.17,0.310982
6432.74,0.297945
6435.31,1.03163
6437.91,2.10421
6440.51,1.03348
6443.08,1.39845
6445.64,1.02043
6448.21,1.05394
6450.81,1.03345
6453.41,0.662896
6455.98,0.00000
6458.58,0.664750
6461.15,0.00000
6463.75,2.10408
6466.32,1.59202
6468.88,1.83407
6471.48,1.86385
6474.05,1.05574
6476.65,1.40020
6479.25,0.318394
6481.82,0.679609
6484.42,2.46706
6486.95,0.340731
6489.55,0.672148
6492.12,1.03708
6494.76,0.322106
6497.33,1.78554
6499.89,2.14114
6502.49,1.05381
6505.06,0.694466
6507.66,2.85418
6510.23,0.724246
6512.79,0.00000
6515.40,1.02771
6518.00,0.685136
6520.56,1.03887
6523.17,1.41121
6525.73,1.04258
6528.30,2.48542
6530.90,2.14843
6533.47,1.40932
6536.11,1.75558
6538.64,1.05744
6541.24,1.38695
6543.84,1.05184
6546.41,0.331375
6549.01,0.670192
6551.54,1.03507
6554.14,1.04623
6556.71,1.39807
6559.35,2.49268
6561.91,1.05924
6564.48,2.48707
6567.08,1.07412
6569.65,1.74986
6572.25,1.04991
6574.81,1.05363
6577.42,1.39242
6579.98,1.74982
6582.55,1.04802
6585.15,1.76096
6587.75,0.679438
6590.32,1.03125
6592.85,1.03311
6595.49,1.75720
6598.05,0.320166
6600.66,1.37931
6603.22,1.75903
6605.79,1.04424
6608.43,1.03865
6610.99,0.312710
6613.56,1.03305
6616.16,1.74781
6618.73,1.39042
6621.29,0.671938
6623.90,0.312701
6626.50,0.295947
6629.06,1.38852
6631.67,0.664477
6634.20,1.03114
6636.83,1.39966
6639.40,1.75888
6641.97,1.04787
6644.57,2.09946
6647.14,1.06461
6649.74,0.681199
6652.34,0.664444
6654.91,1.38844
6657.47,2.48652
6660.07,0.686766
6662.64,1.74575
6665.24,1.04037
6667.84,0.671864
6670.37,1.03850
6673.01,0.312664
6675.54,1.39209
6678.15,1.03104
6680.75,1.40510
6683.31,1.38462
6685.92,1.41811
6688.48,2.81015
6691.08,0.699743
6693.65,0.305205
6696.22,0.00000
6698.78,2.81753
6701.38,2.51231
6703.99,1.05144
6706.55,2.11962
6709.15,1.75673
6711.72,0.325662
6714.32,2.09353
6716.89,1.03652
6719.49,2.49360
6722.06,2.49544
6724.62,0.673635
6727.23,1.37890
6729.83,1.39005
6732.43,1.40493
6734.96,1.39190
6737.56,0.656867
6740.13,1.38071
6742.70,0.679188
6745.33,0.653133
6747.90,2.48040
6750.50,3.20794
6753.07,1.40672
6755.67,1.75653
6758.24,1.75652
6760.80,1.03269
6763.37,0.658688
6765.97,2.46355
6768.57,1.76020
6771.14,1.75275
6773.74,0.679139
6776.31,1.38804
6778.91,2.12112
6781.48,2.11366
6784.04,1.04752
6786.64,0.306999
6789.21,1.38614
6791.81,0.677249
6794.41,2.10988
6796.98,1.05493
6799.58,1.74705
6802.11,0.677233
6804.72,1.03445
6807.32,1.38050
6809.92,1.02141
6812.49,2.12653
6815.09,1.03070
6817.65,1.03628
6820.22,0.662320
6822.82,1.73393
6825.39,1.02696
6827.96,2.12460
6830.56,1.41391
6833.16,2.83338
6835.76,1.05112
6838.33,1.75805
6840.89,1.04738
6843.46,0.671586
6846.06,1.02691
6848.63,0.312535
6851.27,1.01945
6853.80,1.03619
6856.40,1.40080
6859.00,1.76541
6861.57,2.48532
6864.17,0.697596
6866.70,0.665968
6869.30,1.75234
6871.90,1.41935
6874.47,0.308795
6877.07,3.54554
6879.64,1.07147
6882.24,1.38769
6884.81,2.49076
6887.41,0.312506
6889.97,1.74854
6892.58,2.13543
6895.14,1.03237
6897.71,0.662199
6900.35,1.74663
6902.91,1.76150
6905.48,1.03606
6908.05,1.03234
6910.65,1.74287
6913.21,1.04348
6915.82,1.39502
6918.38,2.11484
6920.95,1.04346
6923.59,2.49240
6926.15,0.677035
6928.75,1.02857
6931.32,1.03042
6933.89,0.306892
6936.49,1.39310
6939.06,2.12218
6941.66,0.680730
6944.22,2.50343
6946.83,0.680722
6949.36,2.11841
6951.99,0.682573
6954.56,2.49221
6957.13,1.75570
6959.73,0.699299
6962.30,2.12392
6964.93,1.04894
6967.50,2.46982
6970.07,0.714161
6972.63,2.47165
6975.23,1.79654
6977.80,2.13128
6980.40,0.342194
6983.00,1.03959
6985.54,0.00000
6988.17,1.02842
6990.70,1.75556
6993.31,1.41337
6995.91,1.03956
6998.44,1.77041
7001.08,1.76668
7003.64,1.40961
7006.24,1.03954
7008.81,1.38728
7011.38,0.684338
7013.94,2.11995
7016.55,2.11993
7019.15,1.42072
7021.75,1.02834
7024.32,0.684317
7026.88,0.660138
7029.48,2.12359
7032.05,0.667569
7034.65,0.310538
7037.22,1.38719
7039.78,0.303097
7042.39,2.12166
7044.99,3.56832
7047.59,0.708452
7050.16,1.03199
7052.72,1.03756
7055.29,0.293789
7057.89,1.01710
7060.49,0.316098
7063.06,1.39454
7065.66,2.11597
7068.23,0.327248
7070.83,1.02450
7073.40,0.674941
7075.96,1.02821
7078.56,1.39635
7081.13,0.686085
7083.73,1.37402
7086.34,0.325375
7088.90,1.03004
7091.47,0.667476
7094.03,1.40559
7096.64,1.03374
7099.20,1.75883
7101.80,1.76068
7104.37,1.04859
7106.97,0.669311
7109.57,1.76065
7112.14,1.41297
7114.74,0.340227
7117.27,1.06158
7119.88,0.682304
7122.48,0.665568
7125.08,0.299318
7127.65,0.717615
7130.21,0.317905
7132.81,1.51701
7135.38,1.41661
7137.98,2.18997
7140.55,0.702721
7143.15,2.29777
7145.72,0.700853
7148.32,2.95398
7150.92,1.13585
7153.49,0.319747
7156.05,0.671093
7158.62,0.659935
7161.22,0.317882
7163.79,1.93517
7166.43,0.698960
7168.96,2.13591
7171.56,1.50758
7174.16,1.86820
7176.73,2.41098
7179.33,0.879251
7181.86,0.319726
7184.46,1.76777
7187.06,1.40157
7189.63,1.60975
7192.23,1.51122
7194.80,1.03164
7197.40,2.67296
7199.97,2.96663
7202.57,1.08181
7205.14,2.75098
7207.74,1.52976
7210.30,2.02417
7212.87,1.07063
7215.51,1.86988
7218.07,2.13008
7220.64,1.42562
7223.21,1.41446
7225.81,2.12447
7228.38,1.42746
7230.98,0.302961
7233.54,2.92551
7236.15,0.321544
7238.75,2.12069
7241.31,1.07056
7243.92,2.20430
7246.48,0.704405
7249.05,1.04452
7251.65,0.308522
7254.22,1.04265
7256.82,1.04264
7259.38,1.04635
7261.99,0.669068
7264.55,1.41061
7267.16,1.79531
7269.72,1.77671
7272.29,1.04818
7274.89,3.22630
7277.46,0.360540
7280.09,0.680190
7282.66,1.05001
7285.23,1.05930
7287.79,0.678319
7290.36,0.693183
7293.00,0.682028
7295.56,1.04441
7298.17,1.06113
7300.73,1.78030
7303.33,3.22237
7305.86,0.00743333
7308.47,2.12778
7311.07,0.698724
7313.60,0.323344
7316.24,1.03321
7318.80,2.14817
7321.40,2.15001
7323.97,1.07221
7326.54,0.683833
7329.14,2.13882
7331.71,1.07777
7334.31,1.07776
7336.91,1.07590
7339.48,1.07961
7342.04,1.47911
7344.64,0.746982
7347.21,0.678226
7349.78,2.40815
7352.38,0.323315
7354.95,2.35981
7357.58,1.13159
7360.15,1.13716
7362.75,1.95656
7365.32,1.06096
7367.88,1.25791
7370.45,0.681905
7373.05,0.00000
7375.65,1.98066
7378.19,2.47488
7380.82,1.52728
7383.39,3.18646
7385.99,1.07392
7388.56,0.696740
7391.12,1.59785
7393.73,2.32987
7396.29,2.05674
7398.89,0.326995
7401.50,1.41759
7404.06,2.38555
7406.63,4.12639
7409.19,1.16489
7411.80,0.698560
7414.40,1.41197
7416.97,1.21875
7419.53,0.678111
7422.17,1.85411
7424.74,1.94328
7427.30,1.28932
7429.90,2.90745
7432.43,1.87079
7435.04,1.13510
7437.64,0.683656
7440.24,2.13641
7442.81,1.18895
7445.37,1.83172
7447.98,1.47688
7450.54,3.06893
7453.14,2.22180
7455.71,1.11833
7458.31,1.82052
7460.88,0.700338
7463.48,1.44897
7466.08,0.360382
7468.65,1.82605
7471.21,1.09785
7473.78,1.81302
7476.38,0.724462
7478.98,1.03096
7481.55,1.08482
7484.12,0.687297
7486.72,2.14175
7489.32,1.05508
7491.89,0.323210
7494.49,1.77021
7497.02,1.42656
7499.62,0.321346
7502.22,1.42840
7504.79,0.681692
7507.43,1.03275
7509.96,1.42095
7512.56,1.79429
7515.13,0.690963
7517.73,0.685387
7520.30,1.04015
7522.90,1.42462
7525.46,0.683517
7528.03,1.41160
7530.67,0.676079
7533.23,1.77563
7535.80,0.315747
7538.37,1.40414
7540.97,1.77188
7543.57,1.43384
7546.14,2.16560
7548.70,1.41896
7551.31,1.76998
7553.91,1.42080
7556.47,0.681610
7559.08,1.41150
7561.64,0.674173
7564.21,1.04933
7566.81,1.42076
7569.38,0.326866
7572.01,1.41332
7574.55,1.05673
7577.15,1.77730
7579.71,2.52201
7582.32,1.78842
7584.88,1.05856
7587.45,2.15240
7590.05,1.05855
7592.65,1.40582
7595.25,0.696406
7597.82,1.40023
7600.39,1.40208
7602.95,0.323127
7605.52,1.76976
7608.16,1.41134
7610.72,2.15414
7613.33,1.40947
7615.89,1.42060
7618.49,0.313830
7621.06,1.40387
7623.63,1.77525
7626.23,2.13921
7628.79,1.44098
7631.40,0.677778
7633.96,0.00000
7636.57,2.12058
7639.13,1.06029
7641.70,1.76775
7644.30,1.40937
7646.87,0.683325
7649.47,0.662895
7652.07,1.05283
7654.64,0.662887
7657.24,2.14091
7659.80,1.41860
7662.41,0.666589
7664.97,1.40744
7667.54,3.59657
7670.11,0.735277
7672.74,0.662860
7675.31,1.03977
7677.91,1.79917
7680.48,0.321212
7683.04,1.40924
7685.65,1.80099
7688.21,1.06388
7690.81,0.313778
7693.38,1.04901
7695.98,1.77310
7698.55,0.694383
7701.15,1.06199
7703.72,0.672095
7706.28,1.42587
7708.89,1.05826
7711.45,0.685079
7714.09,0.686932
7716.66,1.77302
7719.22,1.42583
7721.82,2.50818
7724.36,0.00000
7726.96,3.23962
7729.56,1.08606
7732.13,0.685046
7734.69,0.698038
7737.29,2.14237
7739.90,1.09160
7742.46,0.694312
7745.06,0.00000
7747.59,1.41831
7750.23,0.339724
7752.80,2.52100
7755.40,2.53398
7757.97,1.80626
7760.53,1.81368
7763.14,0.326720
7765.70,1.04513
7768.30,1.40525
7770.87,0.699836
7773.47,0.696119
7776.04,1.05067
7778.64,1.78576
7781.24,1.06365
7783.81,2.16998
7786.38,1.07478
7788.94,1.41446
7791.54,0.345261
7794.15,1.05991
7796.71,1.05990
7799.28,2.15877
7801.88,1.45526
7804.48,2.17730
7807.05,0.345248
7809.65,2.16057
7812.18,0.699769
7814.82,1.43294
7817.39,0.332247
7819.95,1.42179
7822.55,0.00000
7825.12,0.686756
7827.72,1.42733
7830.29,1.06910
7832.89,0.697880
7835.49,1.05981
7838.06,0.332231
7840.62,1.78364
7843.23,0.348932
7845.83,0.322945
7848.40,1.43283
7850.96,1.08390
7853.53,0.317372
7856.13,1.43280
7858.73,1.43836
7861.30,0.339637
7863.86,1.05602
7866.47,2.89895
7869.07,0.363758
7871.63,2.52588
7874.24,0.716372
7876.80,0.707089
7879.37,1.04856
7881.97,1.44385
7884.54,0.00000
7887.18,1.42528
7889.71,1.08380
7892.31,1.44939
7894.87,1.44752
7897.44,1.07450
7900.08,0.707051
7902.61,0.337749
7905.21,1.42707
7907.81,0.720028
7910.42,1.43077
7912.98,1.08003
7915.55,0.339595
7918.11,0.692176
7920.68,1.08558
7923.32,1.44372
7925.88,2.17670
7928.49,0.350719
7931.05,1.06143
7933.65,1.07812
7936.22,0.00000
7938.79,1.05955
7941.39,1.07810
7943.96,2.18774
7946.56,1.82218
7949.12,1.08180
7951.73,0.708822
7954.29,0.695829
7956.86,0.00000
7959.46,2.18395
7962.03,1.79985
7964.66,0.352545
7967.23,0.690242
7969.80,0.710648
7972.40,1.06504
7974.97,2.16717
7977.57,1.45838
7980.13,1.80905
7982.70,1.81089
7985.27,1.81459
7987.90,1.09283
7990.47,2.15967
7993.04,1.47688
7995.64,0.740292
7998.21,1.87206
8000.81,0.734717
8003.37,0.319118
8005.98,0.740275
8008.54,1.06124
8011.14,0.324678
8013.71,0.317255
8016.31,2.28571
8018.91,0.803332
8021.44,3.33576
8024.05,0.820019
8026.61,0.706845
8029.21,2.33944
8031.82,2.76056
8034.38,0.714253
8036.99,1.55094
8039.55,1.43406
8042.12,0.710530
8044.72,0.686409
8047.29,1.52308
8049.89,1.54533
8052.45,0.00000
8055.06,1.59169
8057.66,2.71031
8060.22,2.72142
8062.76,1.24105
8065.39,1.89032
8067.96,1.49889
8070.56,1.52671
8073.13,0.703060
8075.69,1.49886
8078.33,1.87913
8080.90,1.30036
8083.46,0.332044
8086.03,0.330187
8088.63,0.320910
8091.20,2.64889
8093.80,0.00185495
8096.40,0.684473
8098.97,1.50249
8101.57,0.701159
8104.10,0.688171
8106.74,0.333881
8109.31,0.738244
8111.87,0.380249
8114.47,0.688154
8117.04,2.65058
8119.64,0.00000
8122.21,1.10177
8124.81,0.344996
8127.34,1.05724
8129.98,1.81585
8132.55,1.09989
8135.11,1.49680
8137.71,0.688118
8140.28,0.693678
8142.88,1.05535
8145.45,1.42814
8148.05,1.06090
8150.65,0.686243
8153.18,0.315299
8155.79,1.78606
8158.39,0.331987
8160.99,1.79161
8163.56,1.06643
8166.12,2.55014
8168.69,1.81012
8171.29,1.08310
8173.89,1.43918
8176.46,1.78598
8179.06,1.44473
8181.63,1.07009
8184.23,0.320840
8186.79,1.41874
8189.40,2.53331
8191.96,1.81930
8194.53,0.695446
8197.13,0.315267
8199.73,1.06448
8202.34,1.41312
8204.87,2.52766
8207.47,1.08857
8210.04,0.689859
8212.60,1.78212
8215.24,0.337507
8217.77,2.14186
8220.37,2.56466
8222.97,1.07185
8225.58,0.318956
8228.14,1.42046
8230.71,0.700952
8233.27,1.06997
8235.88,0.315239
8238.48,0.680542
8241.04,0.684247
8243.65,1.44266
8246.21,1.79682
8248.78,1.81350
8251.38,0.713899
8253.95,0.684227
8256.55,0.318933
8259.12,0.680510
8261.72,0.318929
8264.32,1.78562
8266.89,1.80786
8269.45,1.44628
8272.02,0.326338
8274.62,0.326337
8277.19,1.04946
8279.83,1.06985
8282.39,0.328185
8284.96,2.19345
8287.56,0.693445
8290.13,1.06612
8292.73,1.42952
8295.29,0.328175
8297.86,1.06239
8300.46,0.704549
8303.06,1.42578
8305.63,1.44060
8308.20,1.44430
8310.80,1.06792
8313.37,1.05679
8315.97,0.693400
8318.53,0.687834
8321.17,1.42943
8323.70,1.06975
8326.30,2.18027
8328.91,1.07344
8331.47,2.53805
8334.07,0.721180
8336.61,1.41825
8339.21,1.44791
8341.77,0.315163
8344.38,1.05672
8346.98,0.322575
8349.54,0.317012
8352.15,0.676658
8354.71,1.42561
8357.31,0.698896
8359.88,1.43486
8362.45,0.711865
8365.05,1.05481
8367.62,0.704441
8370.22,1.06778
8372.82,0.324410
8375.39,1.06035
8377.92,0.706278
8380.55,1.80925
8383.12,1.08628
8385.72,2.17256
8388.29,1.10666
8390.85,2.18551
8393.49,0.713668
8396.06,0.322539
8398.62,1.42917
8401.19,0.715509
8403.79,1.06584
8406.36,1.07510
8408.96,1.82211
8411.56,0.333649
8414.13,0.685831
8416.73,1.81837
8419.26,2.55237
8421.90,1.45690
8424.47,1.45133
8427.03,1.06764
8429.63,0.698781
8432.20,0.316952
8434.80,1.06206
8437.41,1.44017
8439.97,0.698765
8442.54,0.689493
