975.703,0.186573,1.44693,2.013422874082197,0.0926644,1.000000034369498
975.788,0.703698,2.09221,2.013914842561427,0.349418,1.000000034353801
975.873,0.909949,2.70863,2.014767159389364,0.451640,1.000000034350176
975.959,0.898674,2.70298,2.015968674104127,0.445778,1.000000034346531
976.044,0.449078,2.61304,2.017170093018942,0.222628,1.000000034342868
976.130,0.155080,2.32090,2.018373835621499,0.0768339,1.000000034339180
976.216,-0.139628,2.02912,2.019574775336092,-0.0691371,1.000000034335480
976.301,0.0629668,1.82186,2.020714305739046,0.0311606,1.000000034331758
976.387,0.170878,1.82468,2.017027383893765,0.0847178,1.000000034328016
976.472,0.377077,1.83380,2.013339885489525,0.187289,1.000000034324255
976.557,0.217167,1.81659,2.009657024028677,0.108062,1.000000034320478
976.643,0.201718,1.81305,2.005967894101937,0.100559,1.000000034316677
976.729,0.397643,1.82148,2.002272966006632,0.198596,1.000000034312849
976.814,0.488122,1.83327,2.003032056776869,0.243691,1.000000034309010
976.900,0.691855,1.84258,2.010508174205195,0.344119,1.000000034305147
976.985,1.25607,1.89995,2.017985131656515,0.622439,1.000000034301263
977.071,2.64545,2.02495,2.025464093460063,1.30610,1.000000034297359
977.156,3.00819,2.06057,2.032944099085338,1.47972,1.000000034293433
977.242,2.98350,2.06092,2.040425347068541,1.46220,1.000000034289486
977.327,2.34594,2.00659,2.040421076210914,1.14973,1.000000034285518
977.413,2.46811,2.00452,2.038369275741223,1.21083,1.000000034281531
977.498,1.91407,1.94488,2.036315521735033,0.939966,1.000000034277519
977.584,1.84696,1.92716,2.034261286355848,0.907928,1.000000034273487
977.669,2.03310,1.94375,2.032206404413233,1.00044,1.000000034269432
977.755,2.70537,1.96999,2.026063593620796,1.33529,1.000000034265355
977.840,2.49029,1.94405,2.000141682822353,1.24506,1.000000034261255
977.926,2.18669,1.91122,1.974215180324630,1.10763,1.000000034257134
978.011,1.97644,1.91792,1.948264922678794,1.01446,1.000000034252986
978.097,1.95466,1.91225,1.922328187774918,1.01682,1.000000034248819
978.182,2.30835,1.93704,1.896423726582426,1.21721,1.000000034244635
978.268,1.80842,1.89578,1.900381264185011,0.951608,1.000000034240422
978.353,1.93777,1.90147,1.928081143953191,1.00502,1.000000034236186
978.439,1.41064,1.86561,1.955786344027375,0.721267,1.000000034231926
978.524,1.87462,1.89384,1.983496652718566,0.945110,1.000000034227643
978.610,1.47743,1.84830,2.011231915716087,0.734589,1.000000034223333
978.695,1.66730,1.86137,2.038953128806062,0.817721,1.000000034219001
978.781,1.80341,1.87596,2.036709523841941,0.885451,1.000000034214646
978.866,2.23851,1.91798,2.032698528677857,1.10125,1.000000034210267
978.952,2.52280,1.91180,2.028687089973257,1.24356,1.000000034205863
979.037,1.77617,1.83738,2.024677228028362,0.877261,1.000000034201438
979.123,1.61758,1.74280,2.020666991303244,0.800519,1.000000034196987
979.208,1.88859,1.62695,2.018037624930036,0.935857,1.000000034192506
979.294,2.23809,1.49251,2.018222124982068,1.10894,1.000000034188002
979.379,2.45655,1.41375,2.018406544691626,1.21707,1.000000034183473
979.465,2.47594,1.39999,2.018591267871046,1.22657,1.000000034178919
979.550,2.35159,1.38907,2.018776125899211,1.16486,1.000000034174338
979.636,2.37738,1.39081,2.018960075048548,1.17753,1.000000034169735
979.721,2.35584,1.39300,2.022844072460258,1.16462,1.000000034165103
979.807,2.67217,1.41232,2.028191488040551,1.31751,1.000000034160444
979.892,2.08963,1.36482,2.033539613626962,1.02758,1.000000034155759
979.978,1.65810,1.31720,2.038888709628566,0.813235,1.000000034151046
980.063,1.59070,1.31541,2.044239184208664,0.778137,1.000000034146307
980.149,1.59632,1.31364,2.049018536022215,0.779064,1.000000034141541
980.234,1.27365,1.29319,2.048805263982707,0.621654,1.000000034136751
980.320,1.41170,1.29883,2.048591972336348,0.689108,1.000000034131930
980.405,1.74355,1.32519,2.048378552220500,0.851185,1.000000034127080
980.491,2.44657,1.38932,2.048165408514954,1.19452,1.000000034122203
980.576,2.34472,1.37242,2.047951361473537,1.14491,1.000000034117298
980.662,2.02487,1.34056,2.043518038591750,0.990876,1.000000034112364
980.747,1.69970,1.29701,2.034672713071693,0.835368,1.000000034107402
980.833,1.67776,1.30669,2.025831694124175,0.828182,1.000000034102414
980.918,2.13643,1.34893,2.016982673507708,1.05922,1.000000034097394
981.004,2.22637,1.36088,2.008132035396222,1.10868,1.000000034092345
981.089,2.20851,1.34998,1.999279942486944,1.10465,1.000000034087265
981.175,1.78776,1.31423,2.005783071195222,0.891301,1.000000034082156
981.260,1.55268,1.30097,2.014480038498527,0.770757,1.000000034077017
981.346,2.29144,1.36008,2.023178587324593,1.13259,1.000000034071848
981.431,2.47809,1.43963,2.031872152727033,1.21961,1.000000034066652
981.517,2.80319,1.46046,2.040574024103489,1.37372,1.000000034061422
981.602,2.27298,1.40903,2.046977784591446,1.11041,1.000000034056160
981.688,2.47813,1.36251,2.046855396552508,1.21070,1.000000034050868
981.773,2.50966,1.34332,2.046732725833706,1.22618,1.000000034045544
981.859,2.44272,1.34823,2.046610323735056,1.19354,1.000000034040188
981.944,2.46167,1.34060,2.046487835572982,1.20287,1.000000034034800
982.030,2.28697,1.32865,2.046365519350914,1.11758,1.000000034029384
982.115,2.64931,1.34875,2.046404945745967,1.29461,1.000000034023932
982.201,2.70062,1.34492,2.046588656676755,1.31957,1.000000034018447
982.286,2.66438,1.36100,2.046771919760958,1.30175,1.000000034012929
982.372,2.27102,1.31566,2.046955470647631,1.10946,1.000000034007378
982.457,1.94410,1.29295,2.047139105381179,0.949666,1.000000034001793
982.543,1.76369,1.25754,2.047322615502164,0.861462,1.000000033996175
982.628,1.40736,1.23821,2.047321661455037,0.687413,1.000000033990522
982.714,1.11084,1.20769,2.047303782387667,0.542587,1.000000033984839
982.799,1.36457,1.22439,2.047285587638979,0.666525,1.000000033979118
982.885,2.04925,1.27788,2.047267689717993,1.00097,1.000000033973361
982.970,2.76904,1.33036,2.047249692879003,1.35256,1.000000033967562
983.056,2.49207,1.30986,2.042817427441542,1.21992,1.000000033961735
983.141,2.09028,1.27618,2.028256120224718,1.03058,1.000000033955877
983.227,1.51747,1.23728,2.013692008863676,0.753576,1.000000033949982
983.312,1.55713,1.23227,1.999125213889975,0.778908,1.000000033944051
983.398,2.36071,1.29750,1.984545383331701,1.18955,1.000000033938080
983.483,2.85832,1.34842,1.969962762837111,1.45095,1.000000033932071
983.569,2.91498,1.36016,1.969224834346917,1.48027,1.000000033926017
983.654,2.21798,1.30053,1.974753762183666,1.12317,1.000000033919934
983.740,1.95784,1.26580,1.980279920107082,0.988667,1.000000033913817
983.825,2.14971,1.28212,1.985810840555403,1.08253,1.000000033907658
983.911,1.53380,1.23566,1.991350729375158,0.770231,1.000000033901452
983.996,1.56122,1.23087,1.996835715395766,0.781848,1.000000033895224
984.082,1.22129,1.20884,2.001831536016391,0.610088,1.000000033888958
984.167,1.95563,1.28228,2.006842645393300,0.974479,1.000000033882634
984.253,1.90669,1.27583,2.011847779874352,0.947731,1.000000033876280
984.338,2.26086,1.30001,2.016849780761301,1.12099,1.000000033869890
984.424,1.76226,1.23346,2.021856447230931,0.871603,1.000000033863454
984.510,1.82795,1.23219,2.023782894785833,0.903234,1.000000033856970
984.595,1.78883,1.22868,2.022122891940930,0.884629,1.000000033850453
984.681,2.03065,1.25757,2.020462560087394,1.00504,1.000000033843894
984.766,2.10360,1.27829,2.018803217757164,1.04201,1.000000033837299
984.852,1.92794,1.26890,2.017142374224091,0.955778,1.000000033830657
984.937,2.19278,1.29320,2.015483699668343,1.08797,1.000000033823982
985.022,1.83941,1.25583,2.014668400384610,0.913010,1.000000033817254
985.108,1.68682,1.24678,2.014164626140497,0.837479,1.000000033810474
985.194,1.56054,1.22991,2.013661850663298,0.774974,1.000000033803659
985.279,2.58331,1.31637,2.013158895585155,1.28321,1.000000033796801
985.365,2.93088,1.32507,2.012655413815084,1.45622,1.000000033789893
985.450,2.62066,1.29974,2.007000594391988,1.30576,1.000000033782946
985.536,2.25523,1.27091,1.963274098558315,1.14871,1.000000033775953
985.621,2.24761,1.26830,1.919539085427740,1.17091,1.000000033768915
985.707,2.43788,1.26962,1.875858434303760,1.29961,1.000000033761841
985.792,2.14743,1.23899,1.832107144760885,1.17211,1.000000033754711
985.878,1.91387,1.22256,1.788347620078320,1.07019,1.000000033747534
985.963,1.85104,1.21402,1.786997660452817,1.03584,1.000000033740305
986.049,1.84739,1.22474,1.827232153368717,1.01103,1.000000033733034
986.134,2.05141,2.27173,1.867474431890300,1.09849,1.000000033725714
986.220,2.01787,2.81970,1.907723981583654,1.05774,1.000000033718347
986.305,1.47082,2.72848,1.947981219850424,0.755046,1.000000033710930
986.391,1.05043,1.13924,1.988217199975916,0.528327,1.000000033703470
986.476,1.21316,1.16305,1.975054970660244,0.614243,1.000000033695954
986.562,1.75490,1.20122,1.946326240980164,0.901646,1.000000033688390
986.647,2.32490,1.24069,1.917592167767714,1.21240,1.000000033680774
986.733,2.30997,1.23435,1.888852488405032,1.22295,1.000000033673107
986.818,2.37274,1.24356,1.860107655460501,1.27559,1.000000033665389
986.904,1.71253,1.18721,1.841267859806299,0.930084,1.000000033657619
986.989,1.71177,1.18970,1.874205405124096,0.913333,1.000000033649802
987.075,1.76685,1.20835,1.907173051407807,0.926425,1.000000033641927
987.160,2.06669,1.22540,1.940193570362083,1.06520,1.000000033633988
987.246,2.25125,1.24296,1.973172928840759,1.14093,1.000000033626006
987.331,2.19698,1.22409,2.006111640218993,1.09514,1.000000033617980
987.417,2.31652,1.23301,2.026677293934595,1.14302,1.000000033609890
987.502,2.42404,1.24536,2.030752303429794,1.19367,1.000000033601743
987.588,2.29483,1.23092,2.034825303874374,1.12778,1.000000033593547
987.673,2.28325,1.23141,2.038902017949200,1.11984,1.000000033585289
987.759,1.80530,1.18480,2.042985436647430,0.883657,1.000000033576963
987.844,1.51084,1.15821,2.047063150682753,0.738052,1.000000033568591
987.930,1.39830,1.14546,2.046215454905338,0.683357,1.000000033560161
988.015,1.16065,1.12924,2.044267342469133,0.567760,1.000000033551679
988.101,1.32134,1.14772,2.042317554999375,0.646983,1.000000033543132
988.186,1.18508,1.13182,2.040367144670852,0.580818,1.000000033534526
988.272,1.17234,1.12657,2.038419426931161,0.575124,1.000000033525871
988.357,0.959508,1.11686,2.036016240727132,0.471267,1.000000033517133
988.443,0.949092,1.12687,2.031848721114630,0.467108,1.000000033508345
988.528,0.783048,1.11769,2.027679925116033,0.386179,1.000000033499496
988.614,0.971069,1.13033,2.023513458142741,0.479892,1.000000033490590
988.699,0.871999,1.11751,2.019343556574894,0.431823,1.000000033481616
988.785,1.33451,1.15111,2.015166400682337,0.662233,1.000000033472566
988.870,1.25794,1.13296,2.013711694968913,0.624686,1.000000033463464
988.956,1.29002,1.13575,2.015281829761821,0.640119,1.000000033454298
989.041,1.07064,1.11834,2.016849751288592,0.530848,1.000000033445080
989.127,0.782771,1.10628,2.018420341409413,0.387813,1.000000033435783
989.212,0.519103,1.08552,2.019989829780079,0.256983,1.000000033426426
989.298,0.627339,1.08596,2.021560754952458,0.310324,1.000000033416996
989.383,0.897600,1.09104,1.877932893314841,0.477972,1.000000033407485
989.469,1.24390,1.11277,1.710516354619485,0.727206,1.000000033397918
989.555,1.19312,1.11677,1.543068182779392,0.773216,1.000000033388283
989.640,1.19576,1.11263,1.375708627193284,0.869193,1.000000033378585
989.725,1.24609,1.11608,1.208198302906440,1.03136,1.000000033368810
989.811,1.74946,1.14970,1.082881023752344,1.61556,1.000000033358964
989.896,2.26833,1.19081,1.243987954770915,1.82343,1.000000033349047
989.982,2.78917,1.22224,1.405124549870807,1.98500,1.000000033339057
990.068,3.19646,1.26348,1.566290920160040,2.04078,1.000000033328994
990.153,2.86105,1.23694,1.727487370382949,1.65619,1.000000033318857
990.238,2.63546,1.22063,1.888598525875504,1.39546,1.000000033308654
990.324,2.06671,1.16228,1.965592260489745,1.05145,1.000000033298367
990.409,2.34433,1.18538,1.962894759820512,1.19432,1.000000033288005
990.495,1.89262,1.15855,1.960196788838873,0.965525,1.000000033277566
990.581,2.34544,1.20101,1.957498278211006,1.19818,1.000000033267050
990.666,2.35738,1.20389,1.954799503370464,1.20595,1.000000033256456
990.752,2.47915,1.20695,1.952099726444927,1.26999,1.000000033245782
990.837,1.91737,1.15403,1.938959718313060,0.988863,1.000000033235037
990.922,1.61907,1.13105,1.922921015057032,0.841985,1.000000033224204
991.008,1.71847,1.14119,1.906879596611224,0.901195,1.000000033213289
991.094,2.09950,1.17639,1.890834991845966,1.11036,1.000000033202292
991.179,1.80835,1.14196,1.874787349756333,0.964562,1.000000033191212
991.265,1.87415,1.14484,1.861265542489846,1.00692,1.000000033180048
991.350,1.54375,1.11490,1.893088537166365,0.815467,1.000000033168800
991.436,2.28003,1.17140,1.924917207188655,1.18448,1.000000033157466
991.521,2.31166,1.18727,1.956729106232039,1.18139,1.000000033146054
991.607,2.12560,1.16735,1.988570006796530,1.06891,1.000000033134547
991.692,1.54528,1.12135,2.020416240211989,0.764834,1.000000033122951
991.778,1.43068,1.09030,2.038454699640000,0.701843,1.000000033111267
991.863,1.64742,1.10615,2.038840525229852,0.808020,1.000000033099493
991.949,1.76596,1.12320,2.039225873804541,0.865996,1.000000033087628
992.034,1.82647,1.12589,2.039611468559195,0.895499,1.000000033075671
992.120,1.94867,1.14140,2.039997333269457,0.955230,1.000000033063613
992.205,1.90324,1.14188,2.040383300171945,0.932787,1.000000033051469
992.291,1.79366,1.13121,2.039598243668337,0.879420,1.000000033039232
992.376,2.07191,1.13507,2.038335497318673,1.01647,1.000000033026915
992.462,2.00842,1.11357,2.037071004571052,0.985936,1.000000033014485
992.547,2.21946,1.13275,2.035805922411434,1.09021,1.000000033001958
992.633,1.59259,1.09235,2.034540514911461,0.782777,1.000000032989332
992.718,1.52515,1.08799,2.033275993806850,0.750095,1.000000032976614
992.804,1.45920,1.09015,2.034739857147016,0.717144,1.000000032963770
992.889,1.50612,1.08751,2.036265544508440,0.739647,1.000000032950842
992.975,1.55516,1.09813,2.037791284284321,0.763161,1.000000032937810
993.060,1.76178,1.11636,2.039317234654069,0.863906,1.000000032924675
993.146,2.46446,1.18472,2.040842756236172,1.20757,1.000000032911444
993.231,3.21247,1.25856,2.041715703757432,1.57341,1.000000032898099
993.317,3.49806,1.28969,2.041447444452886,1.71352,1.000000032884664
993.402,3.12975,1.24602,2.041178514856891,1.53330,1.000000032871083
993.488,2.38354,1.16841,2.040909686349375,1.16788,1.000000032857412
993.573,1.91006,1.10887,2.040640623970443,0.936011,1.000000032843629
993.659,1.75572,1.10587,2.040371854743734,0.860489,1.000000032829735
993.744,2.03186,1.12298,2.039242530953531,0.996378,1.000000032815718
993.830,2.01270,1.11494,2.037618188501580,0.987770,1.000000032801596
993.915,2.00807,1.09829,2.035993311930867,0.986287,1.000000032787359
994.001,2.12133,1.11512,2.034367731586363,1.04275,1.000000032773005
994.086,2.17861,1.12472,2.032744393745705,1.07176,1.000000032758552
994.172,2.12072,1.12363,2.031118400613471,1.04411,1.000000032743961
994.257,1.79187,1.09589,2.011484234667857,0.890820,1.000000032729248
994.343,1.73294,1.09305,1.989894241411440,0.870872,1.000000032714403
994.428,1.77888,1.09697,1.968316043508150,0.903759,1.000000032699445
994.514,2.04470,1.11082,1.946733930793535,1.05032,1.000000032684362
994.599,2.34404,1.19405,1.925147252299814,1.21759,1.000000032669153
994.685,2.09279,1.18469,1.907167025966787,1.09733,1.000000032653816
994.770,2.13650,1.19801,1.898006837495537,1.12566,1.000000032638361
994.856,1.88279,1.11251,1.888838779707540,0.996799,1.000000032622765
994.941,2.28580,1.13688,1.879668478210381,1.21607,1.000000032607037
995.027,2.11811,1.11780,1.870497037425440,1.13238,1.000000032591176
995.112,2.21245,1.12827,1.861323357231406,1.18864,1.000000032575179
995.198,1.93756,1.11190,1.874221286371367,1.03379,1.000000032559046
995.283,2.30659,1.13145,1.904545128693810,1.21110,1.000000032542776
995.369,2.03851,1.10226,1.934852585643898,1.05357,1.000000032526377
995.454,2.55975,1.13794,1.965187280726341,1.30255,1.000000032509825
995.540,2.13626,1.10273,1.995527647087351,1.07052,1.000000032493131
995.625,2.06463,1.10267,2.025917090188671,1.01911,1.000000032476269
995.711,1.87364,1.09408,2.018845380417615,0.928073,1.000000032459307
995.796,1.98708,1.11638,2.004049280954602,0.991531,1.000000032442175
995.882,2.30362,1.14251,1.989250213527111,1.15803,1.000000032424893
995.967,2.33418,1.13001,1.974459081115201,1.18219,1.000000032407472
996.053,2.21369,1.12061,1.959654554751192,1.12963,1.000000032389886
996.138,2.14145,1.10859,1.947667815053922,1.09949,1.000000032372145
996.224,1.97261,1.09860,1.961936051757701,1.00544,1.000000032354223
996.309,2.31522,1.11065,1.976186538362491,1.17156,1.000000032336167
996.395,2.25499,1.10769,1.990429207420488,1.13292,1.000000032317963
996.480,2.27903,1.10819,2.004684907648820,1.13685,1.000000032299585
996.566,1.83371,1.08127,2.018943134755860,0.908254,1.000000032281043
996.651,1.71345,1.07380,2.016983794941031,0.849512,1.000000032262360
996.737,1.63769,1.06454,1.997718942276166,0.819779,1.000000032243484
996.822,1.72552,1.06592,1.978422773723703,0.872171,1.000000032224411
996.908,2.03072,1.08699,1.959150590185408,1.03653,1.000000032205192
996.993,2.02220,1.09944,1.939888702918864,1.04243,1.000000032185813
997.079,2.74844,1.15551,1.920609481660030,1.43103,1.000000032166244
997.164,2.52522,1.13474,1.908864583268771,1.32289,1.000000032146497
997.250,2.89394,1.15409,1.899581341488226,1.52346,1.000000032126570
997.335,2.58744,1.13332,1.890295866632601,1.36880,1.000000032106459
997.421,2.91321,1.16644,1.881008701608306,1.54875,1.000000032086164
997.506,2.18652,1.09972,1.871720042497794,1.16819,1.000000032065681
997.592,1.72312,1.06115,1.863272160228510,0.924782,1.000000032045023
997.677,1.72551,1.05114,1.891776073655434,0.912112,1.000000032024159
997.763,2.29415,1.10028,1.920285154176873,1.19469,1.000000032003101
997.848,2.39432,1.09906,1.948799383199435,1.22861,1.000000031981847
997.934,2.18289,1.08158,1.977318551065518,1.10396,1.000000031960392
998.019,1.87312,1.05403,2.005843007668622,0.933834,1.000000031938737
998.105,2.17031,1.09381,2.025907747815481,1.07128,1.000000031916878
998.190,2.31298,1.11340,2.025442059541968,1.14196,1.000000031894827
998.276,2.55630,1.13910,2.024975993520057,1.26238,1.000000031872552
998.361,2.54872,1.13594,2.024509590084123,1.25893,1.000000031850064
998.447,2.60912,1.13409,2.024043657366926,1.28906,1.000000031827363
998.532,2.05969,1.08986,2.023577239941554,1.01785,1.000000031804444
998.618,1.79405,1.05436,2.022716089583646,0.886950,1.000000031781304
998.703,1.41740,1.02657,2.021546340413730,0.701144,1.000000031757943
998.789,2.29866,1.09312,2.020377162050175,1.13774,1.000000031734371
998.874,2.73727,1.13942,2.019206689472190,1.35562,1.000000031710555
998.960,2.94909,1.15539,2.018036060438613,1.46136,1.000000031686507
999.045,2.87012,1.15060,2.016865173129534,1.42306,1.000000031662225
999.131,2.69845,1.12795,2.018359616139882,1.33695,1.000000031637704
999.216,2.49485,1.11118,2.020399740438564,1.23483,1.000000031612944
999.302,2.29422,1.08992,2.022440269182574,1.13438,1.000000031587939
999.387,1.99107,1.06662,2.024479674684612,0.983496,1.000000031562705
999.473,2.19533,1.08049,2.026520864062846,1.08330,1.000000031537203
999.558,1.94163,1.05599,2.028364315709814,0.957237,1.000000031511447
999.644,1.88797,1.03869,2.028413805002665,0.930761,1.000000031485434
999.729,1.84012,1.03312,2.028463096115658,0.907149,1.000000031459161
999.815,1.93709,1.02984,2.028512351251242,0.954930,1.000000031432624
999.901,2.19104,1.05671,2.028561626702953,1.08010,1.000000031405819
999.986,2.43079,1.06963,2.028610683383737,1.19825,1.000000031378762
1000.07,2.53128,1.09441,2.028360363416707,1.24794,1.000000031351413
1000.16,2.42897,1.08493,2.027595868103101,1.19796,1.000000031323784
1000.24,2.23651,1.07128,2.026831382804281,1.10345,1.000000031295873
1000.33,2.18777,1.06902,2.026066552826443,1.07981,1.000000031267676
1000.41,2.08335,1.06142,2.025301565840969,1.02866,1.000000031239190
1000.50,1.69341,1.02310,2.024536373675253,0.836442,1.000000031210409
1000.58,1.59666,1.01656,2.022650069664977,0.789391,1.000000031181310
1000.67,1.94552,1.05822,2.020128653917012,0.963066,1.000000031151929
1000.76,2.16828,1.08329,2.017610285657514,1.07468,1.000000031122284
1000.84,2.08072,1.06690,2.015087584375955,1.03257,1.000000031092287
1000.93,2.12224,1.06437,2.012564720069518,1.05450,1.000000031061975
1001.01,2.41670,1.08794,2.010041143289267,1.20231,1.000000031031344
1001.10,2.37855,1.08604,2.012387545138135,1.18195,1.000000031000389
1001.18,2.11818,1.07295,2.015239080574607,1.05108,1.000000030969084
1001.27,1.76623,1.03812,2.018089288426480,0.875198,1.000000030937467
1001.35,2.01805,1.05361,2.020939327515693,0.998570,1.000000030905514
1001.44,1.82988,1.02004,2.023789912231022,0.904184,1.000000030873217
1001.53,2.47463,1.08278,2.025007990884605,1.22204,1.000000030840574
1001.61,2.03202,1.04730,2.018632076512370,1.00663,1.000000030807578
1001.70,2.18094,1.06041,2.012263503868689,1.08382,1.000000030774271
1001.78,1.88831,1.03326,2.005880616581209,0.941388,1.000000030740533
1001.87,2.03200,1.04307,1.999501207450523,1.01625,1.000000030706449
1001.95,1.87117,1.03666,1.993120264888507,0.938814,1.000000030671993
1002.04,1.66629,1.01376,1.989905717831431,0.837369,1.000000030637157
1002.12,1.90844,1.04061,1.993153016568912,0.957499,1.000000030601913
1002.21,1.89804,1.04537,1.996398372409015,0.950734,1.000000030566304
1002.29,2.03031,1.05025,1.999644415505418,1.01534,1.000000030530299
1002.38,2.02821,1.04652,2.002890764697287,1.01264,1.000000030493893
1002.47,2.38308,1.07062,2.006133068481281,1.18790,1.000000030457131
1002.55,2.39852,1.08049,2.008557280957476,1.19415,1.000000030419905
1002.64,2.70164,1.10938,2.010428192875680,1.34381,1.000000030382259
1002.72,2.70993,1.09975,2.012299526611054,1.34669,1.000000030344187
1002.81,3.04975,1.12319,2.014172527533340,1.51414,1.000000030305656
1002.89,3.03088,1.11269,2.016043905870589,1.50338,1.000000030266711
1002.98,2.84929,1.10012,2.017918780259641,1.41200,1.000000030227266
1003.06,2.50021,1.08186,2.018554767803261,1.23862,1.000000030187424
1003.15,2.22434,1.09258,2.019005759703932,1.10170,1.000000030147151
1003.24,2.27096,1.09889,2.019456844876069,1.12454,1.000000030106412
1003.32,2.45409,1.11052,2.019907728315352,1.21495,1.000000030065201
1003.41,3.01660,1.13494,2.020359333093016,1.49310,1.000000030023479
1003.49,3.11224,1.13851,2.020685728191354,1.54019,1.000000029981269
1003.58,2.90986,1.10540,2.020232977099143,1.44036,1.000000029938503
1003.66,2.46407,1.06683,2.019780270878450,1.21997,1.000000029895292
1003.75,1.87362,1.01554,2.019328023087220,0.927845,1.000000029851600
1003.83,2.24250,1.05508,2.018875045224262,1.11077,1.000000029807359
1003.92,2.15887,1.04202,2.018421944703390,1.06959,1.000000029762589
1004.00,2.43021,1.07334,2.017800285218017,1.20439,1.000000029717282
1004.09,1.98376,1.03257,2.016933987638074,0.983553,1.000000029671431
1004.18,2.13540,1.03817,2.016067645414174,1.05919,1.000000029625026
1004.26,2.14465,1.03201,2.015201026802257,1.06424,1.000000029578058
1004.35,2.24481,1.03601,2.014334867999219,1.11442,1.000000029530551
1004.43,2.24389,1.03142,2.013467858146468,1.11444,1.000000029482431
1004.52,2.48097,1.04519,2.013385124951717,1.23224,1.000000029433720
1004.60,2.67166,1.06301,2.013677537376134,1.32676,1.000000029384408
1004.69,2.68082,1.06558,2.013969823858888,1.33111,1.000000029334486
1004.77,2.60134,1.06417,2.014262379985861,1.29146,1.000000029283909
1004.86,2.56189,1.05298,2.014554277692170,1.27169,1.000000029232771
1004.95,2.36917,1.04030,2.014846258721396,1.17586,1.000000029180994
1005.03,2.35964,1.03001,2.012378881595194,1.17256,1.000000029128530
1005.12,2.16746,1.01927,2.009340295940427,1.07869,1.000000029075402
1005.20,2.35005,1.01907,2.006301333033341,1.17134,1.000000029021600
1005.29,2.43072,1.03252,2.003261545408839,1.21338,1.000000028967112
1005.37,2.41392,1.02119,2.000219129679907,1.20683,1.000000028911890
1005.46,2.15899,1.00862,1.991437628663796,1.08414,1.000000028855996
1005.54,1.77030,0.974121,1.930527320123453,0.917004,1.000000028799382
1005.63,1.38823,0.948376,1.869605596780854,0.742526,1.000000028742034
1005.72,1.31065,0.935679,1.808673292952462,0.724646,1.000000028683941
1005.80,1.60979,0.956866,1.747816952507519,0.921031,1.000000028625170
1005.89,1.89036,0.987695,1.686862411473917,1.12064,1.000000028565546
1005.97,1.73993,0.980020,1.670636803320922,1.04147,1.000000028505093
1006.06,1.82058,0.992005,1.731266492985329,1.05159,1.000000028443882
1006.14,1.62633,0.968467,1.791906988392907,0.907599,1.000000028381858
1006.23,1.99103,0.992276,1.852558439477286,1.07475,1.000000028319005
1006.31,1.84793,0.967245,1.913220808696933,0.965874,1.000000028255309
1006.40,1.93510,0.975609,1.973893991847222,0.980348,1.000000028190755
1006.48,2.01478,0.995365,1.994954076727575,1.00994,1.000000028125327
1006.57,2.18275,1.02113,1.993545367336702,1.09491,1.000000028059056
1006.66,2.02730,1.00639,1.992135170408565,1.01765,1.000000027991835
1006.74,1.73836,0.981473,1.990725039156479,0.873229,1.000000027923690
1006.83,1.78200,0.990589,1.989314379474106,0.895784,1.000000027854607
1006.91,2.44404,1.05167,1.987903450683255,1.22946,1.000000027784567
1007.00,2.58766,1.04670,1.989345107096345,1.30076,1.000000027713553
1007.08,2.63706,1.03938,1.991544024870859,1.32413,1.000000027641548
1007.17,2.21351,0.996726,1.993741932464680,1.11023,1.000000027568583
1007.25,2.11265,0.999188,1.995941940296959,1.05847,1.000000027494538
1007.34,1.92681,0.979631,1.998142277027455,0.964301,1.000000027419444
1007.43,2.30763,1.01313,1.998743183969742,1.15454,1.000000027343281
1007.51,2.18038,0.999350,1.973941821603246,1.10458,1.000000027266028
1007.60,2.23188,1.01208,1.949135695034307,1.14506,1.000000027187666
1007.68,1.77680,0.974632,1.924325078927406,0.923335,1.000000027108173
1007.77,2.04756,1.00347,1.899527828952494,1.07793,1.000000027027582
1007.85,1.83814,1.01302,1.874708123155906,0.980492,1.000000026945762
1007.94,1.83367,1.02066,1.860471965788016,0.985596,1.000000026862742
1008.02,1.55993,0.991104,1.885762266513284,0.827215,1.000000026778500
1008.11,1.67622,0.971501,1.911057301091923,0.877119,1.000000026693012
1008.19,1.93496,0.976947,1.936356586519859,0.999280,1.000000026606254
1008.28,2.16252,0.994135,1.961660667529584,1.10239,1.000000026518201
1008.37,1.97068,1.05851,1.986950800666168,0.991813,1.000000026428888
1008.45,2.42125,1.15824,1.999488953924749,1.21093,1.000000026338165
1008.54,2.88382,1.21924,1.998209396745757,1.44320,1.000000026246067
1008.62,3.20409,1.16815,1.996929766217638,1.60451,1.000000026152565
1008.71,2.65301,1.05838,1.995649816351396,1.32940,1.000000026057631
1008.79,2.32090,1.00529,1.994368584157629,1.16373,1.000000025961168
1008.88,2.16532,0.983409,1.993088144269488,1.08641,1.000000025863281
1008.96,2.20226,1.00004,1.993722351199555,1.10460,1.000000025763871
1009.05,1.62251,0.962173,1.995463078551103,0.813097,1.000000025662910
1009.14,1.27711,0.935580,1.997201644924556,0.639450,1.000000025560504
1009.22,0.797710,0.891020,1.998943008024985,0.399066,1.000000025456339
1009.31,0.978452,0.907717,2.000684666253826,0.489059,1.000000025350516
1009.39,1.12078,0.921988,2.002429172867188,0.559711,1.000000025242857
1009.48,1.39439,0.942987,1.975905712008995,0.705695,1.000000025133694
1009.56,1.43851,0.940182,1.946315306075464,0.739095,1.000000025022697
1009.65,1.81126,0.970653,1.916719350682257,0.944977,1.000000024909899
1009.73,1.72917,0.961184,1.887118099184442,0.916303,1.000000024795259
1009.82,1.59733,0.955158,1.857469525061927,0.859949,1.000000024678580
1009.90,1.32121,0.927914,1.826262308484912,0.723453,1.000000024560221
1009.99,1.24995,0.928508,1.767653618918777,0.707122,1.000000024439906
1010.08,1.47095,0.948997,1.709034402826169,0.860691,1.000000024317586
1010.16,1.61005,0.970222,1.650363175760583,0.975572,1.000000024193129
1010.25,1.80496,1.00181,1.591681273919743,1.13399,1.000000024066575
1010.33,2.06405,1.02545,1.532988640127454,1.34642,1.000000023937873
1010.42,2.09360,1.02313,1.521158747159087,1.37632,1.000000023806799
1010.50,2.03536,0.992880,1.606670299031980,1.26682,1.000000023673751
1010.59,1.82037,0.977361,1.692258086912899,1.07570,1.000000023538320
1010.67,2.51281,1.04368,1.777861068768510,1.41339,1.000000023400540
1010.76,2.41868,1.05334,1.863479283921308,1.29794,1.000000023260361
1010.85,2.83935,1.08558,1.948990547113419,1.45683,1.000000023117920
1010.93,2.13843,1.02237,1.986485143587899,1.07649,1.000000022972766
1011.02,2.23352,1.02144,1.970968248808863,1.13321,1.000000022824831
1011.10,1.80282,0.989774,1.955482131775236,0.921932,1.000000022674564
1011.19,1.75429,0.982498,1.939981703564912,0.904281,1.000000022521498
1011.27,1.83959,0.989249,1.924478554392661,0.955890,1.000000022365666
1011.36,2.02154,0.990495,1.908972656054175,1.05897,1.000000022207002
1011.44,2.20158,1.01705,1.916226296477330,1.14891,1.000000022045437
1011.53,1.99542,1.00289,1.931207059684575,1.03325,1.000000021880900
1011.61,1.79793,0.994770,1.946190195275454,0.923821,1.000000021713320
1011.70,1.36877,0.952330,1.961165696466385,0.697936,1.000000021542737
1011.79,1.37236,0.960054,1.976154199323902,0.694458,1.000000021368840
1011.87,1.31971,0.958217,1.991145678596749,0.662791,1.000000021191663
1011.96,1.55156,0.966968,1.986757339775222,0.780952,1.000000021011125
1012.04,1.69527,0.980225,1.980181789121872,0.856117,1.000000020827139
1012.13,1.60379,0.967638,1.973605251925004,0.812619,1.000000020639616
1012.21,1.37071,0.952333,1.967022641931526,0.696847,1.000000020448334
1012.30,1.18760,0.928002,1.960443916321684,0.605779,1.000000020253462
1012.38,1.19110,0.928352,1.948481599348579,0.611297,1.000000020054777
1012.47,1.71749,0.972130,1.910137098321014,0.899144,1.000000019852455
1012.56,2.52135,1.04844,1.871731216972121,1.34707,1.000000019645837
1012.64,2.75912,1.07541,1.833318486477561,1.50498,1.000000019435087
1012.73,2.61230,1.07687,1.794898662764558,1.45540,1.000000019220096
1012.81,1.85493,1.02061,1.756444739014315,1.05607,1.000000019000599
1012.90,1.76985,1.00670,1.744481898419505,1.01454,1.000000018776779
1012.98,1.59266,0.980862,1.788463013447424,0.890517,1.000000018548367
1013.07,1.74281,0.979368,1.832451725039114,0.951081,1.000000018315234
1013.15,1.94597,1.00235,1.876448391882675,1.03705,1.000000018077247
1013.24,1.79194,0.985696,1.920484465933086,0.933067,1.000000017834112
1013.32,2.26522,1.02931,1.964402052794831,1.15313,1.000000017586527
1013.41,2.14969,1.00315,1.987243110109898,1.08174,1.000000017332992
1013.50,2.77066,1.05998,1.986445270718512,1.39478,1.000000017074199
1013.58,2.29276,1.01041,1.985646894638414,1.15467,1.000000016809829
1013.67,2.52805,1.04166,1.984848436443425,1.27368,1.000000016539719
1013.75,2.14583,1.00336,1.984049792739232,1.08154,1.000000016263699
1013.84,2.00277,0.993917,1.983250349032036,1.00984,1.000000015981401
1013.92,1.95955,0.984851,1.983653326333696,0.987847,1.000000015693034
1014.01,2.01242,0.995504,1.984470774317094,1.01409,1.000000015398222
1014.09,2.34895,1.02002,1.985288377509882,1.18318,1.000000015096773
1014.18,2.11142,1.00393,1.986104390227203,1.06309,1.000000014788910
1014.27,1.96751,0.994032,1.986922301591726,0.990228,1.000000014473578
1014.35,2.28764,1.01905,1.987740078317225,1.15088,1.000000014150969
1014.44,2.37463,1.02748,1.978472921042894,1.20024,1.000000013820639
1014.52,2.64450,1.03809,1.968030210546260,1.34373,1.000000013482805
1014.61,2.20800,1.00260,1.957585636961043,1.12792,1.000000013137004
1014.69,1.96227,0.974562,1.947139273655081,1.00777,1.000000012782980
1014.78,2.04915,0.986480,1.936690799750437,1.05807,1.000000012420471
1014.86,2.20057,1.00944,1.927096609935666,1.14191,1.000000012049206
1014.95,2.44667,1.02844,1.934275041057379,1.26490,1.000000011669161
1015.04,2.08915,1.00567,1.941460394768700,1.07607,1.000000011279519
1015.12,1.66829,0.964032,1.948646274153045,0.856127,1.000000010880225
1015.21,1.45163,0.941842,1.955833857355864,0.742206,1.000000010470961
1015.29,1.29383,0.921146,1.963022672753182,0.659103,1.000000010051393
1015.38,1.45560,0.924791,1.968680237034012,0.739380,1.000000009621170
1015.46,1.14185,0.900189,1.968230321014836,0.580139,1.000000009179934
1015.55,1.09252,0.889391,1.967780544517141,0.555203,1.000000008727614
1015.63,1.41247,0.919266,1.967330153017538,0.717961,1.000000008263194
1015.72,1.58405,0.931301,1.966879771711462,0.805362,1.000000007786563
1015.80,2.07797,0.967891,1.966429219459685,1.05673,1.000000007297291
1015.89,2.25080,0.986291,1.966368889788320,1.14465,1.000000006794929
1015.98,2.52266,1.01593,1.966748573694798,1.28265,1.000000006279004
1016.06,2.42449,1.01319,1.967128104649760,1.23250,1.000000005749028
1016.15,2.05800,0.978325,1.967507621954503,1.04599,1.000000005204858
1016.23,2.24485,0.994719,1.967887179756356,1.14074,1.000000004645209
1016.32,2.20340,0.989364,1.968267377937081,1.11946,1.000000004069877
1016.40,2.16164,0.984846,1.967340758273121,1.09876,1.000000003478277
1016.49,1.88190,0.952811,1.965618986776343,0.957410,1.000000002869788
1016.57,1.74899,0.941138,1.963896896962639,0.890572,1.000000002243759
1016.66,1.88185,0.943095,1.962174488789316,0.959063,1.000000001599516
1016.75,1.88349,0.938850,1.960453084816584,0.960744,1.000000000936798
1016.83,2.00928,0.953659,1.958729784902682,1.02581,1.000000000253945
1016.92,1.73873,0.941172,1.950098320140676,0.891613,0.9999999995506109
1017.00,1.87549,0.960666,1.939444854719133,0.967026,0.9999999988259725
1017.09,1.64921,0.934288,1.928789652928330,0.855052,0.9999999980791590
1017.17,1.62009,0.925321,1.918132410703952,0.844620,0.9999999973092544
1017.26,1.70157,0.930644,1.907473394795498,0.892053,0.9999999965153019
1017.34,1.91178,0.951869,1.896819801265509,1.00789,0.9999999956968489
1017.43,2.00352,0.956239,1.879215985640301,1.06615,0.9999999948517045
1017.51,1.81259,0.932216,1.861052450285327,0.973962,0.9999999939792850
1017.60,1.89291,0.928200,1.842885672245342,1.02715,0.9999999930784100
1017.69,2.27856,0.953527,1.824715461582874,1.24872,0.9999999921478241
1017.77,2.30348,1.03511,1.806542528959728,1.27508,0.9999999911862023
1017.86,2.23052,1.03572,1.791116791004442,1.24532,0.9999999901921548
1017.94,1.76880,1.00655,1.807967884578703,0.978336,0.9999999891649081
1018.03,1.73605,0.924302,1.824833385593417,0.951347,0.9999999881014879
1018.11,1.49194,0.898964,1.841702258833490,0.810088,0.9999999870008980
1018.20,1.37454,0.882267,1.858597714329254,0.739556,0.9999999858598467
1018.28,1.30371,0.882011,1.875448480527585,0.695145,0.9999999846812161
1018.37,1.94365,0.937804,1.889144724418247,1.02885,0.9999999834582882
1018.46,1.72652,0.920022,1.892226123577628,0.912431,0.9999999821905101
1018.54,1.50914,0.890998,1.895307877113580,0.796253,0.9999999808756898
1018.63,0.939308,0.848897,1.898387937358466,0.494792,0.9999999795123985
1018.71,1.28443,0.880400,1.901470743443465,0.675494,0.9999999780962193
1018.80,1.62934,0.906601,1.904558408756041,0.855496,0.9999999766233473
1018.88,1.54331,0.896709,1.909101041927411,0.808394,0.9999999750949614
1018.97,1.71771,0.903327,1.915985091365458,0.896518,0.9999999735060786
1019.05,1.63062,0.897054,1.922865047549360,0.848015,0.9999999718545527
1019.14,1.93040,0.920205,1.929751205802199,1.00034,0.9999999701346756
1019.22,1.70758,0.907792,1.936628713607710,0.881726,0.9999999683462886
1019.31,1.83443,0.916582,1.943517026128527,0.943873,0.9999999664804802
1019.40,1.43911,0.880564,1.943311244188246,0.740544,0.9999999645326636
1019.48,1.47674,0.876673,1.936945266299856,0.762406,0.9999999625036146
1019.57,1.34065,0.862320,1.930578483634410,0.694431,0.9999999603858620
1019.65,1.63302,0.883651,1.924214398336199,0.848669,0.9999999581756064
1019.74,1.49245,0.877409,1.917845432462708,0.778191,0.9999999558640799
1019.82,1.43670,0.871441,1.911465831450319,0.751622,0.9999999534432663
1019.91,1.25923,0.852846,1.909248225022485,0.659545,0.9999999509132363
1019.99,1.56075,0.870598,1.908901807943834,0.817618,0.9999999482673161
1020.08,1.87439,0.903819,1.908554778983246,0.982100,0.9999999454904791
1020.17,1.77470,0.899605,1.908207426253310,0.930036,0.9999999425778791
1020.25,1.96002,0.923031,1.907860410762098,1.02734,0.9999999395226058
1020.34,1.61589,0.887897,1.907512746662115,0.847119,0.9999999363105537
1020.42,1.76970,0.901193,1.910795280931457,0.926158,0.9999999329283347
1020.51,1.45514,0.871608,1.914762287394292,0.759961,0.9999999293735068
1020.59,1.35870,0.869628,1.918732639377977,0.708125,0.9999999256262888
1020.68,1.25597,0.857952,1.922701115659139,0.653235,0.9999999216779042
1020.76,1.41231,0.867832,1.926664352157507,0.733034,0.9999999175164442
1020.85,1.64284,0.887492,1.930633933654248,0.850933,0.9999999131138635
1020.93,1.75083,0.897725,1.915632473222760,0.913969,0.9999999084636622
1021.02,1.31369,0.861786,1.900462087539058,0.691250,0.9999999035261239
1021.11,1.17545,0.847393,1.885310795388864,0.623477,0.9999998982985077
1021.19,1.08771,0.838187,1.870145769513836,0.581615,0.9999998927459405
1021.28,1.34034,0.851677,1.854989110250712,0.722560,0.9999998868486285
1021.36,1.30347,0.837149,1.838433241753457,0.709014,0.9999998805726344
1021.45,1.08581,0.818788,1.813772637317479,0.598648,0.9999998738841680
1021.53,0.658694,0.790015,1.789107945040821,0.368169,0.9999998667455693
1021.62,0.491086,0.781903,1.764438935861960,0.278324,0.9999998591148437
1021.70,0.337630,0.767139,1.739800640987815,0.194062,0.9999998509560082
1021.79,0.589505,0.788196,1.715105269093002,0.343714,0.9999998421872875
1021.88,0.506661,0.784631,1.696020298814712,0.298735,0.9999998327710118
1021.96,0.961600,0.815417,1.690051254081392,0.568977,0.9999998226330891
1022.05,0.798879,0.798436,1.684080899664747,0.474371,0.9999998116948686
1022.13,1.17006,0.827694,1.678109993594456,0.697251,0.9999997998640192
1022.22,1.13851,0.830448,1.672137534918377,0.680871,0.9999997870310313
1022.30,1.37104,0.846576,1.666168371617774,0.822868,0.9999997730635000
1022.39,1.29327,0.837214,1.660680720309905,0.778759,0.9999997577328079
1022.47,1.35429,0.844407,1.655784255463810,0.817917,0.9999997406823613
1022.56,1.33713,0.836344,1.650886495174648,0.809946,0.9999997211585135
1022.65,1.59497,0.861400,1.645988259351051,0.969002,0.9999996974307465
1022.73,1.49461,0.850822,1.641088985038082,0.910743,0.9999996653401033
1022.82,1.54320,0.855820,1.636188568728425,0.943168,0.9999996148307885
1022.90,1.21853,0.815276,1.635495362884636,0.745054,0.9999995220091112
1022.99,1.30583,0.817676,1.637567912364849,0.797423,0.9999993306188880
1023.07,1.63998,0.853388,1.639637809512146,1.00021,0.9999989148019929
1023.16,1.84863,0.873012,1.641707689265594,1.12604,0.9999979972132731
1023.24,1.80968,0.865710,1.643778281239626,1.10093,0.9999959889757117
1023.33,1.32910,0.815852,1.645846089973452,0.807547,0.9999916871340315
1023.41,1.28854,0.812315,1.639242333423452,0.786056,0.9999826749616300
1023.50,1.16622,0.800887,1.629841811716928,0.715543,0.9999643444064567
1023.59,1.31795,0.808536,1.620419843154372,0.813336,0.9999280131706512
1023.67,0.866469,0.772304,1.611009616492984,0.537842,0.9998583545479683
1023.76,0.657121,0.754490,1.601597743217116,0.410291,0.9997286625341728
1023.84,0.449753,0.740453,1.592184066120256,0.282475,0.9994944929616582
1023.93,0.450854,0.739353,1.589633092687880,0.283621,0.9990849277583644
1024.01,0.335482,0.732336,1.587764214211871,0.211292,0.9983896733029481
1024.10,0.139107,0.721512,1.585893560315210,0.0877152,0.9972459166588932
1024.18,-0.0258393,0.713245,1.584025449043130,-0.0163124,0.9954280314311715
1024.27,-0.0344471,0.712606,1.582156987438145,-0.0217723,0.9926286872565726
1024.36,-0.00180712,0.713725,1.579783912760807,-0.00114390,0.9884531760877910
1024.44,0.0400697,0.714686,1.569751385202197,0.0255262,0.9824521410961847
1024.53,0.124229,0.717210,1.559702489523638,0.0796491,0.9741056982552148
1024.61,0.168305,0.718204,1.549666295032009,0.108607,0.9629464061701725
1024.70,0.207693,0.719218,1.539613984899286,0.134899,0.9485456611007289
1024.78,0.174308,0.723320,1.529559970808970,0.113959,0.9307078117416544
1024.87,0.0848572,0.718764,1.504972778867287,0.0563845,0.9095406143695625
1024.95,-0.00530939,0.714313,1.344949030997691,-0.00394765,0.8854210507394678
1025.04,0.00286663,0.732439,1.185354512369193,0.00241837,0.8592646135886451
1025.12,0.111888,0.831650,1.025275555761580,0.109130,0.8320855957376463
1025.21,0.154326,0.925909,0.8653973539327318,0.178330,0.8053917517268845
1025.30,0.0456329,0.989196,0.7052629565638592,0.0647034,0.7806175306062865
1025.38,-0.0725770,0.982213,0.5795518541882145,-0.125230,0.7592599898653186
1025.47,0.00254617,0.969293,0.5574095822580566,0.00456785,0.7426144148235735
1025.55,-0.0561133,0.964801,0.5352317812772014,-0.104839,0.7316258368238693
1025.64,0.0898312,0.911337,0.5130818150637186,0.175082,0.7269680887375592
1025.72,0.0556720,0.831959,0.4908964027492926,0.113409,0.7288981563072544
1025.81,0.319880,0.759453,0.4687387332383224,0.682426,0.7372948002751272
1025.89,0.385981,0.732621,0.5232944528238319,0.737598,0.7516613115293054
1025.98,0.578512,0.742189,0.6925040681596533,0.835391,0.7711743104978163
1026.07,0.724354,0.746916,0.8615015976009944,0.840804,0.7946168417355937
1026.15,0.947292,0.763983,1.030769748293592,0.919014,0.8206593599951310
1026.24,0.913986,0.763909,1.199825575704823,0.761766,0.8477358171185856
1026.32,1.23354,0.789999,1.369151948834473,0.900952,0.8744629557320626
1026.41,1.12977,0.775651,1.459484393660172,0.774088,0.8995030400963644
1026.49,1.18085,0.777021,1.448385614587557,0.815288,0.9219353815836900
1026.58,1.03837,0.765740,1.437269009487097,0.722459,0.9411953169351182
1026.66,1.19849,0.779196,1.426166002019727,0.840357,0.9570109192735834
1026.75,1.23218,0.783067,1.415045401195507,0.870768,0.9695219404605631
1026.83,1.03070,0.762612,1.403938885985466,0.734147,0.9790199671928884
1026.92,0.951813,0.749989,1.393625789166092,0.682976,0.9859879465545259
1027.01,1.03134,0.751104,1.383890570661047,0.745244,0.9909076170369644
1027.09,1.06799,0.760017,1.374153699623710,0.777200,0.9942690230752173
1027.18,1.13848,0.771570,1.364401235389619,0.834418,0.9964928085695556
1027.26,1.44763,0.804842,1.354660960738324,1.06863,0.9979128916433726
1027.35,1.63213,0.822514,1.344904935195712,1.21357,0.9987936723422459
1027.43,1.57659,0.825176,1.337160897339500,1.17906,0.9993221929956745
1027.52,1.44496,0.808971,1.330126093584827,1.08634,0.9996293515104533
1027.60,1.31042,0.794373,1.323090192075613,0.990421,0.9998028080873093
1027.69,1.50803,0.799481,1.316053315635496,1.14588,0.9998978590363036
1027.78,1.43046,0.795170,1.309004791438697,1.09279,0.9999484651191245
1027.86,1.52796,0.793293,1.301965237594462,1.17358,0.9999745538430815
1027.95,1.38229,0.785000,1.298192517575149,1.06478,0.9999876571004160
1028.03,1.23613,0.766683,1.295364908236873,0.954272,0.9999940454901922
1028.12,1.27438,0.772294,1.292540785624124,0.985948,0.9999970769853173
1028.20,1.27418,0.764532,1.289712314278060,0.987961,0.9999984876010687
1028.29,1.58307,0.789557,1.286887421325693,1.23015,0.9999991324059121
1028.37,1.51591,0.783757,1.284061812305921,1.18056,0.9999994277420102
1028.46,1.25999,0.773144,1.282785364138840,0.982232,0.9999995670032648
1028.54,1.22192,0.772627,1.281626118411643,0.953417,0.9999996379343234
1028.63,1.25645,0.771115,1.280466802988723,0.981241,0.9999996790302996
1028.72,1.51225,0.785193,1.279308939898421,1.18209,0.9999997068727288
1028.80,1.62392,0.793842,1.278149234394760,1.27053,0.9999997285128903
1028.89,1.51021,0.782906,1.276990954081310,1.18264,0.9999997467965873
1028.97,1.40034,0.775126,1.276265130401810,1.09722,0.9999997630088676
1029.06,1.42996,0.762870,1.275556233662474,1.12105,0.9999997776649560
1029.14,1.67733,0.786551,1.274846166153114,1.31571,0.9999997910929077
1029.23,2.14750,0.818464,1.274137058335938,1.68546,0.9999998034326633
1029.31,2.38457,0.855875,1.273427934017556,1.87256,0.9999998148283333
1029.40,2.79751,0.884838,1.272339049061534,2.19871,0.9999998253945954
1029.49,2.64688,0.872868,1.268398211530269,2.08679,0.9999998351876866
1029.57,2.62783,0.858861,1.264451301826026,2.07824,0.9999998443073485
1029.66,2.24308,0.828996,1.260509168325927,1.77950,0.9999998527930191
1029.74,2.77939,0.868038,1.256560846666511,2.21191,0.9999998607243711
1029.83,2.78255,0.869353,1.252611836493585,2.22140,0.9999998681396040
1029.91,3.13358,0.889711,1.249446234786090,2.50798,0.9999998750740194
1030.00,2.90737,0.873269,1.250596828463056,2.32479,0.9999998815778048
1030.08,2.61083,0.847754,1.251747521552125,2.08575,0.9999998876867155
1030.17,2.39097,0.846626,1.252899821017176,1.90835,0.9999998934401354
1030.26,1.98793,0.814222,1.254050854112611,1.58521,0.9999998988510954
1030.34,1.88877,0.803220,1.255203768190019,1.50475,0.9999999039602308
1030.43,1.51726,0.762237,1.253219011573707,1.21069,0.9999999087833694
1030.51,1.32904,0.751660,1.244105367532819,1.06827,0.9999999133356696
1030.60,1.13277,0.738224,1.234977126882498,0.917240,0.9999999176487963
1030.68,1.20944,0.754948,1.225860367219033,0.986603,0.9999999217285910
1030.77,1.36028,0.765677,1.216728996907297,1.11798,0.9999999256020444
1030.85,1.54891,0.789349,1.207609254506240,1.28262,0.9999999292731805
1030.94,1.44067,0.775697,1.211923119942885,1.18875,0.9999999327607200
1031.02,1.32962,0.776733,1.242364420643248,1.07024,0.9999999360812802
1031.11,1.29077,0.769266,1.272767493606453,1.01415,0.9999999392370068
1031.20,1.24657,0.764555,1.303219031418468,0.956535,0.9999999422467262
1031.28,1.17740,0.759323,1.333632469656795,0.882852,0.9999999451117710
1031.37,1.22142,0.766177,1.364094593581513,0.895410,0.9999999478486689
1031.45,1.23541,0.766609,1.394747985395813,0.885759,0.9999999504614756
1031.54,1.50129,0.784317,1.425553618304600,1.05313,0.9999999529543008
1031.62,1.44114,0.779483,1.456408525345914,0.989518,0.9999999553407877
1031.71,1.77396,0.811465,1.487180692440979,1.19283,0.9999999576178563
1031.79,1.81985,0.814806,1.518045912396994,1.19881,0.9999999598038413
1031.88,2.00146,0.830156,1.548872610783168,1.29221,0.9999999618951828
1031.97,1.99644,0.834008,1.575736605415869,1.26699,0.9999999639026430
1032.05,1.79837,0.812021,1.599016220715832,1.12468,0.9999999658280672
1032.14,1.86007,0.810989,1.622266409785452,1.14659,0.9999999676734157
1032.22,1.79888,0.796141,1.645553958944234,1.09318,0.9999999694478571
1032.31,1.92607,0.811066,1.668812000834621,1.15416,0.9999999711504589
1032.39,1.63465,0.790639,1.692107268182978,0.966044,0.9999999727894375
1032.48,1.41761,0.770219,1.685936003919576,0.840844,0.9999999743637413
1032.56,1.59047,0.780698,1.665971398799781,0.954682,0.9999999758807908
1032.65,1.55053,0.781651,1.646031899662399,0.941983,0.9999999773394248
1032.73,1.48139,0.780862,1.626089127566342,0.911012,0.9999999787445306
1032.82,1.30471,0.760584,1.606114515356934,0.812340,0.9999999801005374
1032.91,1.36723,0.761474,1.586164936589430,0.861975,0.9999999814062058
1032.99,1.41309,0.760062,1.570602838720309,0.899714,0.9999999826673724
1033.08,1.27754,0.750383,1.556809867756950,0.820614,0.9999999838828001
1033.16,1.31482,0.748682,1.542994891212226,0.852119,0.9999999850578183
1033.25,1.52997,0.770541,1.529197059188409,1.00051,0.9999999861911585
1033.33,1.52807,0.769671,1.515397213022109,1.00836,0.9999999872862669
1033.42,1.49207,0.771462,1.501575139832004,0.993667,0.9999999883462827
1033.50,1.56642,0.774345,1.492597517693916,1.04946,0.9999999893699385
1033.59,1.39499,0.763291,1.485192301694533,0.939265,0.9999999903615329
1033.68,1.44027,0.760885,1.477796408125942,0.974604,0.9999999913198334
1033.76,1.37826,0.750381,1.470388724431548,0.937346,0.9999999922488004
1033.85,1.81522,0.787612,1.462990443836834,1.24076,0.9999999931472041
1033.93,1.67416,0.778183,1.455590742006265,1.15016,0.9999999940175602
1034.02,1.52709,0.770966,1.461187669843695,1.04510,0.9999999948621699
1034.10,1.45236,0.765586,1.468150410385380,0.989245,0.9999999956798384
1034.19,1.55902,0.778237,1.475124069161912,1.05687,0.9999999964738248
1034.27,1.84666,0.804279,1.482089339367511,1.24599,0.9999999972429792
1034.36,1.51437,0.772069,1.489065374938557,1.01700,0.9999999979903270
1034.44,1.64186,0.768776,1.496032825018557,1.09748,0.9999999987147349
1034.53,1.25572,0.740633,1.497894355768505,0.838325,0.9999999994180928
1034.62,1.30951,0.745510,1.499432245595195,0.873335,1.000000000102137
1034.70,1.13103,0.749275,1.500968459101442,0.753537,1.000000000765779
1034.79,1.29346,0.760153,1.502507045201009,0.860870,1.000000001411551
1034.87,1.38249,0.774349,1.504043640955574,0.919180,1.000000002038413
1034.96,1.22620,0.754072,1.505582689368814,0.814437,1.000000002648730
1035.04,0.807715,0.717115,1.466492902615153,0.550780,1.000000003241480
1035.13,0.599308,0.691788,1.426385002763032,0.420159,1.000000003818120
1035.21,0.347998,0.670590,1.386213127528901,0.251042,1.000000004379991
1035.30,0.355349,0.669209,1.346091592532853,0.263986,1.000000004926118
1035.39,0.0541076,0.648388,1.305906049742443,0.0414330,1.000000005458512
1035.47,0.0973584,0.649270,1.278011465583975,0.0761796,1.000000005976241
1035.56,0.0382497,0.642844,1.334233115538348,0.0286680,1.000000006481193
1035.64,0.297512,0.658796,1.390384246035376,0.213978,1.000000006972458
1035.73,0.379362,0.661929,1.446545034897858,0.262254,1.000000007451181
1035.81,0.490879,0.672341,1.502795222490554,0.326644,1.000000007918419
1035.90,0.421643,0.666597,1.558974871928136,0.270462,1.000000008373308
1035.98,0.492400,0.676251,1.607772434531405,0.306262,1.000000008817470
1036.07,0.586981,0.679618,1.618087581039558,0.362762,1.000000009250080
1036.15,0.643325,0.682261,1.628419032144266,0.395061,1.000000009672667
1036.24,0.804687,0.690647,1.638737479104663,0.491041,1.000000010084427
1036.33,0.794784,0.688218,1.649057848290247,0.481963,1.000000010486282
1036.41,0.779056,0.687842,1.659409293011806,0.469478,1.000000010879605
1036.50,0.909944,0.701611,1.656585294276830,0.549289,1.000000011262557
1036.58,1.04225,0.715206,1.600614098560890,0.651156,1.000000011637003
1036.67,1.16567,0.725756,1.544713271941119,0.754622,1.000000012002214
1036.75,1.49843,0.761277,1.488802763866746,1.00647,1.000000012358972
1036.84,1.52368,0.762590,1.432882772460895,1.06337,1.000000012707543
1036.92,1.41002,0.752617,1.376953499466924,1.02402,1.000000013048189
1037.01,0.944692,0.703739,1.360813211272213,0.694212,1.000000013382041
1037.10,0.683546,0.682097,1.475436654516697,0.463284,1.000000013707509
1037.18,0.928512,0.694732,1.590243279380900,0.583880,1.000000014026152
1037.27,0.720857,0.675130,1.704905541524889,0.422814,1.000000014337326
1037.35,0.963772,0.691718,1.819587116773279,0.529665,1.000000014641683
1037.44,0.886340,0.692691,1.934615849170261,0.458148,1.000000014940218
1037.52,1.50537,0.753224,2.036434370830341,0.739219,1.000000015231105
1037.61,1.57193,0.758536,2.103837136666684,0.747172,1.000000015516525
1037.69,1.60305,0.767492,2.171155604562106,0.738342,1.000000015795491
1037.78,1.11599,0.717057,2.238581251969951,0.498527,1.000000016068925
1037.86,1.18631,0.724537,2.305921878210360,0.514464,1.000000016336249
1037.95,1.29190,0.719779,2.373273927924285,0.544355,1.000000016598006
1038.04,1.42195,0.732131,2.420000112325683,0.587584,1.000000016855041
1038.12,1.09853,0.702406,2.419233824210549,0.454080,1.000000017106102
1038.21,0.952704,0.693913,2.418465774695510,0.393929,1.000000017352364
1038.29,1.12299,0.708302,2.417698930894998,0.464489,1.000000017593300
1038.38,1.28732,0.715737,2.416931995123642,0.532627,1.000000017829381
1038.46,1.17254,0.709717,2.416164567578300,0.485292,1.000000018060741
1038.55,0.741766,0.677028,2.407867510609317,0.308059,1.000000018287515
1038.63,0.491086,0.667498,2.390526021339319,0.205430,1.000000018510418
1038.72,0.444991,0.675631,2.373230953513255,0.187504,1.000000018728353
1038.81,0.504415,0.681017,2.355908238624643,0.214106,1.000000018942331
1038.89,0.595323,0.691903,2.338582613192362,0.254566,1.000000019152165
1038.98,0.400036,0.664577,2.321278790761360,0.172334,1.000000019357681
1039.06,0.292653,0.654810,2.304633244551439,0.126985,1.000000019559545
1039.15,0.176913,0.638119,2.288711366260069,0.0772980,1.000000019757305
1039.23,0.258495,0.644031,2.272787088943896,0.113735,1.000000019951334
1039.32,0.255765,0.643281,2.256859742272697,0.113328,1.000000020141733
1039.40,0.373134,0.649719,2.240906981694130,0.166510,1.000000020328846
1039.49,0.360761,0.649150,2.224951571829842,0.162143,1.000000020512493
1039.58,0.521034,0.655189,2.215642334380562,0.235162,1.000000020692517
1039.66,0.513403,0.656612,2.212237031072473,0.232074,1.000000020869488
1039.75,0.506706,0.651295,2.208835895336844,0.229399,1.000000021043010
1039.83,0.289371,0.636527,2.205428839945666,0.131208,1.000000021213629
1039.92,0.188679,0.627653,2.202026425926175,0.0856842,1.000000021380957
1040.00,0.411847,0.641725,2.198623136420707,0.187320,1.000000021545303
1040.09,0.296482,0.636372,2.192394866346069,0.135232,1.000000021706956
1040.17,0.225509,0.632589,2.183992204204455,0.103255,1.000000021865545
1040.26,0.122611,0.627044,2.175576697599316,0.0563578,1.000000022021566
1040.34,0.227097,0.631660,2.167171489546542,0.104789,1.000000022174663
1040.43,0.265303,0.632866,2.158752891116054,0.122897,1.000000022325313
1040.52,0.165132,0.626919,2.150344748515689,0.0767931,1.000000022473169
1040.60,0.363071,0.644447,2.143103069822094,0.169414,1.000000022618694
1040.69,0.395663,0.648398,2.136649238010449,0.185179,1.000000022761741
1040.77,0.467289,0.655650,2.130203721929539,0.219364,1.000000022902172
1040.86,0.174227,0.632195,2.123757211858296,0.0820370,1.000000023040240
1040.94,0.249272,0.632371,2.117309147849185,0.117731,1.000000023176003
1041.03,0.245002,0.627683,2.110850922180774,0.116068,1.000000023309690
1041.11,0.404149,0.638113,2.103305087749038,0.192149,1.000000023440986
1041.20,0.319556,0.642421,2.095125993605436,0.152524,1.000000023570127
1041.29,0.265742,0.640647,2.086922551262677,0.127337,1.000000023697502
1041.37,0.284483,0.641600,2.078740409696405,0.136853,1.000000023822463
1041.46,0.444459,0.649494,2.070545583572301,0.214658,1.000000023945566
1041.54,0.460692,0.650934,2.062360692014035,0.223381,1.000000024066522
1041.63,0.457325,0.649880,2.058455172567774,0.222169,1.000000024185544
1041.71,0.386205,0.644195,2.056641069393450,0.187784,1.000000024302830
1041.80,0.315827,0.646216,2.054832000585761,0.153700,1.000000024417949
1041.88,0.613005,0.675689,2.053014516084271,0.298588,1.000000024531718
1041.97,0.465511,0.670874,2.051202252619397,0.226945,1.000000024643403
1042.05,0.943255,0.708652,2.049386585871375,0.460262,1.000000024753494
1042.14,0.908698,0.710629,2.046198734360431,0.444091,1.000000024861730
1042.23,1.41097,0.745913,2.042441137020108,0.690824,1.000000024968299
1042.31,1.88208,0.796030,2.038677378551822,0.923186,1.000000025073376
1042.40,2.25891,0.851806,2.034918047453221,1.11007,1.000000025176710
1042.48,3.30403,0.989166,2.031152837361974,1.62668,1.000000025278613
1042.57,8.97359,1.32842,2.027392700102252,4.42617,1.000000025378841
1042.65,59.9929,2.51457,2.024053845765101,29.6400,1.000000025477696
1042.74,213.288,4.57160,2.020868066295213,105.543,1.000000025574940
1042.82,519.314,7.33434,2.017681740108737,257.381,1.000000025670739
1042.91,1009.88,10.2793,2.014490387054551,501.307,1.000000025765248
1043.00,1590.06,12.9669,2.011302939635013,790.563,1.000000025858240
1043.08,2202.33,15.2987,2.008110365644186,1096.72,1.000000025949993
1043.17,2748.66,17.0759,2.005486446440591,1370.57,1.000000026040286
1043.25,3176.54,18.3525,2.003149369813260,1585.78,1.000000026129389
1043.34,3430.33,19.0641,2.000815388859106,1714.47,1.000000026217085
1043.42,3450.81,19.1154,1.998480406266873,1726.72,1.000000026303521
1043.51,3289.59,18.6592,1.996142401914210,1647.97,1.000000026388838
1043.59,2957.88,17.6947,1.993806948717596,1483.53,1.000000026472827
1043.68,2485.91,16.2115,1.991903226227629,1248.01,1.000000026555739
1043.76,1883.02,14.0999,1.990193060229235,946.151,1.000000026637371
1043.85,1247.67,11.4717,1.988479935223399,627.447,1.000000026717967
1043.94,709.214,8.70683,1.986769144830642,356.968,1.000000026797331
1044.02,332.068,5.91503,1.985055343260069,167.284,1.000000026875698
1044.11,123.710,3.57581,1.983341577157955,62.3746,1.000000026952980
1044.19,26.8389,1.95389,1.981578165855137,13.5442,1.000000027028989
1044.28,6.11052,1.21039,1.979788859463098,3.08645,1.000000027104162
1044.36,3.63219,0.979122,1.978001945229021,1.83629,1.000000027178210
1044.45,2.38676,0.855681,1.976212529694707,1.20774,1.000000027251352
1044.53,1.77955,0.788622,1.974424890272292,0.901298,1.000000027323408
1044.62,1.43470,0.746066,1.972634849714416,0.727300,1.000000027394591
1044.71,1.14433,0.711545,1.970719517617570,0.580666,1.000000027464821
1044.79,1.06384,0.694404,1.968768870872951,0.540357,1.000000027534019
1044.88,0.665085,0.659101,1.966815186100927,0.338153,1.000000027602391
1044.96,0.517510,0.639477,1.964863398725663,0.263382,1.000000027669768
1045.05,0.352750,0.622907,1.962911735578264,0.179707,1.000000027736257
1045.13,0.250888,0.613860,1.960959525986222,0.127941,1.000000027801876
1045.22,0.302724,0.623295,1.959152221458938,0.154518,1.000000027866642
1045.30,0.276850,0.621327,1.957375876501611,0.141439,1.000000027930742
1045.39,0.341273,0.624366,1.955604320124790,0.174510,1.000000027993841
1045.48,0.172559,0.607014,1.953829901318809,0.0883182,1.000000028056212
1045.56,0.205729,0.607876,1.952057473657942,0.105391,1.000000028117700
1045.65,0.307627,0.618128,1.950282389162473,0.157735,1.000000028178486
1045.73,0.343534,0.616702,1.948635542316351,0.176295,1.000000028238500
1045.82,0.315731,0.616884,1.947040878027549,0.162160,1.000000028297674
1045.90,0.226090,0.605617,1.945443372943179,0.116215,1.000000028356181
1045.99,0.204967,0.605891,1.943850032615730,0.105444,1.000000028413797
1046.07,0.244348,0.606942,1.942252043083579,0.125807,1.000000028470849
1046.16,0.363041,0.614813,1.940656040323350,0.187071,1.000000028527116
1046.24,0.601023,0.627910,1.939421835237935,0.309898,1.000000028582763
1046.33,0.574333,0.625724,1.938305900556217,0.296307,1.000000028637724
1046.42,0.540489,0.626861,1.937191464177728,0.279007,1.000000028691934
1046.50,0.405181,0.617999,1.936075336315977,0.209279,1.000000028745555
1046.59,0.338846,0.612634,1.934960250673972,0.175118,1.000000028798449
1046.67,0.267418,0.603486,1.933844962793200,0.138283,1.000000028850703
1046.76,0.113802,0.594176,1.933177877954664,0.0588681,1.000000028902396
1046.84,0.116342,0.594030,1.932629485093379,0.0601988,1.000000028953398
1046.93,0.0835129,0.593175,1.932080186017937,0.0432244,1.000000029003858
1047.01,0.437945,0.594373,1.931531632299367,0.226735,1.000000029053648
1047.10,0.593722,0.706096,1.930981872795206,0.307471,1.000000029102912
1047.19,0.693768,0.709576,1.930433062573818,0.359385,1.000000029151527
1047.27,0.496908,0.679229,1.930115253588631,0.257450,1.000000029199569
1047.36,0.376917,0.606071,1.929845209330602,0.195310,1.000000029247113
1047.44,0.380540,0.605332,1.929575051880889,0.197214,1.000000029294100
1047.53,0.454724,0.612323,1.929305403754153,0.235693,1.000000029340475
1047.61,0.624964,0.623977,1.929035525213391,0.323977,1.000000029386313
1047.70,0.497674,0.617722,1.928765193620676,0.258027,1.000000029431682
1047.78,0.655406,0.629172,1.928290866274159,0.339890,1.000000029476468
1047.87,0.715935,0.632435,1.927746953068020,0.371384,1.000000029520741
1047.95,0.870937,0.642070,1.927201884667245,0.451918,1.000000029564569
1048.04,0.866221,0.638665,1.926656973432859,0.449598,1.000000029607898
1048.13,0.867627,0.637664,1.926111737358620,0.450455,1.000000029650735
1048.21,1.00000,0.649426,1.925567371819413,0.519328,1.000000029693029
1048.30,0.905827,0.640336,1.925762622626552,0.470373,1.000000029734847
1048.38,1.06018,0.653937,1.926165779737903,0.550410,1.000000029776253
1048.47,1.21572,0.671203,1.926567585665649,0.631027,1.000000029817086
1048.55,1.12053,0.663687,1.926970598948674,0.581500,1.000000029857574
1048.64,1.16125,0.665043,1.927373061186429,0.602502,1.000000029897562
1048.72,0.978045,0.639860,1.927776558437282,0.507344,1.000000029937215
1048.81,1.07552,0.646362,1.927765551334314,0.557912,1.000000029976325
1048.90,0.882913,0.634336,1.927577363198968,0.458043,1.000000030015005
1048.98,1.02713,0.645437,1.927388560021352,0.532915,1.000000030053316
1049.07,1.08189,0.659413,1.927200026738555,0.561377,1.000000030091211
1049.15,1.13713,0.670704,1.927010871717062,0.590101,1.000000030128695
1049.24,1.40080,0.707027,1.926822466808260,0.726998,1.000000030165722
1049.32,1.51961,0.712033,1.926518972374100,0.788786,1.000000030202350
1049.41,1.59503,0.712322,1.926174178909329,0.828081,1.000000030238587
1049.49,1.22035,0.669272,1.925828893565200,0.633675,1.000000030274485
1049.58,1.23473,0.670417,1.925484038112168,0.641256,1.000000030309954
1049.66,1.19894,0.665739,1.925138560749551,0.622780,1.000000030345095
1049.75,1.22481,0.667134,1.924792550703958,0.636334,1.000000030379864
1049.84,1.25292,0.665093,1.924665096288241,0.650978,1.000000030414220
1049.92,1.11716,0.657561,1.924652393975735,0.580448,1.000000030448261
1050.01,1.39452,0.674703,1.924639957187967,0.724563,1.000000030481900
1050.09,1.10962,0.657313,1.924627520043160,0.576539,1.000000030515189
1050.18,1.20666,0.660024,1.924614488331796,0.626960,1.000000030548133
1050.26,1.08328,0.655356,1.924601749221683,0.562861,1.000000030580781
1050.35,1.40084,0.675346,1.924373613499492,0.727947,1.000000030613093
1050.43,1.49718,0.686907,1.924048374044817,0.778142,1.000000030645029
1050.52,1.46710,0.682398,1.923722914510155,0.762634,1.000000030676681
1050.61,1.62476,0.699018,1.923397831688979,0.844735,1.000000030707967
1050.69,1.53098,0.685706,1.923072655566833,0.796110,1.000000030738935
1050.78,1.90918,0.723769,1.922746717708220,0.992946,1.000000030769632
1050.86,1.78451,0.711547,1.921971291963626,0.928481,1.000000030799977
1050.95,1.90742,0.721334,1.920903163655842,0.992982,1.000000030830058
1051.03,1.58066,0.697783,1.919836287060083,0.823332,1.000000030859797
1051.12,1.56623,0.696666,1.918767702446930,0.816267,1.000000030889278
1051.20,1.80857,0.724318,1.917700448382307,0.943092,1.000000030918426
1051.29,1.71099,0.709258,1.916632806182057,0.892708,1.000000030947285
1051.38,1.71004,0.710397,1.916676780796309,0.892191,1.000000030975898
1051.46,1.79836,0.720155,1.917336940959905,0.937948,1.000000031004190
1051.55,1.98576,0.734402,1.917997870385975,1.03533,1.000000031032242
1051.63,2.14247,0.746633,1.918658236777013,1.11665,1.000000031059982
1051.72,1.83207,0.717177,1.919319344890642,0.954543,1.000000031087488
1051.80,1.87460,0.725725,1.919979650769323,0.976364,1.000000031114689
1051.89,1.66814,0.708053,1.919981343293317,0.868829,1.000000031141627
1051.97,1.58336,0.697392,1.919670610440884,0.824810,1.000000031168341
1052.06,1.36646,0.676230,1.919359977049311,0.711935,1.000000031194761
1052.14,1.11648,0.651276,1.919049076514164,0.581789,1.000000031220964
1052.23,1.21825,0.659798,1.918738300386885,0.634921,1.000000031246880
1052.32,1.28220,0.661795,1.918427100322976,0.668360,1.000000031272584
1052.40,1.68880,0.698969,1.917608605165593,0.880679,1.000000031298009
1052.49,1.65301,0.692146,1.916447110797543,0.862539,1.000000031323193
1052.57,1.89793,0.713176,1.915283785613237,0.990938,1.000000031348173
1052.66,1.60890,0.685448,1.914122106530155,0.840544,1.000000031372884
1052.74,1.62761,0.693741,1.912958373315099,0.850832,1.000000031397396
1052.83,1.49134,0.684600,1.911796024698403,0.780073,1.000000031421647
1052.91,1.63038,0.692085,1.911656812619145,0.852864,1.000000031445703
1053.00,1.64584,0.689115,1.912481472515747,0.860577,1.000000031469503
1053.08,1.38366,0.662375,1.913306401216896,0.723179,1.000000031493083
1053.17,1.34675,0.677636,1.914132507471758,0.703581,1.000000031516477
1053.26,1.39612,0.680782,1.914957534440927,0.729059,1.000000031539624
1053.34,1.66230,0.707369,1.915784095657521,0.867687,1.000000031562589
1053.43,1.94317,0.717324,1.916052229898197,1.01415,1.000000031585314
1053.51,1.89174,0.711906,1.915864290995829,0.987407,1.000000031607861
1053.60,1.64320,0.690366,1.915676534987102,0.857764,1.000000031630173
1053.68,1.40362,0.672596,1.915488699102635,0.732775,1.000000031652283
1053.77,1.52439,0.677953,1.915300589542147,0.795902,1.000000031674222
1053.85,1.63391,0.691104,1.915112492913890,0.853168,1.000000031695935
1053.94,1.45324,0.668747,1.914925760209605,0.758901,1.000000031717482
1054.03,1.65982,0.690456,1.914741262468987,0.866862,1.000000031738836
1054.11,1.93330,0.708248,1.914556687106394,1.00979,1.000000031759969
1054.20,2.38162,0.749463,1.914372050658435,1.24407,1.000000031780943
1054.28,2.01283,0.711561,1.914187602147525,1.05153,1.000000031801674
1054.37,1.69745,0.680474,1.914002682815612,0.886856,1.000000031822278
1054.45,1.38013,0.648402,1.913783878575389,0.721155,1.000000031842672
1054.54,1.84978,0.701340,1.913510153892419,0.966694,1.000000031862915
1054.62,1.79300,0.705710,1.913236699338872,0.937157,1.000000031882980
1054.71,1.70789,0.700916,1.912963213777519,0.892798,1.000000031902843
1054.80,1.43353,0.667649,1.912689605113893,0.749486,1.000000031922558
1054.88,1.61783,0.670613,1.912416004626027,0.845962,1.000000031942076
1054.97,1.79996,0.684876,1.908268225642433,0.943242,1.000000031961451
1055.05,1.61284,0.663103,1.898832562722636,0.849384,1.000000031980633
1055.14,1.55040,0.663539,1.889381714364325,0.820584,1.000000031999674
1055.22,1.61077,0.677903,1.879956416238138,0.856813,1.000000032018501
1055.31,1.82122,0.704004,1.870502402285976,0.973655,1.000000032037218
1055.39,1.72381,0.694967,1.861046640035144,0.926256,1.000000032055775
1055.48,1.65463,0.685210,1.856624455727078,0.891205,1.000000032074149
1055.56,1.61551,0.677227,1.861895297482649,0.867668,1.000000032092391
1055.65,1.85264,0.700811,1.867167230506967,0.992219,1.000000032110479
1055.74,1.66562,0.685724,1.872432297960434,0.889548,1.000000032128390
1055.82,1.76036,0.703212,1.877713259511830,0.937503,1.000000032146198
1055.91,1.37039,0.666319,1.882972650609048,0.727779,1.000000032163785
1055.99,1.55859,0.677639,1.887748033229745,0.825633,1.000000032181247
1056.08,1.32490,0.657653,1.891123353783257,0.700589,1.000000032198564
1056.16,1.49282,0.674239,1.894503739234073,0.787974,1.000000032215761
1056.25,1.46070,0.673124,1.897885197015054,0.769648,1.000000032232816
1056.33,1.78041,0.700841,1.901262093328615,0.936438,1.000000032249705
1056.42,2.24151,0.739779,1.904648938686890,1.17686,1.000000032266501
1056.51,2.24703,0.735305,1.907342496546008,1.17809,1.000000032283114
1056.59,2.10719,0.714132,1.906919273000794,1.10502,1.000000032299612
1056.68,1.93732,0.702184,1.906496257659360,1.01617,1.000000032315953
1056.76,1.99186,0.715224,1.906073184989088,1.04500,1.000000032332160
1056.85,2.10681,0.732688,1.905650030841572,1.10556,1.000000032348235
1056.93,2.16251,0.742658,1.905227019104558,1.13504,1.000000032364180
1057.02,2.09938,0.731678,1.904766893337463,1.10217,1.000000032380040
1057.10,1.87958,0.712258,1.903984323110944,0.987181,1.000000032395729
1057.19,1.93046,0.715170,1.903200291095290,1.01433,1.000000032411311
1057.27,1.95542,0.712964,1.902417427887614,1.02786,1.000000032426748
1057.36,2.04084,0.716635,1.901634229075008,1.07320,1.000000032442061
1057.45,2.16360,0.721538,1.900849985112083,1.13823,1.000000032457273
1057.53,2.07220,0.719205,1.900076555951641,1.09059,1.000000032472343
1057.62,1.98796,0.705108,1.899367946453385,1.04664,1.000000032487314
1057.70,1.75032,0.680242,1.898660172587153,0.921870,1.000000032502146
1057.79,2.03419,0.700968,1.897951268369267,1.07178,1.000000032516881
1057.87,2.12886,0.715544,1.897243239214381,1.12208,1.000000032531479
1057.96,1.77437,0.680881,1.896534835575530,0.935587,1.000000032545963
1058.04,1.38526,0.642850,1.895841927067961,0.730683,1.000000032560354
1058.13,1.34784,0.639264,1.895451761193486,0.711092,1.000000032574612
1058.22,1.56114,0.662240,1.895060989063493,0.823795,1.000000032588778
1058.30,1.97229,0.710859,1.894669869273391,1.04097,1.000000032602835
1058.39,1.91204,0.705394,1.894279228843247,1.00938,1.000000032616763
1058.47,1.92812,0.702425,1.893888552352450,1.01808,1.000000032630583
1058.56,1.60348,0.671182,1.893497967644976,0.846837,1.000000032644297
1058.64,1.75224,0.677906,1.893693377165075,0.925302,1.000000032657924
1058.73,2.14353,0.683739,1.893907213251992,1.13180,1.000000032671428
1058.81,2.40111,0.698924,1.894121679817494,1.26767,1.000000032684847
1058.90,2.18312,0.666738,1.894335898579383,1.15244,1.000000032698164
1058.98,1.99835,0.689076,1.894550048071471,1.05479,1.000000032711361
1059.07,1.57699,0.658728,1.894764581618049,0.832291,1.000000032724476
1059.16,1.52338,0.657130,1.894857268601601,0.803957,1.000000032737474
1059.24,1.43584,0.645354,1.894935052854976,0.757723,1.000000032750390
1059.33,1.83440,0.680188,1.895012811977710,0.968015,1.000000032763175
1059.41,2.23526,0.718439,1.895090675499408,1.17950,1.000000032775898
1059.50,2.36009,0.732945,1.895168228430387,1.24532,1.000000032788527
1059.58,2.26917,0.728489,1.895245898036920,1.19730,1.000000032801043
1059.67,1.84379,0.690848,1.891255900511031,0.974900,1.000000032813483
1059.75,1.78689,0.687786,1.886302531289508,0.947297,1.000000032825814
1059.84,1.99666,0.702604,1.881340849288780,1.06130,1.000000032838070
1059.93,2.20728,0.726590,1.876385603728850,1.17634,1.000000032850218
1060.01,2.08373,0.709172,1.871422046598327,1.11345,1.000000032862294
1060.10,1.75039,0.678433,1.866465389951493,0.937809,1.000000032874264
1060.18,1.80014,0.677985,1.864623284625491,0.965420,1.000000032886146
1060.27,1.93498,0.692023,1.863957405747787,1.03810,1.000000032897957
1060.35,1.83333,0.683490,1.863292613633861,0.983922,1.000000032909666
1060.44,1.56958,0.665343,1.862626737607436,0.842672,1.000000032921305
1060.52,1.44543,0.657362,1.861961730153694,0.776295,1.000000032932844
1060.61,1.85146,0.695753,1.861295319696388,0.994714,1.000000032944315
1060.70,1.99009,0.701040,1.859916127725843,1.06999,1.000000032955703
1060.78,1.86473,0.687360,1.858146112718915,1.00354,1.000000032966993
1060.87,1.61184,0.664290,1.856373589086823,0.868276,1.000000032978217
1060.95,1.61661,0.662605,1.854602977610574,0.871677,1.000000032989345
1061.04,1.67261,0.664255,1.852832309406661,0.902733,1.000000033000393
1061.12,1.66819,0.673159,1.851061086795794,0.901206,1.000000033011363
1061.21,1.42386,0.649837,1.847616172386757,0.770645,1.000000033022269
1061.29,1.34829,0.648643,1.842868987773633,0.731627,1.000000033033098
1061.38,1.30718,0.630288,1.838127829782052,0.711150,1.000000033043835
1061.46,1.75618,0.671644,1.833378858756272,0.957891,1.000000033054510
1061.55,1.75853,0.670556,1.828636120973339,0.961660,1.000000033065096
1061.64,1.83261,0.683873,1.823885645941022,1.00478,1.000000033075621
1061.72,1.68512,0.673769,1.823802104313731,0.923960,1.000000033086058
1061.81,1.62554,0.661268,1.828739080685438,0.888887,1.000000033096422
1061.89,1.47653,0.642142,1.833684199100251,0.805224,1.000000033106728
1061.98,1.41689,0.640746,1.838622494566649,0.770628,1.000000033116947
1062.06,1.47721,0.647454,1.843568957247573,0.801279,1.000000033127110
1062.15,1.59912,0.661941,1.848509060937013,0.865087,1.000000033137188
1062.23,1.54577,0.652265,1.796120226330042,0.860619,1.000000033147210
1062.32,1.49743,0.649395,1.658214541011797,0.903036,1.000000033157148
1062.41,1.26884,0.627096,1.520286223378057,0.834606,1.000000033167019
1062.49,1.24366,0.619198,1.382138605661213,0.899807,1.000000033176835
1062.58,1.29927,0.628112,1.244166000356543,1.04429,1.000000033186570
1062.66,1.64530,0.652660,1.105973961616069,1.48765,1.000000033196252
1062.75,1.69307,0.656934,1.056429767627524,1.60264,1.000000033205854
1062.83,1.82637,0.667751,1.196337941411987,1.52663,1.000000033215404
1062.92,1.67020,0.663686,1.336069030357971,1.25009,1.000000033224876
1063.00,1.68879,0.661658,1.475822545238275,1.14430,1.000000033234284
1063.09,1.77495,0.670162,1.615798362016653,1.09850,1.000000033243641
1063.17,1.94756,0.690185,1.755596659418357,1.10935,1.000000033252923
1063.26,1.94829,0.701852,1.863234593832180,1.04565,1.000000033262166
1063.35,1.94782,0.701942,1.866490579995182,1.04357,1.000000033271323
1063.43,1.74969,0.681649,1.869746822656062,0.935791,1.000000033280418
1063.52,1.92073,0.692427,1.873003564110264,1.02548,1.000000033289452
1063.60,1.81176,0.681536,1.876260829054380,0.965624,1.000000033298426
1063.69,2.08794,0.700240,1.879523317102289,1.11089,1.000000033307352
1063.77,2.02850,0.692975,1.882192283851372,1.07773,1.000000033316207
1063.86,2.04710,0.696183,1.881629569000310,1.08794,1.000000033325027
1063.94,2.03072,0.690458,1.881068307070805,1.07956,1.000000033333765
1064.03,2.10438,0.703131,1.880506735301648,1.11905,1.000000033342445
1064.12,2.27937,0.759348,1.879944459089385,1.21247,1.000000033351080
1064.20,2.00345,0.778577,1.879382914403646,1.06602,1.000000033359647
1064.29,1.93135,0.769755,1.878840508157035,1.02795,1.000000033368168
1064.37,2.24952,0.756052,1.878551932639185,1.19748,1.000000033376611
1064.46,2.48001,0.738515,1.878261600691148,1.32038,1.000000033385034
1064.54,2.61541,0.740273,1.877972482019584,1.39268,1.000000033393378
1064.63,2.10920,0.688320,1.877682816530675,1.12330,1.000000033401669
1064.71,2.13104,0.684549,1.877393002999907,1.13511,1.000000033409916
1064.80,2.18504,0.696476,1.877103439912536,1.16405,1.000000033418100
1064.88,2.20380,0.704833,1.876922595373981,1.17415,1.000000033426241
1064.97,1.84944,0.677351,1.876757629334825,0.985445,1.000000033434320
1065.06,1.40698,0.644359,1.876592171572007,0.749754,1.000000033442357
1065.14,1.64815,0.664871,1.876427141431334,0.878343,1.000000033450331
1065.23,1.88756,0.687198,1.876261531834026,1.00602,1.000000033458255
1065.31,2.04221,0.694191,1.876096162552541,1.08854,1.000000033466139
1065.40,1.64925,0.661860,1.873046692088155,0.880518,1.000000033473962
1065.48,1.55305,0.647600,1.869244649081202,0.830843,1.000000033481745
1065.57,1.62947,0.654767,1.865447569593320,0.873499,1.000000033489469
1065.65,1.51813,0.642311,1.861644016436237,0.815477,1.000000033497155
1065.74,1.89958,0.682079,1.857840108433622,1.02247,1.000000033504792
1065.83,1.88396,0.680423,1.854040682307440,1.01614,1.000000033512370
1065.91,2.15379,0.700968,1.855460644557616,1.16078,1.000000033519911
1066.00,1.81300,0.661691,1.858971080591929,0.975273,1.000000033527384
1066.08,1.74956,0.656580,1.862492493779588,0.939365,1.000000033534831
1066.17,1.54688,0.638249,1.866009109465638,0.828980,1.000000033542221
1066.25,1.57549,0.646601,1.869531587783529,0.842718,1.000000033549575
1066.34,1.66795,0.654545,1.873054155091187,0.890495,1.000000033556883
1066.42,1.78839,0.661336,1.874299960691344,0.954167,1.000000033564136
1066.51,1.81972,0.661132,1.874219395934877,0.970924,1.000000033571354
1066.59,1.93458,0.670911,1.874138637250466,1.03225,1.000000033578518
1066.68,2.28630,0.706647,1.874058009673888,1.21997,1.000000033585647
1066.77,2.49397,0.727680,1.873977086804017,1.33084,1.000000033592732
1066.85,2.19693,0.700466,1.873896612016186,1.17239,1.000000033599754
1066.94,1.77762,0.660531,1.873676034630930,0.948736,1.000000033606753
1067.02,1.62200,0.646998,1.873272486372461,0.865866,1.000000033613699
1067.11,1.58717,0.643634,1.872868637876641,0.847454,1.000000033620612
1067.19,1.72488,0.659216,1.872464770486291,0.921183,1.000000033627473
1067.28,1.65406,0.655108,1.872060768835369,0.883550,1.000000033634303
1067.36,1.85499,0.673803,1.871656110550509,0.991095,1.000000033641091
1067.45,1.85533,0.670412,1.869011149601291,0.992679,1.000000033647828
1067.54,1.85606,0.671992,1.862219690727773,0.996693,1.000000033654534
1067.62,1.67627,0.654784,1.855436597581016,0.903439,1.000000033661190
1067.71,1.50552,0.643283,1.848652588488215,0.814390,1.000000033667806
1067.79,1.55313,0.648121,1.841867308761026,0.843236,1.000000033674383
1067.88,1.61188,0.657911,1.835071225903105,0.878374,1.000000033680929
1067.96,1.71426,0.662642,1.831933867944526,0.935767,1.000000033687436
1068.05,1.86609,0.661854,1.838630092536236,1.01493,1.000000033693895
1068.13,1.75417,0.648924,1.845337024304370,0.950597,1.000000033700325
1068.22,1.77535,0.654911,1.852035361609831,0.958596,1.000000033706707
1068.31,1.61235,0.651946,1.858744385184035,0.867443,1.000000033713061
1068.39,1.68171,0.655486,1.865444617248014,0.901505,1.000000033719368
1068.48,1.87251,0.676281,1.870934312440881,1.00084,1.000000033725646
1068.56,2.01876,0.686692,1.860870967771916,1.08485,1.000000033731879
1068.65,2.13193,0.700730,1.850806261834038,1.15189,1.000000033738075
1068.73,1.87914,0.668220,1.840725343622995,1.02087,1.000000033744244
1068.82,1.53529,0.636614,1.830657127037179,0.838657,1.000000033750367
1068.90,1.50560,0.627892,1.820572974602878,0.826992,1.000000033756464
1068.99,1.68148,0.645168,1.810501345190195,0.928737,1.000000033762516
1069.07,1.94514,0.666864,1.818936206738378,1.06938,1.000000033768541
1069.16,1.86425,0.658017,1.827546733373084,1.02008,1.000000033774523
1069.25,2.03469,0.670198,1.836158315445400,1.10812,1.000000033780471
1069.33,1.85290,0.655775,1.844783871426957,1.00440,1.000000033786392
1069.42,2.18280,0.681168,1.853398193966555,1.17773,1.000000033792271
1069.50,2.05562,0.676142,1.862026432538776,1.10397,1.000000033798124
1069.59,1.95557,0.661111,1.861029847426674,1.05080,1.000000033803935
1069.67,1.71913,0.645036,1.857494001882187,0.925513,1.000000033809721
1069.76,1.68729,0.639080,1.853963398035094,0.910099,1.000000033815466
1069.84,1.86005,0.659259,1.850431469886324,1.00520,1.000000033821177
1069.93,1.91591,0.662404,1.846894184389447,1.03737,1.000000033826864
1070.02,1.70944,0.649580,1.843361338938329,0.927347,1.000000033832511
1070.10,1.82858,0.650124,1.840771504697138,0.993378,1.000000033838133
1070.19,1.97397,0.668535,1.838573977184967,1.07364,1.000000033843716
1070.27,1.89332,0.654422,1.836372815946282,1.03101,1.000000033849275
1070.36,1.89522,0.672411,1.834174367555737,1.03328,1.000000033854795
1070.44,1.72676,0.658508,1.831975757946639,0.942569,1.000000033860283
1070.53,2.09278,0.693374,1.829773776378343,1.14374,1.000000033865749
1070.61,1.94155,0.675252,1.832710942759861,1.05939,1.000000033871176
1070.70,2.03076,0.681843,1.838711633758340,1.10445,1.000000033876580
1070.78,1.88725,0.672215,1.844704959167044,1.02306,1.000000033881946
1070.87,1.76432,0.658373,1.850707345166850,0.953320,1.000000033887290
1070.96,1.84722,0.660142,1.856702270033697,0.994894,1.000000033892596
1071.04,1.68827,0.641619,1.862697944082855,0.906356,1.000000033897873
1071.13,1.91088,0.665292,1.865774650016288,1.02418,1.000000033903128
1071.21,1.69164,0.644090,1.864960390091614,0.907064,1.000000033908347
1071.30,1.84504,0.660061,1.864145155487540,0.989750,1.000000033913544
1071.38,1.85137,0.654819,1.863330641198891,0.993580,1.000000033918705
1071.47,1.91318,0.668128,1.862514841639423,1.02720,1.000000033923844
1071.55,1.88680,0.658182,1.861700058934665,1.01348,1.000000033928948
1071.64,1.91659,0.663329,1.860102262360310,1.03037,1.000000033934032
1071.73,1.88491,0.659298,1.857039942244775,1.01501,1.000000033939087
1071.81,1.90723,0.664101,1.853985792778478,1.02872,1.000000033944101
1071.90,1.84279,0.654509,1.850922495289693,0.995607,1.000000033949100
1071.98,1.83724,0.647641,1.847862533228184,0.994253,1.000000033954066
1072.07,1.99995,0.670909,1.844798202088390,1.08410,1.000000033959012
1072.15,2.25061,0.695386,1.842109148623742,1.22176,1.000000033963924
1072.24,2.33201,0.713172,1.841548111248541,1.26633,1.000000033968810
1072.32,2.52930,0.728944,1.840985426810772,1.37388,1.000000033973682
1072.41,2.26479,0.700289,1.840424189428058,1.23058,1.000000033978515
1072.49,2.02467,0.672891,1.839862038804360,1.10045,1.000000033983328
1072.58,1.59170,0.625493,1.839300575662297,0.865382,1.000000033988109
1072.67,1.51072,0.623842,1.838738972651130,0.821605,1.000000033992864
1072.75,1.54570,0.625531,1.837819442809605,0.841049,1.000000033997593
1072.84,1.61496,0.641193,1.836881104223865,0.879186,1.000000034002298
1072.92,1.67980,0.647221,1.835939767112045,0.914952,1.000000034006990
1073.01,1.89842,0.677992,1.835001120644938,1.03456,1.000000034011644
1073.09,1.79208,0.651817,1.834060769693428,0.977108,1.000000034016280
1073.18,1.83189,0.652970,1.833121579909286,0.999329,1.000000034020885
1073.26,1.66614,0.637898,1.832498186227897,0.909220,1.000000034025471
1073.35,1.47528,0.622173,1.831922040282634,0.805318,1.000000034030033
1073.44,1.42476,0.615543,1.831346639888954,0.777984,1.000000034034565
1073.52,1.45452,0.619087,1.830771096953561,0.794485,1.000000034039073
1073.61,1.70723,0.642943,1.830195451798337,0.932814,1.000000034043558
1073.69,1.72951,0.648554,1.829618671125088,0.945284,1.000000034048024
1073.78,1.75462,0.652577,1.830227249032400,0.958689,1.000000034052462
1073.86,1.72630,0.655008,1.831417040839689,0.942605,1.000000034056882
1073.95,1.98530,0.674102,1.832607049357311,1.08332,1.000000034061279
1074.03,2.12901,0.682382,1.833797218431307,1.16098,1.000000034065653
1074.12,2.18534,0.683604,1.834986037331759,1.19093,1.000000034069998
1074.21,1.89669,0.659332,1.836176348992059,1.03296,1.000000034074326
1074.29,1.67010,0.641424,1.837385094312019,0.908953,1.000000034078621
1074.38,1.79256,0.648991,1.838612103648381,0.974951,1.000000034082904
1074.46,2.26529,0.692234,1.839837265869921,1.23125,1.000000034087160
1074.55,2.10735,0.674381,1.841064639825456,1.14464,1.000000034091400
1074.63,1.80121,0.651055,1.842290165149341,0.977704,1.000000034095612
1074.72,1.28930,0.595537,1.843517942841418,0.699368,1.000000034099808
1074.80,1.54439,0.624187,1.844438482635760,0.837323,1.000000034103982
1074.89,1.83565,0.643640,1.844882781550614,0.994998,1.000000034108130
1074.97,1.77681,0.640911,1.845327749901535,0.962869,1.000000034112261
1075.06,2.15800,0.677507,1.845772379563571,1.16916,1.000000034116367
1075.15,1.86772,0.659776,1.846217492467514,1.01165,1.000000034120456
1075.23,2.15439,0.696872,1.846661320038806,1.16664,1.000000034124514
1075.32,1.72032,0.651908,1.847176897824993,0.931322,1.000000034128562
1075.40,2.10258,0.681082,1.847987383190182,1.13777,1.000000034132590
1075.49,2.12445,0.677149,1.848797038813043,1.14910,1.000000034136592
1075.57,2.43903,0.700665,1.849607741043259,1.31868,1.000000034140578
1075.66,2.35529,0.690472,1.850417641712310,1.27284,1.000000034144540
1075.74,2.04205,0.661658,1.851228511029656,1.10308,1.000000034148487
1075.83,1.70870,0.641755,1.852034472918432,0.922606,1.000000034152408
1075.92,1.58160,0.633666,1.852809542979168,0.853620,1.000000034156310
1076.00,1.36150,0.618681,1.853585635443052,0.734525,1.000000034160198
1076.09,1.28810,0.607157,1.854360965914925,0.694635,1.000000034164061
1076.17,1.19922,0.606268,1.855137561164433,0.646434,1.000000034167909
1076.26,1.79675,0.661469,1.855913314310472,0.968119,1.000000034171734
1076.34,1.94298,0.675138,1.856689848673743,1.04648,1.000000034175545
1076.43,2.08811,0.687489,1.856572627523733,1.12471,1.000000034179331
1076.51,1.91821,0.669836,1.856371064791730,1.03331,1.000000034183104
1076.60,2.16763,0.697929,1.856169523339517,1.16780,1.000000034186858
1076.68,2.05514,0.674476,1.855968171475178,1.10731,1.000000034190589
1076.77,2.08554,0.678379,1.855766519308647,1.12382,1.000000034194306
1076.86,1.92985,0.660304,1.855565581782374,1.04003,1.000000034197994
1076.94,1.82746,0.654205,1.855340720241858,0.984971,1.000000034201675
1077.03,1.50001,0.616311,1.855107450152707,0.808585,1.000000034205333
1077.11,1.59102,0.615075,1.854873364770554,0.857752,1.000000034208977
1077.20,1.87909,0.643426,1.854639448148413,1.01319,1.000000034212604
1077.28,2.02268,0.663083,1.854405816979893,1.09074,1.000000034216208
1077.37,1.91372,0.660288,1.854171522223332,1.03212,1.000000034219799
1077.45,1.97564,0.661403,1.852995255462367,1.06619,1.000000034223368
1077.54,2.20699,0.682675,1.850938361734645,1.19236,1.000000034226920
1077.63,2.29385,0.689098,1.848877974273392,1.24067,1.000000034230459
1077.71,2.06929,0.670396,1.846820641734694,1.12046,1.000000034233977
1077.80,2.24861,0.687476,1.844759626482485,1.21892,1.000000034237482
1077.88,2.11045,0.677182,1.842701399470007,1.14530,1.000000034240965
1077.97,2.19582,0.689997,1.841645596209047,1.19231,1.000000034244436
1078.05,2.17259,0.685839,1.842728674558375,1.17901,1.000000034247886
1078.14,2.05170,0.678800,1.843812135049261,1.11275,1.000000034251319
1078.22,1.98564,0.673285,1.844897121210127,1.07629,1.000000034254741
1078.31,1.79533,0.655237,1.845980938894342,0.972563,1.000000034258141
1078.39,1.79840,0.653509,1.847066241983301,0.973653,1.000000034261530
1078.48,1.94348,0.662442,1.847421470844065,1.05200,1.000000034264898
1078.57,1.99752,0.667297,1.842426001446136,1.08418,1.000000034268255
1078.65,2.04892,0.653422,1.837436558317336,1.11509,1.000000034271591
1078.74,2.04845,0.655781,1.832446429448584,1.11788,1.000000034274911
1078.82,1.74645,0.620889,1.827448261945967,0.955676,1.000000034278220
1078.91,1.80737,0.645232,1.822456550051469,0.991724,1.000000034281509
1078.99,1.77559,0.630805,1.817783513574443,0.976791,1.000000034284786
1079.08,2.10571,0.666101,1.821267430859088,1.15618,1.000000034288044
1079.16,2.12629,0.661466,1.824756578033694,1.16525,1.000000034291291
1079.25,2.17511,0.676320,1.828241522311557,1.18973,1.000000034294518
1079.34,2.11012,0.677532,1.831726748272517,1.15198,1.000000034297730
1079.42,1.90742,0.664834,1.835217496483582,1.03934,1.000000034300932
1079.51,1.84684,0.661524,1.838703841375162,1.00443,1.000000034304114
1079.59,1.67768,0.639406,1.839590358147869,0.911986,1.000000034307285
1079.68,1.81815,0.647905,1.839975739028952,0.988137,1.000000034310437
1079.76,1.48917,0.619190,1.840361751937424,0.809173,1.000000034313579
1079.85,1.67286,0.634024,1.840747242225148,0.908793,1.000000034316702
1079.93,1.58755,0.621430,1.841133073625220,0.862265,1.000000034319815
1080.02,1.90771,0.643955,1.841518993912401,1.03595,1.000000034322913
1080.10,1.90485,0.644208,1.840346386760691,1.03505,1.000000034325993
1080.19,2.14439,0.671514,1.838302140521109,1.16650,1.000000034329058
1080.28,1.88082,0.649469,1.836257566850797,1.02427,1.000000034332110
1080.36,1.93384,0.654916,1.834210010390194,1.05432,1.000000034335151
1080.45,2.03770,0.661234,1.832164736958727,1.11218,1.000000034338175
1080.53,2.28910,0.685064,1.830116083090227,1.25080,1.000000034341188
1080.62,2.12208,0.667315,1.829145882649552,1.16015,1.000000034344188
1080.70,1.78976,0.640820,1.829526925759155,0.978265,1.000000034347170
1080.79,1.54058,0.616787,1.829908816854380,0.841887,1.000000034350143
1080.87,1.48086,0.606369,1.830290502856422,0.809082,1.000000034353101
1080.96,1.55953,0.608347,1.830671969005949,0.851890,1.000000034356043
1081.05,1.74849,0.628523,1.831053177713351,0.954909,1.000000034358970
1081.13,1.74236,0.637363,1.830275553261373,0.951967,1.000000034361885
1081.22,1.48773,0.616430,1.825904937758491,0.814792,1.000000034364790
1081.30,1.34643,0.599364,1.821540319812210,0.739170,1.000000034367678
1081.39,1.29191,0.587570,1.817168612917498,0.710944,1.000000034370558
1081.47,1.40139,0.597129,1.812795925070549,0.773055,1.000000034373424
1081.56,1.28645,0.583152,1.808429012100496,0.711363,1.000000034376273
1081.64,0.974428,0.563863,1.804468061493095,0.540008,1.000000034379114
1081.73,0.608939,0.536269,1.808858254123808,0.336643,1.000000034381937
1081.82,0.306846,0.515580,1.813255394840652,0.169224,1.000000034384752
1081.90,0.397641,0.515217,1.817646759779490,0.218767,1.000000034387550
1081.99,0.714890,0.536909,1.822038951898917,0.392357,1.000000034390337
1082.07,1.15562,0.583062,1.826437676486641,0.632716,1.000000034393114
1082.16,1.23487,0.622454,1.830831014497901,0.674486,1.000000034395875
1082.24,1.62191,0.666687,1.831248785364976,0.885686,1.000000034398627
1082.33,1.61040,0.724730,1.830949612440516,0.879546,1.000000034401364
1082.41,1.86791,0.724105,1.830649946837158,1.02035,1.000000034404092
1082.50,1.74371,0.709046,1.830350605010677,0.952663,1.000000034406805
1082.58,1.72292,0.633975,1.830051522585702,0.941462,1.000000034409505
1082.67,1.65456,0.619071,1.829751445946345,0.904254,1.000000034412197
1082.76,1.57425,0.607349,1.827155409331494,0.861583,1.000000034414874
1082.84,1.82368,0.637687,1.823317179638770,1.00020,1.000000034417542
1082.93,1.82374,0.640456,1.819483634934074,1.00234,1.000000034420195
1083.01,1.72674,0.632411,1.815643994830529,0.951037,1.000000034422840
1083.10,1.40773,0.598274,1.811809133887837,0.776973,1.000000034425470
1083.18,1.33463,0.594878,1.807973732659579,0.738193,1.000000034428088
1083.27,1.21720,0.585236,1.806642636603199,0.673735,1.000000034430699
1083.35,0.961813,0.564640,1.808370055976161,0.531867,1.000000034433298
1083.44,1.06591,0.564046,1.810097691847634,0.588869,1.000000034435886
1083.53,1.14405,0.568342,1.811820411007839,0.631436,1.000000034438455
1083.61,1.42043,0.594669,1.813548601062235,0.783235,1.000000034441020
1083.70,1.33535,0.596480,1.815274491217838,0.735618,1.000000034443571
1083.78,1.33508,0.598566,1.816532216706444,0.734962,1.000000034446111
1083.87,1.55324,0.612609,1.814770578883292,0.855888,1.000000034448642
1083.95,1.35825,0.593860,1.813008498727789,0.749169,1.000000034451164
1084.04,1.16187,0.577900,1.811246317200454,0.641473,1.000000034453674
1084.12,0.940970,0.560013,1.809485841432590,0.520021,1.000000034456170
1084.21,0.995068,0.561039,1.807725317696092,0.550453,1.000000034458655
1084.29,1.26291,0.631863,1.805962024556434,0.699301,1.000000034461133
1084.38,1.28846,0.683970,1.769605295077672,0.728104,1.000000034463597
1084.47,1.29869,0.740172,1.730922283223135,0.750288,1.000000034466051
1084.55,1.36378,0.740964,1.692177823007220,0.805935,1.000000034468497
1084.64,1.53973,0.755874,1.653427384480815,0.931235,1.000000034470933
1084.72,1.57937,0.753976,1.614726380526991,0.978106,1.000000034473355
1084.81,1.39983,0.742895,1.576018985603057,0.888206,1.000000034475767
1084.89,1.32538,0.736779,1.596347407361744,0.830261,1.000000034478175
1084.98,1.49634,0.753401,1.637419992975606,0.913841,1.000000034480567
1085.06,1.63503,0.767817,1.678557586613042,0.974071,1.000000034482951
1085.15,1.49164,0.753014,1.719642848062662,0.867411,1.000000034485322
1085.24,1.66837,0.770189,1.760792963528593,0.947512,1.000000034487687
1085.32,1.56673,0.762873,1.801832362418902,0.869522,1.000000034490035
1085.41,1.88732,0.800788,1.820335359906902,1.03680,1.000000034492379
1085.49,1.53068,0.770813,1.819587921782733,0.841223,1.000000034494714
1085.58,1.70271,0.794802,1.818841446312220,0.936150,1.000000034497036
1085.66,1.62946,0.786272,1.818093992543189,0.896248,1.000000034499351
1085.75,1.94229,0.811363,1.817347420698555,1.06875,1.000000034501653
1085.83,1.64913,0.770596,1.816599490880700,0.907813,1.000000034503949
1085.92,1.49389,0.756601,1.816262357967674,0.822507,1.000000034506232
1086.00,1.59128,0.774144,1.816710591351951,0.875915,1.000000034508505
1086.09,2.12321,0.835932,1.817159765459846,1.16842,1.000000034510772
1086.18,2.44548,0.873152,1.817608311278344,1.34544,1.000000034513027
1086.26,2.16972,0.851604,1.818057365662346,1.19343,1.000000034515275
1086.35,1.74668,0.804221,1.818506069035696,0.960501,1.000000034517511
1086.43,1.32297,0.749365,1.818950944512525,0.727326,1.000000034519741
1086.52,1.39747,0.745930,1.819231932729109,0.768166,1.000000034521959
1086.60,1.69132,0.772157,1.819513206309287,0.929548,1.000000034524167
1086.69,1.94951,0.809736,1.819794770142237,1.07128,1.000000034526369
1086.77,2.20935,0.841815,1.820075869149981,1.21388,1.000000034528560
1086.86,2.28370,0.857197,1.820357473294224,1.25454,1.000000034530744
1086.95,2.53788,0.875832,1.820638387027135,1.39395,1.000000034532916
1087.03,2.11790,0.834551,1.820524369937859,1.16334,1.000000034535082
1087.12,1.97025,0.812548,1.820328845904784,1.08236,1.000000034537236
1087.20,1.85610,0.814165,1.820133281003347,1.01976,1.000000034539382
1087.29,1.98922,0.834803,1.819937177908906,1.09302,1.000000034541522
1087.37,1.93769,0.837210,1.819741503639454,1.06482,1.000000034543650
1087.46,1.93946,0.818443,1.819545386417712,1.06591,1.000000034545773
1087.54,1.82212,0.799729,1.818475523586072,1.00200,1.000000034547884
1087.63,2.53047,0.874532,1.816889976572907,1.39275,1.000000034549989
1087.71,2.45246,0.871757,1.815306621147021,1.35099,1.000000034552083
1087.80,2.46116,0.860496,1.813722816036009,1.35697,1.000000034554168
1087.89,1.87993,0.788415,1.812136322755330,1.03741,1.000000034556248
1087.97,1.96599,0.801012,1.810552204202329,1.08585,1.000000034558317
1088.06,2.25810,0.835017,1.808811035075732,1.24839,1.000000034560379
1088.14,2.12818,0.823117,1.806868991790346,1.17783,1.000000034562431
1088.23,1.92419,0.805312,1.804923674262239,1.06608,1.000000034564478
1088.31,1.75289,0.787189,1.802980958473371,0.972219,1.000000034566513
1088.40,1.86265,0.809689,1.801037793477079,1.03421,1.000000034568541
1088.48,2.25661,0.842371,1.799091782202482,1.25430,1.000000034570562
1088.57,2.05012,0.818348,1.797222206968489,1.14072,1.000000034572574
1088.66,1.66420,0.764817,1.795925997048808,0.926651,1.000000034574579
1088.74,1.20499,0.714679,1.794631922941528,0.671443,1.000000034576575
1088.83,1.38238,0.741201,1.793335294249977,0.770841,1.000000034578564
1088.91,1.77013,0.783329,1.792040568000479,0.987771,1.000000034580544
1089.00,2.01271,0.807264,1.790745592403317,1.12395,1.000000034582515
1089.08,1.98913,0.802424,1.789448568672058,1.11159,1.000000034584481
1089.17,1.92044,0.795500,1.786580533894623,1.07492,1.000000034586437
1089.25,2.05795,0.820945,1.783565708365070,1.15384,1.000000034588388
1089.34,2.12336,0.825223,1.780554845040176,1.19253,1.000000034590328
1089.42,2.43657,0.859816,1.777539074008118,1.37076,1.000000034592264
1089.51,2.15438,0.831536,1.774527265751381,1.21406,1.000000034594189
1089.60,2.62812,0.898360,1.771514605029233,1.48355,1.000000034596106
1089.68,2.46778,0.881822,1.774683214384994,1.39055,1.000000034598019
1089.77,2.89218,0.917340,1.781956376242818,1.62303,1.000000034599922
1089.85,2.39716,0.846405,1.789240828550475,1.33977,1.000000034601820
1089.94,2.39372,0.850752,1.796526608734288,1.33241,1.000000034603710
1090.02,2.19452,0.817764,1.803803042124150,1.21661,1.000000034605590
1090.11,1.97208,0.793856,1.811090810317319,1.08889,1.000000034607466
1090.19,2.10807,0.807477,1.815388180669279,1.16122,1.000000034609331
1090.28,1.81314,0.795466,1.815266513561829,0.998831,1.000000034611190
1090.37,2.18124,0.837213,1.815144830565449,1.20169,1.000000034613041
1090.45,1.95814,0.804593,1.815023295152342,1.07885,1.000000034614887
1090.54,2.09588,0.814586,1.814901205293687,1.15482,1.000000034616727
1090.62,2.34206,0.846324,1.814779657553497,1.29055,1.000000034618556
1090.71,2.26536,0.840325,1.813918781990397,1.24888,1.000000034620382
1090.79,2.11867,0.822694,1.810205396789461,1.17040,1.000000034622198
1090.88,1.68390,0.772761,1.806481140689896,0.932141,1.000000034624011
1090.96,1.74587,0.773322,1.802766833468421,0.968437,1.000000034625813
1091.05,1.77550,0.770029,1.799051948648401,0.986908,1.000000034627608
1091.14,1.79959,0.762340,1.795336042922191,1.00237,1.000000034629396
1091.22,1.78803,0.770193,1.791620222233965,0.997997,1.000000034631177
1091.31,1.70403,0.770640,1.794959556721716,0.949344,1.000000034632953
1091.39,1.99069,0.815557,1.799177811804384,1.10644,1.000000034634721
1091.48,2.03466,0.816791,1.803408742943432,1.12823,1.000000034636486
1091.56,2.12265,0.820370,1.807628185183500,1.17427,1.000000034638240
1091.65,1.95148,0.793362,1.811848328777804,1.07706,1.000000034639988
1091.73,1.80778,0.776913,1.816081167922327,0.995431,1.000000034641733
1091.82,1.95120,0.793322,1.817340567461521,1.07365,1.000000034643467
1091.90,1.67631,0.774391,1.816416929750234,0.922864,1.000000034645194
1091.99,1.60383,0.779942,1.815494627580925,0.883412,1.000000034646913
1092.08,1.20394,0.745358,1.814568037466696,0.663486,1.000000034648632
1092.16,1.21655,0.741465,1.813643945617331,0.670778,1.000000034650340
1092.25,1.13074,0.725081,1.812719621098087,0.623779,1.000000034652042
1092.33,1.25319,0.736248,1.812299858906382,0.691490,1.000000034653741
1092.42,1.18004,0.729961,1.812720325697910,0.650980,1.000000034655430
1092.50,1.32758,0.743076,1.813141507360256,0.732199,1.000000034657115
1092.59,1.32371,0.794968,1.813562106269195,0.729895,1.000000034658790
1092.67,1.49080,0.898062,1.813965776701481,0.821845,1.000000034660394
1092.75,1.54276,0.993307,1.814361493912959,0.850302,1.000000034661960
1092.84,1.52050,1.01885,1.814782398314306,0.837844,1.000000034663618
1092.92,1.72801,1.02841,1.812276145764773,0.953505,1.000000034665270
1093.01,1.78419,1.03751,1.809648084510550,0.985934,1.000000034666918
1093.09,1.88105,1.05643,1.807023606771784,1.04097,1.000000034668557
1093.18,1.77844,1.05604,1.804394749049973,0.985617,1.000000034670193
1093.26,1.73327,1.04464,1.801765234197009,0.961984,1.000000034671823
1093.35,1.94006,1.07496,1.799139525201565,1.07833,1.000000034673444
1093.44,1.70083,1.04996,1.801010461161484,0.944375,1.000000034675061
1093.52,2.15139,1.11078,1.804269491315149,1.19239,1.000000034676668
1093.61,2.03275,1.08231,1.807537976316076,1.12460,1.000000034678274
1093.69,2.43700,1.12194,1.810802463094508,1.34581,1.000000034679871
1093.78,1.53997,1.01329,1.814072143156309,0.848901,1.000000034681465
1093.86,2.00819,1.06745,1.817342088221454,1.10501,1.000000034683053
1093.95,2.18002,1.09281,1.819092513535784,1.19841,1.000000034684635
1094.03,2.61728,1.14987,1.818969184639444,1.43888,1.000000034686211
1094.12,2.46592,1.14119,1.818845991031941,1.35576,1.000000034687779
1094.20,1.71960,1.05809,1.818722729897735,0.945499,1.000000034689342
1094.29,1.99579,1.08712,1.818599452930100,1.09743,1.000000034690898
1094.38,2.03228,1.10170,1.818476133410432,1.11757,1.000000034692449
1094.46,2.47462,1.15426,1.818340063999814,1.36092,1.000000034693997
1094.55,2.29927,1.14439,1.818165749366752,1.26461,1.000000034695539
1094.63,1.70814,1.06291,1.817991621119568,0.939577,1.000000034697075
1094.72,1.95846,1.08411,1.817817457498559,1.07737,1.000000034698604
1094.80,2.23623,1.30224,1.817643507738959,1.23029,1.000000034700127
1094.89,2.21984,1.60613,1.817469072467838,1.22139,1.000000034701646
1094.97,2.07156,1.90739,1.817294757815009,1.13991,1.000000034703159
1095.06,1.27620,1.62630,1.814129006003905,0.703477,1.000000034706146
