-16151.3,0.754841
-16144.3,0.794070
-16137.3,0.833291
-16130.3,0.675629
-16123.2,0.537714
-16116.3,0.586787
-16109.2,0.547333
-16102.2,0.370167
-16095.2,0.301230
-16088.2,0.173364
-16081.2,0.134011
-16074.2,0.0946802
-16067.2,0.0848324
-16060.2,0.0553514
-16053.2,0.0455188
-16046.2,0.0945855
-16039.2,0.0847423
-16032.2,0.0622151
-16025.2,0.0490941
-16018.1,0.127558
-16011.1,0.101383
-16004.1,0.101353
-15997.1,0.114382
-15990.1,0.192772
-15983.1,0.284208
-15976.1,0.179653
-15969.1,0.140437
-15962.1,0.231803
-15955.1,0.140386
-15948.0,0.218648
-15941.1,0.179473
-15934.1,0.166397
-15927.0,0.244608
-15920.0,0.218483
-15913.0,0.266516
-15906.0,0.426580
-15899.0,0.348321
-15892.0,0.563211
-15885.0,0.441805
-15878.0,0.595244
-15871.0,0.595110
-15863.9,0.699107
-15856.9,0.751003
-15850.0,0.711783
-15842.9,0.815685
-15835.9,0.685439
-15828.9,0.724284
-15821.9,0.711130
-15814.9,0.723975
-15807.9,0.801789
-15800.9,0.892526
-15793.9,0.645520
-15786.8,0.658354
-15779.8,0.801023
-15772.9,0.774905
-15765.8,0.722808
-15758.8,0.878353
-15751.8,0.800336
-15744.8,0.824948
-15737.8,0.599370
-15730.8,0.735355
-15723.8,0.764355
-15716.8,0.715614
-15709.8,0.715484
-15702.8,0.744494
-15695.7,0.802621
-15688.8,0.637363
-15681.7,0.792575
-15674.7,0.714773
-15667.7,0.753449
-15660.7,0.733873
-15653.7,0.646431
-15646.7,0.772359
-15639.7,0.655856
-15632.7,0.772046
-15625.6,0.674967
-15618.7,0.665133
-15611.6,0.606851
-15604.6,0.713249
-15597.6,0.751803
-15590.6,0.557990
-15583.6,0.635321
-15576.6,0.693246
-15569.6,0.547929
-15562.6,0.518783
-15555.6,0.586356
-15548.6,0.721605
-15541.5,0.711803
-15534.6,0.673022
-15527.5,0.547246
-15520.5,0.653404
-15513.5,0.489062
-15506.5,0.604865
-15499.5,0.556451
-15492.5,0.594930
-15485.5,0.546513
-15478.5,0.469215
-15471.5,0.565597
-15464.4,0.546173
-15457.4,0.709989
-15450.4,0.680914
-15443.4,0.700062
-15436.4,0.690277
-15429.4,0.555237
-15422.4,0.535857
-15415.4,0.603171
-15408.4,0.641535
-15401.4,0.593266
-15394.3,0.496869
-15387.4,0.506377
-15380.3,0.506253
-15373.3,0.535010
-15366.3,0.544511
-15359.3,0.477091
-15352.3,0.553905
-15345.3,0.573020
-15338.3,0.351894
-15331.3,0.495925
-15324.3,0.418975
-15317.3,0.534103
-15310.3,0.485991
-15303.2,0.514686
-15296.2,0.332225
-15289.2,0.533644
-15282.2,0.408846
-15275.2,0.437552
-15268.2,0.437468
-15261.2,0.494920
-15254.2,0.443424
-15247.2,0.430579
-15240.2,0.392183
-15233.1,0.468753
-15226.2,0.468669
-15219.1,0.264283
-15212.1,0.481219
-15205.1,0.315220
-15198.1,0.455537
-15191.1,0.378943
-15184.1,0.251343
-15177.1,0.493558
-15170.1,0.353192
-15163.1,0.416828
-15156.1,0.454992
-15149.1,0.314756
-15142.0,0.416594
-15135.0,0.403764
-15128.1,0.492820
-15121.0,0.378155
-15114.0,0.420180
-15107.0,0.378247
-15100.0,0.416338
-15093.0,0.359027
-15086.0,0.339854
-15079.0,0.349305
-15071.9,0.320635
-15065.0,0.339624
-15057.9,0.234728
-15050.9,0.368053
-15043.9,0.415612
-15036.9,0.310765
-15029.9,0.367857
-15022.9,0.339211
-15015.9,0.348670
-15008.9,0.272457
-15001.9,0.319962
-14994.9,0.253309
-14987.8,0.357883
-14980.9,0.300752
-14973.8,0.319670
-14966.8,0.234060
-14959.8,0.177028
-14952.8,0.291005
-14945.8,0.281448
-14938.8,0.300394
-14931.8,0.271873
-14924.8,0.214857
-14917.8,0.252784
-14910.7,0.167350
-14903.8,0.205269
-14896.8,0.233691
-14889.7,0.233637
-14882.7,0.195652
-14875.7,0.261969
-14868.7,0.233489
-14861.7,0.280822
-14854.7,0.195490
-14847.7,0.242807
-14840.7,0.185935
-14833.7,0.204838
-14826.7,0.176402
-14819.7,0.214196
-14812.7,0.204708
-14805.6,0.129000
-14798.6,0.176273
-14791.6,0.147865
-14784.6,0.135366
-14777.6,0.173135
-14770.6,0.0849017
-14763.6,0.236083
-14756.6,0.0848959
-14749.5,0.122665
-14742.6,0.110044
-14735.6,0.0722502
-14728.5,0.0722250
-14721.5,0.0596212
-14714.5,0.147657
-14707.5,0.0595669
-14700.5,0.147571
-14693.5,0.0972379
-14686.5,0.0846682
-14679.5,0.0218085
-14672.5,0.0971963
-14665.4,0.0594984
-14658.5,0.0971572
-14651.5,0.0720213
-14644.4,0.0531218
-14637.4,0.0436139
-14630.4,0.0906705
-14623.4,0.0624242
-14616.4,0.0812311
-14609.4,0.0623959
-14602.4,0.0811877
-14595.4,0.0623628
-14588.3,0.0529406
-14581.4,0.0623001
-14574.4,0.0153024
-14567.3,0.0247074
-14560.3,0.00591289
-14553.3,0.0528814
-14546.3,0.0434823
-14539.3,0.0434954
-14532.3,0.0341077
-14525.3,0.0341057
-14518.3,0.0528482
-14511.3,0.0622159
-14504.3,0.0621962
-14497.2,0.0340761
-14490.3,0.0715818
-14483.2,0.0153189
-14476.2,0.0340629
-14469.2,0.0246828
-14462.2,0.0246771
-14455.2,0.0621292
-14448.2,0.0340146
-14441.2,0.0246315
-14434.2,0.0246143
-14427.1,0.0339635
-14420.2,0.0339559
-14413.1,0.0152566
-14406.1,0.0339559
-14399.1,0.0246193
-14392.1,0.0339458
-14385.1,0.0339176
-14378.1,0.0712841
-14371.1,0.0619075
-14364.1,0.0338418
-14357.1,0.0244986
-14350.1,0.0618405
-14343.0,0.0618132
-14336.0,0.0431315
-14329.0,0.0711337
-14322.0,0.108462
-14315.0,0.0897686
-14308.0,0.127050
-14301.0,0.0524326
-14294.0,0.0990467
-14287.0,0.136307
-14280.0,0.0803619
-14273.0,0.0710223
-14266.0,0.0710172
-14259.0,0.0709908
-14251.9,0.126874
-14244.9,0.201361
-14237.9,0.0989176
-14230.9,0.136155
-14223.9,0.145458
-14216.9,0.126821
-14209.9,0.136097
-14202.9,0.126759
-14195.9,0.173225
-14188.9,0.191791
-14181.9,0.173170
-14174.8,0.275361
-14167.8,0.163822
-14160.8,0.340284
-14153.9,0.265929
-14146.8,0.358728
-14139.8,0.386520
-14132.8,0.609219
-14125.8,1.05454
-14118.8,2.26048
-14111.8,4.89447
-14104.8,8.80735
-14097.8,13.7015
-14090.7,20.9858
-14083.7,26.5153
-14076.7,27.8652
-14069.7,29.9674
-14062.7,35.6062
-14055.7,44.3178
-14048.7,53.8285
-14041.7,63.2366
-14034.7,77.0351
-14027.7,88.4341
-14020.7,98.9530
-14013.6,109.776
-14006.6,121.890
-13999.6,132.236
-13992.6,144.316
-13985.6,158.364
-13978.6,170.102
-13971.6,181.811
-13964.6,187.356
-13957.6,187.468
-13950.6,187.209
-13943.5,193.575
-13936.6,226.028
-13929.5,272.154
-13922.5,274.003
-13915.6,299.418
-13908.5,357.411
-13901.5,359.875
-13894.5,357.471
-13887.5,346.622
-13880.5,332.410
-13873.5,315.094
-13866.5,304.162
-13859.4,287.842
-13852.4,270.091
-13845.4,255.219
-13838.4,235.199
-13831.4,216.523
-13824.4,196.099
-13817.4,181.498
-13810.4,155.803
-13803.4,135.697
-13796.4,113.159
-13789.4,94.2088
-13782.4,70.3539
-13775.4,50.6850
-13768.3,41.5228
-13761.3,33.9168
-13754.3,25.8912
-13747.3,19.3840
-13740.3,14.0454
-13733.3,8.92001
-13726.3,5.08157
-13719.3,2.49267
-13712.3,1.17099
-13705.3,0.904729
-13698.3,0.666083
-13691.2,0.482560
-13684.2,0.473297
-13677.2,0.354060
-13670.2,0.326494
-13663.2,0.317273
-13656.2,0.308037
-13649.2,0.243861
-13642.2,0.179721
-13635.2,0.188818
-13628.2,0.152124
-13621.1,0.170393
-13614.2,0.188648
-13607.1,0.197764
-13600.1,0.124538
-13593.1,0.151957
-13586.1,0.161079
-13579.1,0.151908
-13572.1,0.0604572
-13565.1,0.160971
-13558.1,0.0695922
-13551.1,0.0878396
-13544.1,0.0604245
-13537.0,0.0239009
-13530.0,0.0878175
-13523.0,0.0604295
-13516.0,0.0878075
-13509.1,0.0512783
-13502.0,0.0421323
-13495.0,0.0512483
-13488.0,0.0329916
-13481.0,0.0329878
-13474.0,0.0147431
-13467.0,0.0603060
-13460.0,0.0876446
-13453.0,0.0420689
-13446.0,0.0876182
-13438.9,0.0238511
-13431.9,0.0147309
-13424.9,0.0511427
-13417.9,0.0238495
-13410.9,0.0511365
-13403.9,0.0602268
-13396.9,0.0602036
-13389.9,0.0419909
-13382.9,0.0601766
-13375.9,0.0783499
-13368.8,0.0510612
-13361.9,0.0237822
-13354.8,0.0328620
-13347.8,0.0328651
-13340.8,0.00559875
-13333.8,0.0237657
-13326.8,0.0419214
-13319.8,0.0510077
-13312.8,0.00561778
-13305.8,0.0146977
-13298.7,0.0328445
-13291.7,0.0146888
-13284.7,0.0398454
-13277.7,0.0202985
-13270.7,0.0203252
-13263.7,0.0203247
-13256.7,0.00824690
-13249.7,0.0565789
-13242.7,0.0323893
-13235.7,0.0202933
-13228.7,0.0323825
-13221.7,0.0444370
-13214.6,0.0323525
-13207.6,0.0685732
-13200.7,0.0444503
-13193.6,0.0444469
-13186.6,0.0444263
-13179.6,0.104731
-13172.6,0.0443896
-13165.6,0.0684943
-13158.6,0.0925947
-13151.6,0.0505746
-13144.6,0.0689010
-13137.5,0.0960174
-13130.5,0.123118
-13123.5,0.0960144
-13116.6,0.0508239
-13109.5,0.0688681
-13102.5,0.0508073
-13095.5,0.104985
-13088.5,0.0598346
-13081.5,0.150051
-13074.5,0.0688025
-13067.5,0.0958286
-13060.5,0.113854
-13053.5,0.0957975
-13046.4,0.0597082
-13039.5,0.140828
-13032.4,0.140809
-13025.4,0.158823
-13018.4,0.122755
-13011.4,0.113730
-13004.4,0.194784
-12997.4,0.212754
-12990.4,0.194694
-12983.4,0.212648
-12976.3,0.122613
-12969.3,0.248550
-12962.3,0.131554
-12955.3,0.176485
-12948.3,0.248404
-12941.3,0.158450
-12934.3,0.176409
-12927.3,0.248268
-12920.3,0.194290
-12913.3,0.212213
-12906.3,0.221155
-12899.2,0.203146
-12892.2,0.256971
-12885.2,0.292813
-12878.2,0.292749
-12871.2,0.220891
-12864.2,0.265716
-12857.2,0.283632
-12850.2,0.265644
-12843.2,0.238680
-12836.2,0.211728
-12829.2,0.265494
-12822.1,0.328194
-12815.1,0.265660
-12808.1,0.259794
-12801.2,0.355296
-12794.1,0.271627
-12787.1,0.283524
-12780.1,0.247659
-12773.1,0.355027
-12766.1,0.426567
-12759.1,0.462276
-12752.1,0.402538
-12745.0,0.283198
-12738.1,0.307004
-12731.0,0.330788
-12724.0,0.342649
-12717.1,0.378341
-12710.0,0.497471
-12703.0,0.282900
-12696.0,0.330512
-12689.0,0.294703
-12682.0,0.157573
-12675.0,0.407387
-12668.0,0.478728
-12660.9,0.362604
-12654.0,0.451798
-12646.9,0.416022
-12639.9,0.371338
-12632.9,0.326678
-12625.9,0.389048
-12618.9,0.478151
-12611.9,0.495906
-12604.9,0.486927
-12597.9,0.451192
-12590.9,0.468936
-12583.9,0.468858
-12576.9,0.522237
-12569.9,0.531045
-12562.8,0.513170
-12555.8,0.539811
-12548.8,0.415104
-12541.8,0.477347
-12534.8,0.486167
-12527.8,0.370407
-12520.8,0.459300
-12513.8,0.379165
-12506.8,0.476919
-12499.8,0.459041
-12492.8,0.610072
-12485.7,0.494417
-12478.7,0.600941
-12471.7,0.494233
-12464.7,0.467499
-12457.7,0.467403
-12450.7,0.511720
-12443.7,0.635915
-12436.7,0.529259
-12429.7,0.431528
-12422.6,0.537927
-12415.7,0.431398
-12408.7,0.511168
-12401.6,0.555440
-12394.6,0.581963
-12387.6,0.510951
-12380.6,0.457679
-12373.6,0.439857
-12366.6,0.492932
-12359.6,0.616897
-12352.6,0.501625
-12345.6,0.581250
-12338.5,0.501461
-12331.6,0.607628
-12324.5,0.527866
-12317.5,0.545487
-12310.5,0.625054
-12303.5,0.554161
-12296.5,0.633676
-12289.5,0.739712
-12282.5,0.491982
-12275.5,0.615678
-12268.5,0.659765
-12261.4,0.544776
-12254.5,0.641894
-12247.5,0.615294
-12240.4,0.597525
-12233.4,0.641596
-12226.4,0.685649
-12219.4,0.703198
-12212.4,0.473551
-12205.4,0.641180
-12198.4,0.623424
-12191.4,0.658632
-12184.4,0.702618
-12177.4,0.614289
-12170.3,0.702370
-12163.4,0.649363
-12156.3,0.605187
-12149.3,0.605085
-12142.3,0.657856
-12135.3,0.551983
-12128.3,0.595940
-12121.3,0.666307
-12114.3,0.710241
-12107.3,0.573366
-12100.2,0.607754
-12093.3,0.854112
-12086.2,0.584054
-12079.2,0.713028
-12072.2,0.525221
-12065.2,0.712777
-12058.2,0.618816
-12051.2,0.712501
-12044.2,0.665489
-12037.2,0.700542
-12030.2,0.782456
-12023.2,0.794057
-12016.1,0.653321
-12009.2,0.723488
-12002.1,0.723349
-11995.1,0.699808
-11988.1,0.769931
-11981.1,0.652744
-11974.1,0.544819
-11967.1,0.637498
-11960.1,0.707568
-11953.1,0.663586
-11946.1,0.645950
-11939.0,0.768624
-11932.1,0.933236
-11925.0,0.896776
-11918.1,0.873258
-11911.0,0.791340
-11904.0,0.826267
-11897.0,0.744351
-11890.0,0.966134
-11883.0,0.568914
-11876.0,0.685608
-11869.0,0.837262
-11862.0,0.638693
-11854.9,0.685280
-11847.9,0.580167
-11841.0,0.743430
-11833.9,0.615008
-11826.9,0.684884
-11819.9,0.859679
-11812.9,0.721873
-11805.9,0.713844
-11798.9,0.984697
-11791.9,0.844710
-11784.9,0.896995
-11777.8,0.958005
-11770.9,0.870485
-11763.8,0.783000
-11756.9,0.660630
-11749.8,0.835150
-11742.8,0.791373
-11735.8,0.983251
-11728.8,0.686385
-11721.8,0.834592
-11714.8,0.747213
-11707.8,0.790697
-11700.8,0.624855
-11693.7,0.903766
-11686.8,0.816453
-11679.7,0.729169
-11672.7,0.720325
-11665.7,0.877052
-11658.7,0.859494
-11651.7,0.711292
-11644.7,0.841813
-11637.7,0.876506
-11630.7,0.780592
-11623.7,0.684705
-11616.6,0.745530
-11609.7,0.754128
-11602.7,0.893225
-11595.6,0.814767
-11588.6,0.710254
-11581.6,0.805806
-11574.6,0.849153
-11567.6,0.744709
-11560.6,0.788062
-11553.6,0.744486
-11546.5,0.831247
-11539.6,0.683431
-11532.5,0.796242
-11525.5,0.882971
-11518.6,0.657034
-11511.5,0.743747
-11504.5,0.813098
-11497.5,0.795619
-11490.5,0.916985
-11483.5,0.769325
-11476.5,0.734489
-11469.5,0.881810
-11462.5,0.777567
-11455.5,0.742745
-11448.5,0.725281
-11441.4,0.742531
-11434.4,0.907097
-11427.4,0.750960
-11420.4,0.794162
-11413.4,0.707406
-11406.4,0.603362
-11399.4,0.672541
-11392.4,0.888905
-11385.4,0.776216
-11378.4,0.767424
-11371.4,0.827889
-11364.3,0.827751
-11357.3,0.818960
-11350.3,0.818842
-11343.3,0.758164
-11336.3,0.732086
-11329.3,0.801154
-11322.3,0.852889
-11315.3,0.809537
-11308.3,0.766191
-11301.3,0.791839
-11294.3,0.883857
-11287.3,0.964338
-11280.2,0.791439
-11273.2,0.987039
-11266.2,0.860243
-11259.2,0.710480
-11252.2,0.894499
-11245.2,0.733245
-11238.2,0.744632
-11231.2,0.709988
-11224.2,1.11244
-11217.2,0.790317
-11210.2,0.755708
-11203.1,0.790102
-11196.1,0.698028
-11189.1,0.847335
-11182.1,0.918327
-11175.1,0.729431
-11168.1,0.763763
-11161.1,0.711975
-11154.1,0.909929
-11147.1,0.832313
-11140.1,0.780536
-11133.1,0.771829
-11126.0,0.857781
-11119.0,0.823222
-11112.0,0.780063
-11105.0,0.951979
-11098.0,0.840021
-11091.0,0.702277
-11084.0,0.693571
-11077.0,0.770838
-11070.0,0.787937
-11063.0,0.830799
-11056.0,0.856449
-11048.9,0.839131
-11041.9,0.967857
-11034.9,0.950520
-11027.9,0.941797
-11020.9,0.864364
-11013.9,0.726858
-11006.9,0.941328
-10999.9,0.812426
-10992.9,0.855196
-10985.9,0.932274
-10978.9,0.794854
-10971.8,0.777577
-10964.9,0.828900
-10957.8,0.923098
-10950.8,0.862938
-10943.8,0.845669
-10936.8,0.836941
-10929.8,0.793961
-10922.8,0.750993
-10915.8,0.845111
-10908.8,0.776457
-10901.8,0.956195
-10894.8,0.947484
-10887.7,0.827478
-10880.8,0.835914
-10873.8,0.878568
-10866.7,0.861317
-10859.7,1.14354
-10852.7,0.801159
-10845.7,0.878001
-10838.7,1.03182
-10831.7,0.795199
-10824.7,0.863483
-10817.7,0.897561
-10810.7,0.737854
-10803.6,0.851653
-10796.7,0.600878
-10789.6,0.714711
-10782.6,0.896846
-10775.6,0.885323
-10768.6,0.896578
-10761.6,0.759828
-10754.6,0.998758
-10747.6,0.725465
-10740.6,0.805000
-10733.6,0.657019
-10726.5,0.861696
-10719.5,0.622704
-10712.6,0.611149
-10705.5,0.551341
-10698.5,0.559785
-10691.5,0.269850
-10684.5,0.261264
-10677.5,0.210094
-10670.5,0.227106
-10663.5,0.184473
-10656.5,0.235568
-10649.4,0.235535
-10642.5,0.133281
-10635.4,0.278012
-10628.5,0.218362
-10621.4,0.380050
-10614.4,0.473603
-10607.4,0.473527
-10600.4,0.737196
-10593.4,0.694547
-10586.4,0.745468
-10579.4,0.558252
-10572.4,0.898280
-10565.3,0.864126
-10558.4,0.847006
-10551.3,0.812868
-10544.3,0.897738
-10537.3,1.00806
-10530.3,0.897442
-10523.3,1.01625
-10516.3,0.812280
-10509.3,0.735742
-10502.3,0.990353
-10495.3,0.930800
-10488.2,0.879736
-10481.2,0.939025
-10474.3,0.837076
-10467.2,0.955744
-10460.2,0.845314
-10453.2,0.862153
-10446.2,0.972264
-10439.2,0.912770
-10432.2,0.844818
-10425.2,0.785358
-10418.1,0.886964
-10411.2,0.819016
-10404.1,0.861257
-10397.1,0.818760
-10390.1,0.708521
-10383.1,0.860851
-10376.1,1.05548
-10369.1,0.725134
-10362.1,0.928197
-10355.1,0.877274
-10348.1,0.792517
-10341.1,0.783928
-10334.0,0.893773
-10327.0,0.758270
-10320.0,0.893486
-10313.0,0.817222
-10306.0,0.884741
-10299.0,0.749328
-10292.0,0.884458
-10285.0,0.740649
-10278.0,0.901093
-10271.0,0.782662
-10264.0,0.985302
-10257.0,0.841537
-10250.0,0.773835
-10242.9,0.799049
-10235.9,0.663842
-10228.9,0.629992
-10221.9,0.849361
-10214.9,0.705752
-10207.9,0.857542
-10200.9,0.730864
-10193.9,0.739193
-10186.9,0.621006
-10179.9,0.688373
-10172.8,0.747312
-10165.9,0.578572
-10158.8,0.553193
-10151.8,0.713256
-10144.8,0.578297
-10137.8,0.628775
-10130.8,0.477049
-10123.8,0.461940
-10116.8,0.637141
-10109.8,0.648284
-10102.8,0.726772
-10095.7,0.490940
-10088.8,0.580672
-10081.7,0.423502
-10074.7,0.490776
-10067.8,0.445805
-10060.7,0.490590
-10053.7,0.591463
-10046.7,0.479238
-10039.7,0.434309
-10032.7,0.434256
-10025.7,0.434186
-10018.7,0.478946
-10011.7,0.434062
-10004.7,0.391069
-9997.61,0.450533
-9990.63,0.358035
-9983.62,0.324370
-9976.60,0.445658
-9969.62,0.366070
-9962.61,0.410781
-9955.59,0.433123
-9948.59,0.410693
-9941.56,0.365889
-9934.58,0.265126
-9927.54,0.343415
-9920.55,0.421658
-9913.53,0.466328
-9906.53,0.488599
-9899.54,0.410251
-9892.50,0.432538
-9885.51,0.421288
-9878.51,0.465935
-9871.49,0.331775
-9864.47,0.376415
-9857.46,0.421026
-9850.44,0.388630
-9843.46,0.423833
-9836.45,0.348377
-9829.43,0.390197
-9822.43,0.423628
-9815.40,0.482178
-9808.38,0.473751
-9801.41,0.373255
-9794.36,0.582424
-9787.39,0.498668
-9780.37,0.440041
-9773.34,0.506915
-9766.38,0.506861
-9759.35,0.515151
-9752.35,0.565243
-9745.33,0.581876
-9738.31,0.464778
-9731.30,0.539930
-9724.28,0.581627
-9717.31,0.631696
-9710.27,0.489592
-9703.27,0.539641
-9696.26,0.606382
-9689.24,0.639701
-9682.26,0.681371
-9675.25,0.631172
-9668.23,0.772976
-9661.23,0.806260
-9654.21,0.622534
-9647.22,0.655796
-9640.20,0.764179
-9633.19,0.814131
-9626.19,0.630518
-9619.17,0.797231
-9612.18,0.822127
-9605.16,0.713648
-9598.16,0.680219
-9591.15,0.905147
-9584.13,0.863344
-9577.11,0.863228
-9570.10,0.838103
-9563.08,0.804659
-9556.10,0.962815
-9549.08,0.879367
-9542.07,1.02914
-9535.07,0.970720
-9528.04,0.962264
-9521.06,0.770690
-9514.05,0.945370
-9507.00,1.02016
-9500.03,1.06995
-9493.01,0.861816
-9486.02,1.10294
-9479.02,0.903187
-9471.96,1.08602
-9464.99,0.952812
-9457.97,0.936043
-9450.95,0.977473
-9443.98,1.01057
-9436.92,0.943961
-9429.95,1.04355
-9422.91,0.852320
-9415.88,0.993429
-9408.92,1.00161
-9401.88,0.993181
-9394.90,1.05118
-9387.89,1.19218
-9380.84,1.05089
-9373.89,0.942865
-9366.85,0.984239
-9359.88,1.15837
-9352.84,0.967391
-9345.83,1.08159
-9338.85,0.903294
-9331.81,1.35656
-9324.82,1.15736
-9317.80,1.06877
-9310.80,1.13496
-9303.79,1.09059
-9296.77,1.02414
-9289.75,1.15660
-9282.76,1.14539
-9275.72,1.17840
-9268.74,1.03465
-9261.72,0.879897
-9254.71,0.990190
-9247.73,0.956934
-9240.69,1.01201
-9233.70,1.00083
-9226.70,0.967577
-9219.64,0.959836
-9212.69,0.956555
-9205.65,1.20464
-9198.66,1.04730
-9191.64,1.22087
-9184.60,0.972576
-9177.65,1.05515
-9170.59,0.939252
-9163.62,0.980470
-9156.62,1.12086
-9149.56,0.938867
-9142.61,1.15362
-9135.56,1.06256
-9128.55,1.01283
-9121.57,0.921821
-9114.53,1.09517
-9107.54,0.839013
-9100.52,0.995836
-9093.51,0.995723
-9086.49,1.03690
-9079.49,1.00375
-9072.54,0.937598
-9065.48,0.854969
-9058.48,1.07767
-9051.49,0.929020
-9044.45,0.994890
-9037.46,1.01125
-9030.44,1.10185
-9023.44,0.994512
-9016.45,1.19227
-9009.41,0.804625
-9002.39,1.07655
-8995.41,1.08466
-8988.40,0.919714
-8981.38,1.02671
-8974.36,1.28199
-8967.35,1.05940
-8960.37,0.952176
-8953.33,1.10853
-8946.34,1.10842
-8939.32,0.951817
-8932.28,1.02578
-8925.33,0.968022
-8918.29,0.951458
-8911.30,1.00073
-8904.28,0.860715
-8897.24,1.06629
-8890.29,0.876957
-8883.24,0.934423
-8876.27,1.16139
-8869.25,1.11523
-8862.21,0.884862
-8855.25,0.950526
-8848.20,0.950425
-8841.23,0.983180
-8834.21,0.972110
-8827.17,1.10348
-8820.18,1.10335
-8813.16,0.917007
-8806.16,1.11402
-8799.13,0.938669
-8792.13,0.982357
-8785.14,0.960327
-8778.12,0.916414
-8771.08,1.11332
-8764.13,0.992789
-8757.09,1.06927
-8750.11,1.24743
-8743.08,1.12906
-8736.08,1.14534
-8729.06,0.923723
-8722.05,1.21068
-8715.07,1.18593
-8708.05,1.31696
-8701.04,0.964242
-8694.02,1.08710
-8687.00,1.07878
-8680.03,1.02129
-8673.01,1.15230
-8665.97,1.02106
-8658.98,1.09469
-8651.96,0.971677
-8644.96,1.25823
-8637.97,1.18436
-8630.93,1.20878
-8623.95,1.11037
-8616.92,1.00382
-8609.88,1.06098
-8602.93,0.987192
-8595.88,1.22441
-8588.91,0.986954
-8581.89,1.20777
-8574.85,1.10126
-8567.90,1.09294
-8560.84,1.01920
-8553.87,1.02726
-8546.85,1.05167
-8539.81,1.11694
-8532.82,1.03504
-8525.80,1.09214
-8518.83,1.16558
-8511.78,1.04283
-8504.75,1.07537
-8497.79,0.952697
-8490.76,0.797370
-8483.76,0.756424
-8476.77,0.976846
-8469.73,0.862402
-8462.71,0.829644
-8455.73,0.772398
-8448.72,0.870275
-8441.70,0.927304
-8434.70,0.959846
-8427.67,0.967887
-8420.69,1.03306
-8413.65,1.07373
-8406.66,1.04097
-8399.66,1.02451
-8392.67,0.959143
-8385.65,1.15472
-8378.61,0.950735
-8371.62,1.04844
-8364.60,1.04831
-8357.60,1.08082
-8350.61,1.15405
-8343.57,0.999087
-8336.59,1.07232
-8329.57,0.917415
-8322.56,1.12909
-8315.58,1.10454
-8308.52,0.892673
-8301.55,0.925138
-8294.53,1.04716
-8287.52,0.965631
-8280.54,0.949222
-8273.48,0.932834
-8266.51,0.745568
-8259.49,0.810586
-8252.45,0.753526
-8245.46,0.924254
-8238.44,0.956690
-8231.44,0.769520
-8224.42,0.818236
-8217.40,0.761223
-8210.43,1.02131
-8203.41,0.809826
-8196.40,0.907273
-8189.38,0.866529
-8182.38,0.890801
-8175.35,0.825677
-8168.37,1.07823
-8161.40,0.917765
-8154.34,0.852664
-8147.32,1.13411
-8140.35,0.874097
-8133.33,0.798222
-8126.33,0.884733
-8119.30,0.906289
-8112.30,0.765486
-8105.28,0.895247
-8098.29,0.862686
-8091.27,0.873424
-8084.27,0.916593
-8077.24,0.938128
-8070.24,0.808241
-8063.22,0.710832
-8056.23,0.948651
-8049.23,0.829598
-8042.21,0.911540
-8035.20,0.961548
-8028.22,0.920907
-8021.16,0.888383
-8014.19,1.17192
-8007.17,0.993512
-8000.17,0.993381
-7993.18,1.07683
-7986.12,0.785087
-7979.15,1.09819
-7972.13,1.05490
-7965.13,0.946798
-7958.11,1.00069
-7951.08,0.903448
-7944.12,0.968093
-7937.06,1.14064
-7930.07,0.903092
-7923.07,1.04323
-7916.05,0.794958
-7909.04,0.913517
-7902.02,0.870250
-7895.00,1.13978
-7888.00,0.805337
-7881.01,0.934658
-7874.00,0.923770
-7866.98,0.956015
-7859.96,0.958006
-7852.99,0.910166
-7845.97,0.934326
-7838.97,1.02312
-7831.95,1.16846
-7824.96,0.998648
-7817.92,0.990447
-7810.93,0.917654
-7803.91,1.05486
-7796.91,0.998202
-7789.89,0.965793
-7782.88,0.973749
-7775.86,1.02996
-7768.87,1.00833
-7761.83,0.997463
-7754.85,0.911266
-7747.84,0.824234
-7740.86,0.908544
-7733.80,1.04561
-7726.83,0.916440
-7719.81,0.908280
-7712.81,0.964643
-7705.79,0.916160
-7698.76,0.875754
-7691.79,0.996606
-7684.74,0.819121
-7677.77,0.915773
-7670.75,0.931794
-7663.73,0.851092
-7656.76,0.955772
-7649.70,1.04432
-7642.71,0.810575
-7635.71,0.874937
-7628.69,1.11649
-7621.68,1.01973
-7614.66,0.963232
-7607.68,0.922866
-7600.64,0.890552
-7593.65,1.01121
-7586.65,0.978890
-7579.62,1.11561
-7572.60,1.07524
-7565.63,0.914175
-7558.61,0.865808
-7551.59,0.897915
-7544.59,1.00241
-7537.60,1.05056
-7530.56,0.873497
-7523.58,0.985999
-7516.55,1.04217
-7509.55,0.897326
-7502.53,0.913320
-7495.52,1.00970
-7488.50,0.969400
-7481.53,0.880889
-7474.51,1.07367
-7467.45,1.16195
-7460.49,1.12969
-7453.46,0.960852
-7446.48,0.936651
-7439.47,0.992777
-7432.45,1.15329
-7425.45,1.05680
-7418.43,1.03261
-7411.40,1.12081
-7404.44,1.04844
-7397.38,1.04832
-7390.41,1.01611
-7383.39,1.01599
-7376.37,0.879472
-7369.40,0.977071
-7362.34,1.01280
-7355.37,0.980605
-7348.35,0.927039
-7341.33,1.03390
-7334.33,1.01240
-7327.30,1.04437
-7320.32,0.990555
-7313.28,1.27901
-7306.29,1.05443
-7299.29,1.05432
-7292.27,0.925993
-7285.28,0.861791
-7278.24,0.909833
-7271.25,0.989897
-7264.23,0.989810
-7257.23,1.32612
-7250.24,1.08569
-7243.20,1.11762
-7236.22,1.10148
-7229.19,1.13764
-7222.19,1.07489
-7215.17,1.21352
-7208.17,0.967927
-7201.14,1.09588
-7194.16,0.935701
-7187.15,0.946272
-7180.10,1.05286
-7173.13,1.04208
-7166.11,1.16995
-7159.12,1.11651
-7152.08,0.872368
-7145.09,1.24388
-7138.09,1.21177
-7131.07,1.21166
-7124.08,1.08361
-7117.08,0.955893
-7110.02,0.966563
-7103.05,0.987755
-7096.03,1.09418
-7089.04,1.21126
-7082.04,0.891528
-7074.98,1.00861
-7068.01,1.39195
-7060.99,0.869926
-7053.97,1.23190
-7046.97,1.05077
-7039.95,1.00807
-7032.96,1.00796
-7025.92,1.23141
-7018.90,1.24193
-7011.93,1.20988
-7004.91,1.02883
-6997.92,1.00745
-6990.88,1.11375
-6983.90,0.794479
-6976.87,0.953955
-6969.87,1.07088
-6962.88,0.900585
-6955.84,1.23018
-6948.86,1.20879
-6941.84,1.36817
-6934.83,1.10223
-6927.85,0.963917
-6920.81,1.00633
-6913.82,1.15505
-6906.80,1.09118
-6899.79,0.917114
-6892.77,1.12827
-6885.77,1.33532
-6878.75,1.03244
-6871.76,0.920811
-6864.72,1.01630
-6857.74,1.05892
-6850.71,1.29245
-6843.71,1.04812
-6836.72,1.12237
-6829.72,0.846248
-6822.66,1.00540
-6815.69,1.05837
-6808.67,0.782336
-6801.69,0.962664
-6794.65,0.920124
-6787.62,0.813949
-6780.66,0.919954
-6773.63,0.792564
-6766.65,0.834920
-6759.61,0.665026
-6752.59,0.911492
-6745.60,0.990939
-6738.56,0.959032
-6731.57,1.00666
-6724.57,0.895258
-6717.55,0.950826
-6710.56,0.879195
-6703.52,0.696284
-6696.54,1.00253
-6689.52,0.992688
-6682.51,0.866827
-6675.53,0.839048
-6668.49,0.537083
-6661.46,0.616475
-6654.48,0.711729
-6647.47,0.723464
-6640.45,0.780280
-6633.45,0.684906
-6626.46,0.684849
-6619.44,0.621268
-6612.44,0.801165
-6605.41,0.779917
-6598.39,0.853914
-6591.39,0.822133
-6584.40,0.917313
-6577.38,0.747962
-6570.38,0.853720
-6563.37,0.747867
-6556.33,0.927608
-6549.36,0.758294
-6542.36,0.832254
-6535.30,0.916771
-6528.33,0.789817
-6521.31,0.821459
-6514.33,0.694505
-6507.29,0.726158
-6500.27,0.895226
-6493.30,0.726052
-6486.28,0.736544
-6479.29,0.863276
-6472.23,0.609636
-6465.23,0.810332
-6458.26,0.831378
-6451.22,0.841873
-6444.22,0.746743
-6437.21,0.883962
-6430.19,0.693780
-6423.20,0.651486
-6416.18,0.757017
-6409.18,0.588031
-6402.16,0.609106
-6395.15,0.535138
-6388.17,0.682861
-6381.15,0.587823
-6374.11,0.640536
-6367.12,0.608815
-6360.12,0.640418
-6353.09,0.566526
-6346.11,0.693023
-6339.07,0.650758
-6332.08,0.661256
-6325.08,0.460822
-6318.06,0.703300
-6311.07,0.397446
-6304.03,0.460687
-6297.04,0.450107
-6290.02,0.386803
-6283.02,0.565965
-6276.03,0.471062
-6268.97,0.544795
-6262.01,0.618538
-6255.00,0.734392
-6247.98,0.639522
-6240.96,0.744809
-6233.95,0.744742
-6226.97,0.781226
-6219.95,0.955512
-6212.91,0.829045
-6205.94,0.976394
-6198.90,0.965783
-6191.93,0.997293
-6184.87,1.02392
-6177.87,1.15015
-6170.90,0.865858
-6163.86,1.00787
-6156.86,1.11829
-6149.87,1.13398
-6142.83,0.818188
-6135.85,1.24421
-6128.82,0.944289
-6121.82,1.30711
-6114.80,1.11767
-6107.79,0.975583
-6100.81,0.943937
-6093.79,0.959620
-6086.78,0.864900
-6079.76,0.896351
-6072.76,0.959345
-6065.73,0.943504
-6058.75,0.943424
-6051.71,1.19138
-6044.72,1.13209
-6037.72,1.05843
-6030.70,1.01630
-6023.71,0.942681
-6016.67,0.973813
-6009.69,1.39918
-6002.66,1.02092
-5995.66,0.863277
-5988.67,1.00499
-5981.62,1.00492
-5974.61,0.863090
-5967.63,0.847737
-5960.62,1.00516
-5953.60,0.879145
-5946.60,0.627116
-5939.61,0.620399
-5932.59,0.878448
-5925.58,0.484815
-5918.60,0.705130
-5911.54,0.862444
-5904.57,0.721010
-5897.52,0.836357
-5890.55,0.699889
-5883.52,0.878152
-5876.50,0.920047
-5869.53,0.878009
-5862.51,1.08769
-5855.47,0.919847
-5848.49,0.793945
-5841.47,1.02455
-5834.46,0.804308
-5827.44,0.856683
-5820.44,0.888083
-5813.45,0.678379
-5806.43,0.751697
-5799.42,0.699252
-5792.40,0.709691
-5785.40,0.772489
-5778.38,0.678139
-5771.39,0.803779
-5764.39,0.646571
-5757.36,0.578309
-5750.36,0.538981
-5743.34,0.389692
-5736.35,0.413218
-5729.35,0.256109
-5722.33,0.326765
-5715.31,0.475934
-5708.30,0.656491
-5701.28,0.601466
-5694.28,0.656382
-5687.25,0.467939
-5680.27,0.664136
-5673.26,0.734713
-5666.24,0.593403
-5659.22,0.648291
-5652.25,0.711022
-5645.19,0.671727
-5638.23,0.679522
-5631.24,0.702982
-5624.18,0.648008
-5617.21,0.561650
-5610.19,0.632204
-5603.19,0.585101
-5596.17,0.710538
-5589.14,0.710481
-5582.18,0.686905
-5575.15,0.639814
-5568.15,0.616230
-5561.09,0.616172
-5554.11,0.663136
-5547.10,0.584703
-5540.08,0.474937
-5533.08,0.702161
-5526.09,0.576743
-5519.07,0.890114
-5512.07,0.780585
-5505.04,0.707432
-5498.04,0.749168
-5491.02,0.707322
-5484.03,0.696837
-5477.03,0.926519
-5470.01,0.968218
-5463.00,1.00992
-5455.98,1.04117
-5448.99,0.978466
-5441.99,1.00972
-5434.97,0.842648
-5427.95,0.894760
-5420.94,0.779886
-5413.96,0.758955
-5406.92,0.925863
-5399.90,1.10318
-5392.91,0.889205
-5385.90,0.936015
-5378.88,1.15503
-5371.88,1.06108
-5364.86,1.23309
-5357.84,1.20171
-5350.87,1.15470
-5343.85,1.01384
-5336.82,1.04504
-5329.82,0.951132
-5322.83,1.10745
-5315.83,0.982275
-5308.81,0.997846
-5301.79,0.950877
-5294.82,0.857007
-5287.76,0.982017
-5280.79,1.07574
-5273.73,0.924670
-5266.75,0.997538
-5259.74,0.955792
-5252.72,1.10157
-5245.72,1.25776
-5238.73,1.18475
-5231.71,1.03884
-5224.71,1.42413
-5217.69,1.18451
-5210.68,1.08029
-5203.66,1.13226
-5196.67,1.12177
-5189.67,1.20498
-5182.65,1.25695
-5175.63,1.19440
-5168.62,1.04859
-5161.64,1.14219
-5154.60,1.09006
-5147.61,0.902668
-5140.59,1.06911
-5133.58,1.17309
-5126.60,1.13139
-5119.56,1.18334
-5112.54,1.11043
-5105.55,0.943893
-5098.55,1.12065
-5091.52,0.839737
-5084.52,1.21409
-5077.53,1.06841
-5070.48,1.23471
-5063.51,0.985062
-5056.49,0.901809
-5049.48,1.08084
-5042.46,0.940440
-5035.48,0.916985
-5028.47,0.854556
-5021.41,0.893476
-5014.43,0.792072
-5007.46,0.690691
-5000.40,0.690640
-4993.43,0.558100
-4986.38,0.386617
-4979.39,0.308663
-4972.39,0.363181
-4965.36,0.464445
-4958.36,0.518971
-4951.37,0.581256
-4944.35,0.651325
-4937.35,0.822651
-4930.33,0.705781
-4923.32,0.880644
-4916.30,0.910843
-4909.31,0.838089
-4902.31,0.869182
-4895.29,1.06638
-4888.29,1.03517
-4881.26,1.12855
-4874.28,0.983160
-4867.26,0.931183
-4860.25,1.14906
-4853.23,0.713121
-4846.23,1.13853
-4839.24,1.13847
-4832.22,0.920508
-4825.21,0.899677
-4818.19,1.17972
-4811.19,0.878812
-4804.17,0.985018
-4797.18,0.844933
-4790.14,1.01601
-4783.12,1.06263
-4776.15,1.03921
-4769.13,1.17913
-4762.14,1.01576
-4755.10,0.922387
-4748.08,1.00009
-4741.11,0.914500
-4734.06,1.01552
-4727.09,1.18650
-4720.10,0.984296
-4713.04,1.06974
-4706.08,1.10076
-4699.05,1.01520
-4692.05,0.991838
-4685.03,1.21718
-4678.01,0.960674
-4671.02,1.12380
-4663.98,0.929498
-4656.99,1.07707
-4649.97,0.921606
-4642.97,1.19346
-4635.98,1.02249
-4628.94,1.07679
-4621.96,0.905851
-4614.95,0.781527
-4607.93,0.967854
-4600.94,1.20075
-4593.90,1.07644
-4586.92,1.09967
-4579.90,0.921023
-4572.89,1.00637
-4565.91,1.02960
-4558.87,1.07612
-4551.88,1.08381
-4544.86,1.09150
-4537.85,1.25442
-4530.87,1.09137
-4523.83,1.15339
-4516.81,1.14557
-4509.82,1.24638
-4502.78,1.19198
-4495.80,0.889310
-4488.77,1.05994
-4481.77,1.04436
-4474.78,1.09859
-4467.74,1.23815
-4460.72,1.14500
-4453.75,0.997580
-4446.70,0.974254
-4439.75,1.26890
-4432.71,1.02068
-4425.68,1.15244
-4418.72,1.07483
-4411.66,1.15232
-4404.71,1.21428
-4397.67,1.09793
-4390.65,1.06683
-4383.68,1.03575
-4376.62,1.09769
-4369.67,1.12087
-4362.61,1.04329
-4355.61,1.09748
-4348.62,0.981193
-4341.58,1.02765
-4334.60,1.12059
-4327.59,0.988813
-4320.54,0.849295
-4313.59,1.02743
-4306.55,1.06611
-4299.56,0.973113
-4292.54,1.11250
-4285.53,0.810360
-4278.55,0.949726
-4271.51,0.856725
-4264.52,0.988330
-4257.50,0.988276
-4250.50,1.05791
-4243.51,0.864270
-4236.47,0.995839
-4229.45,0.895141
-4222.46,0.972518
-4215.42,0.964733
-4208.44,0.730130
-4201.42,0.864241
-4194.41,0.884839
-4187.43,0.936381
-4180.39,0.698994
-4173.40,0.977557
-4166.40,1.09100
-4159.34,0.936199
-4152.39,0.884559
-4145.35,0.843264
-4138.33,0.874164
-4131.34,1.03916
-4124.34,0.894732
-4117.35,0.966886
-4110.29,1.03903
-4103.29,0.791461
-4096.32,0.979413
-4089.26,1.05671
-4082.31,0.940654
-4075.25,0.886484
-4068.22,0.932831
-4061.26,0.986899
-4054.23,0.891211
-4047.24,0.821724
-4040.24,1.01757
-4033.21,0.842283
-4026.19,0.986543
-4019.19,0.934965
-4012.20,1.01737
-4005.18,0.883356
-3998.18,0.924538
-3991.19,1.04814
-3984.15,0.975948
-3977.13,0.914063
-3970.14,1.06855
-3963.14,0.934580
-3956.15,0.831503
-3949.11,0.882965
-3942.09,0.913811
-3935.10,0.841646
-3928.10,1.01669
-3921.08,0.965132
-3914.06,1.03718
-3907.05,0.913546
-3900.07,0.851707
-3893.03,1.01637
-3886.04,0.923633
-3879.02,0.944201
-3871.98,1.00593
-3865.03,0.995596
-3857.99,1.06761
-3851.00,0.902873
-3843.98,0.974893
-3836.94,0.964567
-3829.99,0.913039
-3822.93,1.04677
-3815.93,0.933508
-3808.96,0.923184
-3801.90,1.02603
-3794.95,0.943660
-3787.90,1.05678
-3780.89,0.645159
-3773.91,0.994926
-3766.87,1.10802
-3759.88,1.04623
-3752.86,0.788992
-3745.84,0.984423
-3738.83,1.08726
-3731.83,0.881487
-3724.88,0.891732
-3717.82,1.09739
-3710.78,0.860787
-3703.83,0.871044
-3696.79,0.860738
-3689.81,0.696181
-3682.78,0.665299
-3675.78,0.583005
-3668.76,0.480176
-3661.75,0.408163
-3654.73,0.387571
-3647.75,0.274470
-3640.74,0.233347
-3633.72,0.233340
-3626.70,0.294986
-3619.69,0.397754
-3612.71,0.315511
-3605.67,0.562181
-3598.68,0.551890
-3591.66,0.747121
-3584.64,0.808737
-3577.67,0.675106
-3570.63,0.911406
-3563.64,0.757241
-3556.62,0.777735
-3549.60,0.942083
-3542.63,0.695476
-3535.58,0.705714
-3528.61,0.705687
-3521.59,0.767284
-3514.56,0.931599
-3507.60,0.900741
-3500.54,0.643915
-3493.57,0.695246
-3486.55,0.633589
-3479.53,0.664361
-3472.52,0.417883
-3465.50,0.294669
-3458.50,0.222781
-3451.47,0.130375
-3444.47,0.0482304
-3437.48,0.0790502
-3430.46,0.0585055
-3423.44,0.0757618
-3416.47,0.0425300
-3409.43,0.0579527
-3402.45,0.0579545
-3395.43,0.0887465
-3388.42,0.102134
-3381.40,0.130265
-3374.40,0.161054
-3367.37,0.161057
-3360.39,0.222633
-3353.37,0.253405
-3346.36,0.335490
-3339.36,0.407302
-3332.37,0.314936
-3325.35,0.202053
-3318.33,0.171271
-3311.32,0.191790
-3304.30,0.222558
-3297.30,0.191785
-3290.31,0.294369
-3283.29,0.366166
-3276.29,0.284082
-3269.26,0.519972
-3262.24,0.602012
-3255.27,0.745578
-3248.22,0.653248
-3241.25,0.745517
-3234.23,0.714718
-3227.21,0.930034
-3220.24,1.12484
-3213.18,0.919713
-3206.21,0.858160
-3199.19,1.00166
-3192.17,0.827314
-3185.16,1.07333
-3178.14,0.857987
-3171.17,0.929725
-3164.12,0.878457
-3157.09,0.816933
-3150.13,0.765631
-3143.10,0.806599
-3136.10,0.806572
-3129.11,0.888548
-3122.09,0.898760
-3115.05,0.949973
-3108.07,0.796206
-3101.06,0.765437
-3094.04,0.816648
-3087.05,0.724406
-3080.05,0.878098
-3073.03,0.867842
-3066.01,0.826817
-3059.00,0.878015
-3052.02,0.939469
-3045.01,0.877992
-3037.99,0.908694
-3030.93,1.00087
-3023.97,1.03158
-3016.94,0.857415
-3009.94,0.990564
-3002.92,0.765172
-2995.93,1.07245
-2988.93,0.857339
-2981.91,0.980227
-2974.90,0.754869
-2967.92,1.02112
-2960.86,1.02109
-2953.89,1.05033
-2946.87,0.949368
-2939.85,0.826462
-2932.88,0.780351
-2925.82,0.949265
-2918.85,1.11819
-2911.83,0.780262
-2904.81,1.01061
-2897.80,1.10274
-2890.78,0.872370
-2883.81,0.887700
-2876.76,0.872318
-2869.74,0.780135
-2862.77,0.964383
-2855.75,1.04114
-2848.74,0.826123
-2841.72,0.856808
-2834.70,0.964257
-2827.69,0.764626
-2820.71,0.764592
-2813.70,1.14836
-2806.68,0.887356
-2799.66,1.14828
-2792.69,0.825897
-2785.67,0.917976
-2778.65,0.703059
-2771.64,0.948619
-2764.66,0.610933
-2757.62,0.852222
-2750.63,0.979515
-2743.58,0.764636
-2736.61,0.805546
-2729.59,0.529303
-2722.58,0.641814
-2715.56,0.529259
-2708.57,0.375796
-2701.53,0.386037
-2694.55,0.396250
-2687.54,0.324620
-2680.56,0.437136
-2673.50,0.416680
-2666.53,0.385980
-2659.51,0.437091
-2652.51,0.488211
-2645.48,0.457522
-2638.46,0.467736
-2631.49,0.600667
-2624.44,0.641548
-2617.45,0.835822
-2610.45,0.713088
-2603.42,0.651700
-2596.46,0.784618
-2589.40,0.580095
-2582.38,0.651650
-2575.41,0.447148
-2568.39,0.457360
-2561.38,0.498241
-2554.36,0.559579
-2547.38,0.436881
-2540.34,0.549312
-2533.35,0.508414
-2526.35,0.477731
-2519.32,0.447050
-2512.30,0.467481
-2505.33,0.344821
-2498.31,0.457247
-2491.31,0.293702
-2484.29,0.314135
-2477.30,0.201702
-2470.26,0.211927
-2463.27,0.181258
-2456.25,0.0892805
-2449.25,0.109723
-2442.23,0.181253
-2435.22,0.109714
-2428.20,0.140365
-2421.21,0.0790507
-2414.21,0.191459
-2407.19,0.130140
-2400.19,0.109721
-2393.16,0.0790527
-2386.14,0.0381931
-2379.17,0.00756589
-2372.15,0.0280087
-2365.15,0.0586577
-2358.13,0.00757659
-2351.10,0.0382177
-2344.14,0.0177802
-2337.08,0.0484537
-2330.11,0.0280356
-2323.09,0.0484541
-2316.07,0.0382392
-2309.10,0.0791003
-2302.04,0.0280295
-2295.05,0.0586689
-2288.05,0.0708989
-2281.03,0.0816001
-2274.02,0.135235
-2267.00,0.196520
-2259.98,0.533552
-2252.98,0.372674
-2245.99,0.456982
-2238.99,0.600150
-2231.97,0.732905
-2224.94,0.630765
-2217.94,0.712449
-2210.95,0.886035
-2203.93,0.865592
-2196.93,0.845147
-2189.94,0.998303
-2182.90,1.05954
-2175.92,0.845111
-2168.89,0.967612
-2161.89,0.998218
-2154.87,0.865468
-2147.86,0.875669
-2140.84,1.05943
-2133.87,0.977736
-2126.85,0.957312
-2119.79,1.09002
-2112.83,1.01853
-2105.80,0.936839
-2098.82,0.939300
-2091.81,1.03869
-2084.79,1.03869
-2077.79,1.17650
-2070.77,0.931501
-2063.75,1.23772
-2056.78,1.11524
-2049.72,1.02335
-2042.75,0.962087
-2035.73,1.20704
-2028.71,1.09986
-2021.74,1.14577
-2014.68,1.13044
-2007.71,1.13042
-2000.69,0.962000
-1993.67,0.977292
-1986.67,0.992590
-1979.64,0.870113
-1972.66,1.00794
-1965.64,0.905956
-1958.60,1.05901
-1951.63,0.977371
-1944.61,1.00798
-1937.62,0.997755
-1930.58,0.997750
-1923.59,1.06917
-1916.57,1.10997
-1909.57,1.01811
-1902.55,0.987484
-1895.54,1.14054
-1888.56,1.06908
-1881.54,1.02825
-1874.53,1.22209
-1867.51,1.12006
-1860.51,1.07924
-1853.52,1.05881
-1846.50,0.905756
-1839.49,0.987359
-1832.44,1.03837
-1825.47,0.966933
-1818.45,1.03834
-1811.46,1.04852
-1804.44,1.06891
-1797.43,1.00769
-1790.41,0.905652
-1783.41,1.01785
-1776.42,1.17086
-1769.42,0.956636
-1762.36,0.987242
-1755.39,1.04843
-1748.37,0.875011
-1741.35,1.08921
-1734.38,1.11980
-1727.32,0.905577
-1720.36,0.966774
-1713.33,0.925960
-1706.31,1.00754
-1699.33,1.14013
-1692.29,1.20132
-1685.30,1.06870
-1678.28,0.874888
-1671.24,0.946271
-1664.27,0.997249
-1657.25,0.966640
-1650.26,0.803459
-1643.24,0.895259
-1636.24,0.895269
-1629.21,0.976867
-1622.21,0.925867
-1615.22,0.915676
-1608.20,1.01766
-1601.16,0.987065
-1594.19,0.936063
-1587.17,1.17062
-1580.15,0.933932
-1573.16,0.831298
-1566.16,0.831286
-1559.14,0.938353
-1552.14,1.06072
-1545.08,0.976580
-1538.09,0.777713
-1531.09,1.01479
-1524.10,1.03773
-1517.08,1.07596
-1510.08,0.907706
-1503.09,0.892401
-1496.05,1.06064
-1489.06,1.03769
-1482.06,1.00709
-1475.00,0.900018
-1468.05,0.878530
-1461.01,0.996748
-1454.03,1.06813
-1447.00,1.01714
-1439.96,0.915174
-1433.01,1.07832
-1425.97,0.976346
-1418.95,0.986531
-1411.97,0.925348
-1404.93,1.12928
-1397.96,0.721416
-1390.92,0.802956
-1383.88,0.782542
-1376.93,1.06805
-1369.89,0.731588
-1362.90,1.02725
-1355.88,0.966074
-1348.84,0.935480
-1341.86,0.869241
-1334.85,0.769895
-1327.87,1.14459
-1320.84,1.01460
-1313.80,0.968715
-1306.82,0.861659
-1299.81,0.945764
-1292.79,0.907520
-1285.81,0.915157
-1278.80,0.991622
-1271.78,0.876911
-1264.78,0.961012
-1257.75,1.00687
-1250.77,0.899818
-1243.73,0.976271
-1236.74,0.846278
-1229.72,0.953311
-1222.68,0.777445
-1215.73,0.746863
-1208.67,0.884490
-1201.71,0.915069
-1194.70,0.746851
-1187.64,1.03741
-1180.69,1.06034
-1173.65,1.06034
-1166.67,0.869180
-1159.65,0.922707
-1152.61,0.922705
-1145.66,0.922712
-1138.60,0.838596
-1131.63,1.07562
-1124.57,0.846247
-1117.57,0.937994
-1110.62,0.976210
-1103.56,0.869165
-1096.56,0.846251
-1089.57,0.823315
-1082.53,1.01447
-1075.54,1.01446
-1068.52,0.785082
-1061.48,0.922707
-1054.50,0.899765
-1047.49,0.800363
-1040.51,0.876808
-1033.49,0.785052
-1026.45,0.915046
-1019.46,0.922687
-1012.46,0.762125
-1005.43,0.815642
-998.448,1.07113
-991.408,0.905032
-984.422,0.752125
-977.418,0.813291
-970.396,0.741931
-963.410,0.772518
-956.371,0.843859
-949.385,0.874434
-942.363,0.741908
-935.359,0.823467
-928.373,0.905038
-921.315,0.864269
-914.347,0.884654
-907.325,0.803102
-900.321,0.976414
-893.299,0.884658
-886.295,0.792897
-879.309,0.986608
-872.287,0.750002
-865.248,0.838578
-858.297,0.907395
-851.240,0.846224
-844.272,1.10621
-837.214,0.876822
-830.210,0.670370
-823.260,0.777445
-816.202,0.915091
-809.234,0.915103
-802.212,0.869232
-795.173,0.685722
-788.186,0.846308
-781.165,0.922793
-774.161,0.976320
-767.139,0.961035
-760.135,0.930452
-753.149,0.915166
-746.127,1.09105
-739.123,0.861645
-732.101,0.922825
-725.097,0.930478
-718.076,1.01459
-711.089,0.984000
-704.050,1.06049
-697.064,0.899894
-690.060,1.14462
-683.074,0.984031
-676.052,1.08344
-669.012,0.953425
-662.026,1.12169
-655.004,1.17524
-648.000,1.04522
-641.014,1.08345
-633.957,1.18287
-626.953,1.02993
-619.967,1.17525
-612.963,0.961122
-605.941,1.09116
-598.937,1.06824
-591.951,1.03765
-584.893,1.12944
-577.925,1.08356
-570.939,0.991789
-563.881,1.09121
-556.913,0.999443
-549.891,1.03005
-542.852,1.07594
-535.866,0.991816
-528.844,0.961229
-521.875,1.07596
-514.854,0.953550
-507.814,1.03004
-500.828,0.953543
-493.806,1.05299
-486.802,0.961195
-479.780,1.06829
-472.759,0.991796
-465.790,1.00711
-458.768,0.922984
-451.765,1.05304
-444.743,1.00715
-437.739,1.12192
-430.717,1.20610
-423.731,0.976622
-416.727,1.09904
-409.705,1.02255
-402.701,1.16027
-395.679,1.15263
-388.693,1.35155
-381.654,1.48927
-374.667,1.20622
-367.664,1.19094
-360.642,1.51227
-353.656,1.54288
-346.598,1.51995
-339.594,1.39755
-332.608,1.28279
-325.604,1.35165
-318.582,1.33636
-311.561,1.29046
-304.557,1.38994
-297.535,1.42822
-290.566,1.24955
-283.580,1.10971
-276.523,0.915875
-269.519,1.23218
-262.533,1.08935
-255.529,1.17100
-248.507,1.00776
-241.485,0.885319
-234.517,0.864930
-227.459,0.824117
-220.473,0.834324
-213.434,0.803724
-206.448,0.640478
-199.444,0.650692
-192.422,0.640504
-185.400,0.538464
-178.432,0.375204
-171.410,0.232337
-164.406,0.291397
-157.384,0.257532
-150.398,0.242237
-143.358,0.265190
-136.372,0.135058
-129.368,0.150394
-122.347,0.150403
-115.325,0.150414
-108.321,0.112146
-101.335,0.0583178
-94.3129,0.0889360
-87.3089,0.0889313
-80.2872,0.0991339
-73.2832,0.180769
-66.2971,0.119531
-59.2753,0.129739
-52.2357,0.160358
-45.2495,0.242025
-38.2456,0.231861
-31.2238,0.221680
-24.2020,0.354390
-17.2337,0.323740
-10.1762,0.670849
-3.20792,1.02466
3.81386,1.08463
10.8356,1.61300
17.8218,1.91933
24.8436,2.51666
31.8297,2.83835
38.8515,3.54292
45.8733,4.38536
52.8594,4.93684
59.8812,5.65682
66.8674,5.56502
73.9248,6.69096
80.9109,6.76765
87.8971,6.71419
94.9188,7.51852
101.941,7.31954
108.927,7.95543
115.949,7.89433
122.935,8.17791
129.956,7.90999
137.014,7.76462
144.000,8.14782
150.986,8.40846
157.972,7.65025
164.994,7.88788
172.052,8.01830
179.038,7.96485
186.024,7.37511
193.046,8.25638
200.032,7.96541
207.089,7.39859
214.075,7.32978
221.061,7.32232
228.083,6.75548
235.069,6.39550
242.127,6.38794
249.113,6.28849
256.135,5.73690
263.121,5.36920
270.143,5.54560
277.164,4.97863
284.151,5.14736
291.172,5.00953
298.159,4.88703
305.180,4.61889
312.202,4.27409
319.188,4.17453
326.246,3.96006
333.232,3.79918
340.182,3.98325
347.240,3.43144
354.226,3.46218
361.248,3.31658
368.269,3.08669
375.256,3.37808
382.277,2.88751
389.299,2.94126
396.285,2.84168
403.307,2.41238
410.329,2.83415
417.315,2.81891
424.337,2.64262
431.359,2.43566
438.345,2.63509
445.331,2.48947
452.353,2.23648
459.374,2.38224
466.396,2.31328
473.382,2.11393
480.404,2.36709
487.390,2.06037
494.448,1.67693
501.434,1.86108
508.420,1.65402
515.442,1.50066
522.428,1.49506
529.485,1.62329
536.471,1.64378
543.493,1.80749
550.479,1.44954
557.501,1.44961
564.523,1.62356
571.545,1.62360
578.531,1.68507
585.517,1.64421
592.539,1.60334
599.561,1.52153
606.547,1.47040
613.604,1.44997
620.555,1.41932
627.541,1.53762
634.598,1.30957
641.584,1.52447
648.642,1.41706
655.628,1.60130
662.614,1.50925
669.636,1.40954
676.622,1.36355
683.679,1.37896
690.666,1.37898
697.687,1.30995
704.674,1.37907
711.695,1.31005
718.717,1.19494
725.739,1.40226
732.689,1.39463
739.747,1.35628
746.733,1.18740
753.755,1.13369
760.741,1.22587
767.763,1.10305
774.749,1.39491
781.771,1.20297
788.792,1.26444
795.779,1.08016
802.800,1.14933
809.786,0.888238
816.844,1.24928
823.830,1.18786
830.852,1.09572
837.838,1.13416
844.860,1.31856
851.882,1.14960
858.903,1.13428
865.889,1.15737
872.876,0.926918
879.897,1.06525
886.919,1.18823
893.905,1.09606
900.963,1.11149
907.913,1.03469
914.935,1.15000
921.957,1.16543
928.979,1.12704
935.965,1.05790
942.951,1.01182
949.973,1.00418
956.994,1.08107
963.981,1.03501
971.038,1.11961
978.024,1.03511
985.046,1.08897
992.032,0.928346
999.054,1.13540
1006.08,1.03293
1013.10,1.19698
1020.05,0.971468
1027.07,1.01251
1034.09,1.09459
1041.11,1.11514
1048.10,1.14595
1055.12,0.889654
1062.11,0.920452
1069.13,1.18710
1076.15,0.920506
1083.17,1.38206
1090.16,0.971871
1097.15,0.987597
1104.17,0.989669
1111.19,1.02817
1118.21,0.905120
1125.20,1.12057
1132.18,0.989832
1139.24,1.00525
1146.26,1.06687
1153.25,0.851456
1160.23,1.04386
1167.26,1.09777
1174.28,1.02086
1181.30,0.866986
1188.32,0.967062
1195.27,0.959403
1202.29,0.982543
1209.32,0.805544
1216.34,1.32901
1223.36,1.10583
1230.31,0.990408
1237.37,1.03664
1244.35,1.05978
1251.34,0.759576
1258.40,0.959808
1265.35,0.967569
1272.40,1.20632
1279.39,1.07547
1286.41,1.08323
1293.43,1.08329
1300.42,1.31440
1307.41,0.875449
1314.46,0.890907
1321.45,1.05270
1328.47,1.02193
1335.46,1.08359
1342.48,1.04513
1349.47,0.968137
1356.49,0.945069
1363.51,0.968231
1370.53,1.13779
1377.52,0.976041
1384.50,1.01461
1391.53,0.960715
1398.55,1.20736
1405.57,1.06871
1412.55,1.09188
1419.54,1.00714
1426.56,0.999476
1433.62,1.17681
1440.61,1.05352
1447.59,1.00731
1454.61,1.05361
1461.60,1.16160
1468.66,1.10767
1475.68,1.13085
1482.63,1.10777
1489.65,1.03074
1496.67,1.15415
1503.70,0.922846
1510.72,1.00773
1517.67,1.01551
1524.73,1.03099
1531.71,0.892225
1538.73,0.984820
1545.76,0.853738
1552.71,0.969468
1559.76,1.03894
1566.75,0.930989
1573.77,1.02362
1580.79,1.08541
1587.78,0.985160
1594.80,1.03150
1601.79,1.09328
1608.81,0.846376
1615.83,1.13967
1622.82,1.00079
1629.84,1.14749
1636.86,1.04720
1643.85,1.17848
1650.87,1.03960
1657.85,0.823498
1664.88,1.08602
1671.86,1.00115
1678.88,1.06297
1685.91,1.03214
1692.93,1.08624
1699.91,1.05542
1706.90,1.09952
1713.92,1.19226
1720.94,1.05845
1727.96,0.945231
1734.95,1.04826
1741.97,0.924730
1748.96,1.09989
1756.02,1.04843
1763.04,0.935173
1769.99,1.06913
1777.01,1.21340
1784.00,0.791057
1791.05,0.925039
1798.08,1.14146
1805.03,1.04298
1812.08,1.02540
1819.03,1.05637
1826.09,1.05645
1833.11,1.19564
1840.06,1.07201
1847.12,1.04887
1854.11,1.20330
1861.13,1.12089
1868.15,1.14154
1875.14,1.06943
1882.16,1.04887
1889.15,1.12108
1896.17,0.966474
1903.22,1.20368
1910.17,0.873776
1917.20,0.987259
1924.22,0.915112
1931.20,1.09049
1938.23,0.966779
1945.21,1.24532
1952.23,0.977203
1959.22,0.897944
1966.24,0.902802
1973.26,0.949273
1980.25,1.06540
1987.27,1.02675
1994.29,1.04230
2001.28,1.02689
2008.30,0.965032
2015.32,1.05023
2022.31,1.08124
2029.33,1.18968
2036.32,1.14330
2043.38,1.04270
2050.40,1.06598
2057.38,1.00409
2064.37,1.13579
2071.36,1.15909
2078.41,0.965535
2085.43,0.988823
2092.39,1.02760
2099.44,1.01217
2106.39,1.15166
2113.45,1.14401
2120.47,1.14406
2127.42,1.26032
2134.48,1.08219
2141.43,0.997025
2148.49,1.22181
2155.51,1.08238
2162.46,1.15219
2169.52,1.13676
2176.50,1.09807
2183.53,1.04388
2190.58,1.05944
2197.53,0.958722
2204.56,0.935498
2211.58,0.951061
2218.56,1.11393
2225.62,1.12951
2232.61,0.982251
2239.59,1.11415
2246.58,1.14524
2253.60,1.09101
2260.62,0.928193
2267.61,1.12216
2274.63,1.00587
2281.65,1.00592
2288.64,0.905128
2295.66,0.889665
2302.65,1.06040
2309.67,1.05270
2316.73,0.874281
2323.68,0.913127
2330.73,1.14599
2337.72,0.975329
2344.74,0.990907
2351.73,0.921111
2358.75,0.851313
2365.77,1.02215
2372.79,1.00668
2379.74,1.08437
2386.80,1.03786
2393.75,0.968045
2400.81,1.05352
2407.83,1.08465
2414.82,1.19345
2421.84,0.944992
2428.79,0.921737
2435.85,1.07714
2442.87,1.02283
2449.85,0.960759
2456.88,0.906428
2463.83,1.08518
2470.88,0.929843
2477.91,1.05700
2484.89,0.805441
2491.91,0.929830
2498.90,0.846976
2505.92,0.971393
2512.94,0.909272
2519.97,1.00260
2526.95,1.00264
2533.97,0.961261
2540.96,1.17904
2548.02,0.888818
2554.97,0.961464
2561.99,0.992638
2569.01,1.03418
2576.00,1.02386
2583.02,0.930579
2590.04,1.03337
2597.03,0.915248
2604.08,1.02422
2611.03,0.814224
2618.06,0.853183
2625.08,0.790989
2632.10,0.946659
2639.09,0.946719
2646.07,1.07130
2653.13,1.06359
2660.12,0.830156
2667.14,1.13380
2674.16,0.939261
2681.11,1.05610
2688.17,1.00946
2695.19,0.993951
2702.18,0.853835
2709.20,0.978477
2716.15,0.962947
2723.21,0.924061
2730.23,0.970846
2737.21,1.07215
2744.23,0.994300
2751.19,1.00995
2758.24,0.900954
2765.26,0.939945
2772.25,1.10040
2779.27,0.828178
2786.26,0.911367
2793.28,1.04652
2800.30,1.14011
2807.32,1.17137
2814.31,0.880467
2821.30,0.838954
2828.32,0.963757
2835.34,0.984613
2842.33,0.932701
2849.35,0.848634
2856.37,1.04220
2863.36,1.33079
2870.38,1.07352
2877.40,1.03459
2884.39,0.980068
2891.41,0.980124
2898.39,0.894378
2905.42,0.855436
2912.44,0.956915
2919.46,0.964787
2926.44,0.902435
2933.43,0.801048
2940.45,0.988397
2947.47,0.993455
2954.50,0.840281
2961.52,0.871541
2968.47,1.12141
2975.49,0.944537
2982.51,0.944604
2989.53,1.05917
2996.56,0.861418
3003.51,0.861469
3010.56,1.03853
3017.55,0.892812
3024.57,1.09072
3031.59,0.820004
3038.54,0.840885
3045.60,0.997198
3052.62,0.924342
3059.61,1.07544
3066.63,0.973937
3073.62,0.895871
3080.64,1.01316
3087.66,0.856911
3094.68,1.06801
3101.70,0.943028
3108.65,1.12288
3115.68,1.06823
3122.70,0.982301
3129.72,0.958917
3136.71,0.990255
3143.73,0.935605
3150.71,0.974775
3157.74,0.857535
3164.76,1.11571
3171.74,0.998459
3178.77,1.04546
3185.75,0.928185
3192.77,0.928249
3199.80,0.904832
3206.78,0.912727
3213.80,0.944115
3220.79,0.772004
3227.85,0.991211
3234.83,0.983437
3241.85,0.826951
3248.88,0.795707
3255.83,0.921018
3262.85,0.897597
3269.91,0.999454
3276.89,0.858566
3283.91,1.03873
3290.86,0.882170
3297.92,0.866569
3304.91,0.952783
3311.93,1.01551
3318.95,1.02342
3325.90,1.00000
3332.96,1.00007
3339.95,0.851265
3346.97,0.898353
3353.99,1.15704
3360.98,0.827965
3368.00,0.929925
3375.02,0.796738
3382.04,0.765451
3389.06,0.883102
3396.01,0.679336
3403.03,1.00076
3410.06,0.781249
3417.08,1.03227
3424.06,0.917316
3431.09,0.969683
3438.07,0.760590
3445.09,0.959365
3452.12,0.959430
3459.14,0.823515
3466.09,0.792225
3473.11,1.03290
3480.13,1.11775
3487.15,0.938940
3494.14,0.868382
3501.16,0.891986
3508.15,0.821428
3515.21,0.766555
3522.19,1.01001
3529.21,0.868773
3536.20,0.963052
3543.22,0.837490
3550.21,0.806139
3557.23,0.916154
3564.25,0.790566
3571.27,0.877008
3578.22,0.900642
3585.28,0.814290
3592.27,0.782929
3599.29,0.924416
3606.31,0.838065
3613.26,0.885293
3620.32,0.767482
3627.30,0.964047
3634.33,0.799070
3641.35,1.05853
3648.33,0.948527
3655.36,0.893553
3662.34,0.867625
3669.40,0.867689
3676.42,0.637075
3683.37,0.857310
3690.39,0.846919
3697.42,1.15113
3704.44,0.941465
3711.46,0.710768
3718.44,0.868160
3725.43,0.784306
3732.45,0.868301
3739.47,0.973282
3746.50,0.994354
3753.45,0.826560
3760.47,0.826631
3767.53,0.875931
3774.51,1.04433
3781.50,0.894830
3788.52,0.926382
3795.51,0.792601
3802.56,0.989532
3809.55,0.902997
3816.57,0.879438
3823.56,0.900216
3830.58,0.721744
3837.57,1.00538
3844.59,0.931943
3851.65,0.963520
3858.60,0.753476
3865.58,0.764055
3872.64,0.706454
3879.63,0.801071
3886.65,1.13215
3893.67,0.943049
3900.66,0.801222
3907.68,0.911651
3914.66,0.659438
3921.72,0.990672
3928.71,0.691089
3935.69,0.813654
3942.71,0.817734
3949.70,0.972321
3956.76,0.991222
3963.78,0.920313
3970.73,0.936157
3977.75,0.786319
3984.77,0.944179
3991.80,0.881137
3998.82,0.857546
4005.80,0.786596
4012.79,0.889261
4019.81,0.778823
4026.83,0.992046
4033.85,0.802665
4040.84,0.850100
4047.83,0.786995
4054.85,0.850229
4061.87,0.858200
4068.86,0.779273
4075.88,0.889903
4082.86,0.716184
4089.89,0.890031
4096.91,0.850606
4103.93,0.787456
4110.92,0.985054
4117.94,0.700640
4124.96,0.953606
4131.95,0.874660
4139.00,0.874718
4145.95,0.756229
4152.98,0.843245
4160.00,0.780064
4167.02,0.930352
4174.01,0.811824
4180.99,0.938409
4188.01,0.693329
4195.04,0.891101
4202.02,0.835801
4209.08,0.804212
4216.03,0.788455
4223.09,0.938841
4230.07,0.772767
4237.06,0.867790
4244.12,0.709597
4251.10,0.804636
4258.09,0.749302
4265.11,0.844357
4272.13,0.781096
4279.15,0.804922
4286.18,0.907924
4293.16,0.915902
4300.15,0.860557
4307.17,0.773521
4314.19,0.781504
4321.21,0.947909
4328.20,0.852939
4335.19,0.829244
4342.21,0.853072
4349.23,0.694687
4356.25,0.781909
4363.24,0.813687
4370.22,0.789977
4377.25,0.924779
4384.27,0.774248
4391.29,0.695045
4398.27,0.798175
4405.30,0.837906
4412.28,0.719046
4419.30,0.719099
4426.36,0.711223
4433.31,0.838166
4440.33,0.830296
4447.36,0.750282
4454.34,0.854026
4461.36,0.843527
4468.35,1.01285
4475.37,0.674396
4482.39,0.769675
4489.38,0.706250
4496.44,0.928513
4503.39,0.600522
4510.41,0.716990
4517.43,0.759405
4524.42,0.664181
4531.48,0.780662
4538.43,0.674847
4545.45,0.632561
4552.47,0.791438
4559.46,0.823264
4566.51,0.803262
4573.50,0.775942
4580.52,0.731698
4587.54,0.802836
4594.53,0.707547
4601.55,0.877150
4608.57,0.792495
4615.56,0.930313
4622.54,0.845612
4629.57,0.962271
4636.59,0.686783
4643.61,0.771667
4650.60,0.867125
4657.58,0.789666
4664.60,0.760902
4671.63,0.872319
4678.65,0.816726
4685.63,0.737259
4692.62,0.625953
4699.64,0.856701
4706.66,0.665815
4713.72,0.832948
4720.71,0.713655
4727.69,0.793301
4734.68,0.801330
4741.70,0.817306
4748.72,0.713898
4755.74,0.785593
4762.77,0.737882
4769.75,0.793674
4776.74,0.785764
4783.80,0.738032
4790.75,0.833659
4797.77,0.801875
4804.79,0.714316
4811.78,0.809956
4818.83,0.810033
4825.78,0.738401
4832.81,0.818135
4839.83,0.738511
4846.85,0.674792
4853.87,0.858132
4860.86,0.802414
4867.88,0.850313
4874.90,0.651112
4881.85,0.914263
4888.91,0.874474
4895.90,0.826707
4902.92,0.739079
4909.90,0.683318
4916.92,0.667466
4923.95,0.848416
4930.97,0.891008
4937.95,1.01872
4944.98,0.720954
4951.96,0.806134
4958.98,0.689173
4966.04,0.806290
4972.99,0.731864
4980.01,0.657426
4987.00,0.774553
4994.02,0.795904
5001.08,0.742749
5008.07,0.774745
5015.05,0.668344
5022.04,0.828094
5029.06,0.881400
5036.12,0.677073
5043.07,0.796166
5050.12,0.756305
5057.08,0.924143
5064.10,0.740463
5071.15,0.780485
5078.14,0.828494
5085.13,0.644749
5092.15,0.572873
5099.13,0.676829
5106.19,0.740832
5113.14,0.900773
5120.20,0.708984
5127.19,0.876971
5134.21,0.725124
5141.23,0.861141
5148.18,0.917196
5155.24,0.717313
5162.26,0.949349
5169.21,0.685448
5176.27,0.941510
5183.25,0.805579
5190.28,0.893655
5197.30,0.893757
5204.28,0.773774
5211.30,0.637771
5218.29,0.861953
5225.31,0.709923
5232.33,0.725976
5239.32,0.774067
5246.34,0.726090
5253.36,0.750187
5260.35,0.814324
5267.37,0.742321
5274.36,0.750391
5281.38,0.926678
5288.44,0.614321
5295.39,0.710498
5302.41,0.910864
5309.40,0.886915
5316.42,0.742735
5323.48,0.670664
5330.46,0.742868
5337.48,0.734942
5344.43,0.726985
5351.46,0.799211
5358.51,0.783251
5365.50,0.887548
5372.49,0.655056
5379.47,0.671151
5386.49,0.695285
5393.55,0.815663
5400.50,0.807697
5407.56,0.631250
5414.51,0.695472
5421.53,0.663415
5428.59,0.703584
5435.57,0.759823
5442.60,0.687657
5449.58,0.695745
5456.57,0.663701
5463.63,0.711930
5470.61,0.760162
5477.63,0.647824
5484.66,0.647895
5491.64,0.631884
5498.66,0.527531
5505.65,0.567739
5512.67,0.672197
5519.69,0.728487
5526.68,0.744608
5533.70,0.808956
5540.72,0.817057
5547.71,0.873368
5554.73,0.857336
5561.72,0.889552
5568.74,0.680630
5575.76,0.793231
5582.75,0.825467
5589.77,0.905933
5596.75,0.809516
5603.78,0.769389
5610.80,0.729251
5617.82,0.801697
5624.84,0.753508
5631.83,0.791285
5638.81,0.844976
5645.87,0.651937
5652.86,0.748552
5659.88,0.759363
5666.83,0.834535
5673.89,0.845325
5680.91,0.866858
5687.86,0.995731
5694.92,1.00656
5701.87,0.942241
5708.92,0.953042
5715.95,1.01753
5722.93,0.899500
5729.95,0.974735
5736.91,0.845966
5743.93,0.849784
5750.98,1.04461
5758.01,0.996364
5764.99,0.867548
5771.98,0.875681
5779.00,0.827396
5786.02,0.899986
5793.01,0.980677
5800.07,0.787301
5807.05,1.01307
5814.04,0.706584
5821.06,0.889390
5828.08,1.08296
5835.07,1.15833
5842.09,1.20143
5849.08,0.889690
5856.10,0.836001
5863.12,0.943621
5870.10,1.01897
5877.13,0.997559
5884.11,0.954613
5891.13,0.868605
5898.16,0.997789
5905.18,0.954836
5912.20,1.02744
5919.19,0.933664
5926.17,1.05483
5933.19,0.925745
5940.22,0.861234
5947.24,1.05508
5954.19,1.08747
5961.25,0.764518
5968.23,0.974589
5975.25,1.01507
5982.28,1.06362
5989.26,0.999081
5996.25,1.01531
6003.27,0.886096
6010.29,0.902327
6017.31,1.00748
6024.26,0.853986
6031.32,0.926789
6038.31,0.959208
6045.36,1.04016
6052.35,1.02408
6059.34,0.959488
6066.36,1.11320
6073.38,0.781740
6080.37,0.886937
6087.39,0.878911
6094.37,1.04886
6101.40,0.927603
6108.42,0.943861
6115.44,1.00866
6122.43,0.822614
6129.45,0.952153
6136.43,1.17882
6143.46,0.895634
6150.48,1.17092
6157.46,1.00912
6164.49,1.37351
6171.47,1.52744
6178.49,1.64093
6185.52,1.67345
6192.50,1.85176
6199.56,2.13540
6206.54,2.28139
6213.53,2.67041
6220.55,2.54910
6227.57,3.06783
6234.60,3.15719
6241.58,3.65983
6248.60,3.91947
6255.59,3.96034
6262.61,4.67392
6269.63,4.23658
6276.62,4.53689
6283.61,4.80481
6290.63,4.87005
6297.69,5.64079
6304.67,4.84658
6311.62,4.94431
6318.68,4.62840
6325.67,4.76666
6332.72,4.53183
6339.71,4.62144
6346.70,4.43520
6353.72,4.49236
6360.74,4.39537
6367.73,4.68789
6374.78,4.57465
6381.73,4.25034
6388.75,4.60786
6395.74,3.97505
6402.80,3.63439
6409.78,3.63467
6416.77,3.46443
6423.79,3.38352
6430.81,2.99397
6437.84,2.82359
6444.82,3.00782
6451.84,3.27883
6458.83,2.54250
6465.85,2.44521
6472.87,1.81703
6479.86,1.80633
6486.92,1.66563
6493.90,1.62241
6500.89,1.38412
6507.91,1.53596
6514.93,1.12418
6521.96,0.983347
6528.94,0.983442
6535.96,0.831723
6542.95,0.955154
6549.97,1.10316
6556.99,1.00565
6563.98,0.997602
6571.00,1.04651
6577.99,1.22557
6585.04,1.10364
6592.03,0.981674
6598.98,0.932928
6606.04,1.21784
6613.02,1.09583
6620.08,1.16103
6627.07,1.13670
6634.05,1.38103
6641.08,0.917076
6648.06,1.14515
6655.12,1.27554
6662.11,1.30007
6669.13,1.19429
6676.11,1.30026
6683.14,1.25150
6690.16,1.07241
6697.14,1.21914
6704.13,1.26812
6711.15,1.30895
6718.17,1.53722
6725.19,1.26025
6732.18,1.21959
6739.20,1.04852
6746.19,1.05675
6753.25,1.16283
6760.23,1.29338
6767.22,1.34240
6774.24,1.25281
6781.23,1.30187
6788.25,1.46509
6795.27,1.46519
6802.29,1.40819
6809.28,1.61224
6816.30,1.56341
6823.32,1.62064
6830.31,1.75133
6837.33,1.59642
6844.35,2.02090
6851.34,1.80887
6858.36,2.30690
6865.35,2.41323
6872.40,3.00936
6879.39,2.80548
6886.38,3.34458
6893.40,3.77762
6900.38,4.03925
6907.44,4.23787
6914.43,4.32060
6921.41,4.59321
6928.43,4.83323
6935.42,5.24752
6942.48,5.72727
6949.46,5.46625
6956.49,5.48847
6963.47,5.26009
6970.46,4.84638
6977.52,5.60963
6984.54,5.07602
6991.49,5.13094
6998.51,4.90242
7005.53,5.14265
7012.55,5.06363
7019.54,4.82984
7026.56,4.70756
7033.55,4.69979
7040.57,4.71654
7047.59,4.47153
7054.58,3.89923
7061.60,3.80136
7068.58,3.81804
7075.61,3.85107
7082.63,3.75317
7089.65,3.25425
7096.64,3.46733
7103.66,3.05017
7110.68,2.74754
7117.67,2.95243
7124.69,3.14097
7131.67,2.92013
7138.70,3.10868
7145.72,2.55207
7152.70,2.95360
7159.76,3.11765
7166.75,3.24078
7173.73,3.61785
7180.76,3.84753
7187.74,3.56925
7194.80,4.06116
7201.78,4.14342
7208.77,3.97164
7215.79,3.87363
7222.78,4.18542
7229.84,4.21852
7236.82,4.12049
7243.84,4.07985
7250.87,3.94079
7257.82,4.09691
7264.87,4.20383
7271.90,4.17136
7278.85,3.81901
7285.90,4.13101
7292.89,3.80321
7299.91,3.49177
7306.90,3.45103
7313.92,3.39387
7320.91,3.10695
7327.93,3.04154
7334.95,2.90224
7341.97,3.18974
7348.96,2.54155
7355.94,2.54177
7362.97,2.13972
7369.99,2.22197
7377.01,1.82803
7383.99,1.77887
7391.02,1.57373
7398.04,1.52460
7405.02,1.55758
7412.05,1.37701
7419.03,1.34426
7426.05,1.19647
7433.08,1.22943
7440.06,1.27880
7447.08,1.21315
7454.07,1.16395
7461.09,1.17228
7468.11,0.999757
7475.10,1.31217
7482.12,1.03279
7489.14,1.17262
7496.17,1.18093
7503.15,1.03300
7510.14,1.13998
7517.16,1.21408
7524.18,1.25528
7531.20,1.21425
7538.22,1.14853
7545.18,1.09927
7552.20,1.18161
7559.25,1.33801
7566.24,1.07483
7573.23,1.04200
7580.25,1.04208
7587.23,1.00922
7594.26,0.976396
7601.28,1.04231
7608.30,0.869512
7615.25,0.976587
7622.31,0.864520
7629.33,1.10611
7636.32,0.908564
7643.30,0.919617
7650.32,0.853821
7657.35,0.908809
7664.37,0.908870
7671.35,0.985826
7678.34,0.832134
7685.40,0.799237
7692.38,0.920148
7699.40,0.733442
7706.39,0.612638
7713.41,0.843439
7720.43,0.824268
7727.42,0.845977
7734.44,0.961442
7741.43,0.829608
7748.45,0.879142
7755.47,0.813266
7762.46,1.01122
7769.48,0.763923
7776.47,0.709414
7783.52,0.810537
7790.51,0.843604
7797.50,0.832662
7804.52,0.887702
7811.50,0.799781
7818.56,0.909851
7825.55,0.909918
7832.53,0.909997
7839.56,0.965082
7846.58,1.13019
7853.60,0.921183
7860.58,0.965265
7867.61,1.02038
7874.59,1.06449
7881.65,1.05975
7888.64,0.963038
7895.66,0.987882
7902.61,1.00447
7909.63,1.00453
7916.69,0.946777
7923.67,0.963376
7930.66,0.979969
7937.68,0.996560
7944.67,1.12055
7951.73,1.16195
7958.71,1.21987
7965.73,1.13732
7972.72,1.12086
7979.74,0.806901
7986.76,1.26155
7993.75,0.906209
8000.77,1.07987
8007.76,1.02209
8014.78,1.09660
8021.80,1.09669
8028.79,1.03063
8035.81,1.17956
8042.83,0.939794
8049.82,0.939837
8056.84,1.07225
8063.82,0.981343
8070.88,1.02278
8077.87,0.989771
8084.85,1.10569
8091.88,1.05612
8098.86,1.08930
8105.92,0.960174
8112.91,1.10031
8119.89,0.901766
8126.91,0.979075
8133.94,0.979144
8140.96,1.00128
8147.94,1.15586
8154.97,1.03448
8161.99,1.11183
8168.97,1.22230
8176.00,1.10092
8183.02,1.07892
8189.97,1.04587
8196.99,1.04595
8204.05,1.07914
8211.03,0.902479
8218.02,0.847321
8225.04,0.902606
8232.03,0.847441
8239.08,0.957998
8246.07,0.935952
8253.09,0.935993
8260.08,0.947102
8267.06,1.00242
8274.12,1.05776
8281.11,0.858881
8288.17,0.980522
8295.12,0.903204
8302.14,1.02488
8309.16,1.03598
8316.15,0.814913
8323.17,0.914489
8330.15,0.914522
8337.18,1.05836
8344.20,0.936774
8351.18,0.837259
8358.24,1.04749
8365.23,1.10288
8372.21,1.04764
8379.23,1.03663
8386.22,0.848618
8393.28,0.926118
8400.26,1.12536
8407.25,1.04183
8414.27,0.792823
8421.29,1.19134
8428.32,0.958984
8435.34,1.02547
8442.32,1.04215
