900.223,0.241232,0.181616,0.3303123163804203,0.730315,0.9999999998652978
900.450,-0.0389933,0.104371,0.3300200723039071,-0.118154,0.9999999998647404
900.677,-0.00925439,0.0811526,0.3297357799843236,-0.0280661,0.9999999998641804
900.903,0.112493,0.113234,0.3294728859030309,0.341432,0.9999999998636173
901.130,0.0318718,0.0927672,0.3292447291071566,0.0968027,0.9999999998630507
901.357,0.0317895,0.0924879,0.3290587780413359,0.0966074,0.9999999998624809
901.583,-0.00799366,0.0802112,0.3289119612657845,-0.0243034,0.9999999998619080
901.810,0.0322537,0.0917103,0.3287873360862129,0.0980990,0.9999999998613316
902.037,0.0723104,0.110309,0.3286536887737575,0.220020,0.9999999998607521
902.263,0.0721795,0.110320,0.3284706645903426,0.219744,0.9999999998601685
902.490,-0.00748952,0.0793041,0.3281994054981269,-0.0228200,0.9999999998595825
902.717,-0.0471253,0.118614,0.3278142477513268,-0.143756,0.9999999998589926
902.943,0.0718665,0.109105,0.3273127502778195,0.219565,0.9999999998583995
903.170,-0.0462081,0.117956,0.3267217860207711,-0.141430,0.9999999998578031
903.397,0.0325491,0.0901798,0.3260954095904469,0.0998148,0.9999999998572027
903.623,-0.0848820,0.156405,0.3255020117716835,-0.260773,0.9999999998565994
903.850,-0.00690385,0.0779958,0.3250074384891696,-0.0212421,0.9999999998559916
904.077,0.0708213,0.107674,0.3246558221634021,0.218143,0.9999999998553815
904.303,0.109421,0.108533,0.3244581836116664,0.337242,0.9999999998547671
904.530,0.0318736,0.0888018,0.3243900676598335,0.0982570,0.9999999998541489
904.757,0.109207,0.107952,0.3244038737834015,0.336638,0.9999999998535276
904.983,0.108971,0.107602,0.3244488213961912,0.335866,0.9999999998529023
905.210,0.0702371,0.106239,0.3244932166766599,0.216452,0.9999999998522735
905.437,-0.0450592,0.114785,0.3245389519934782,-0.138841,0.9999999998516407
905.663,0.145471,0.125065,0.3246232152769397,0.448123,0.9999999998510047
905.890,-0.0455508,0.114169,0.3248074834761268,-0.140239,0.9999999998503644
906.117,0.0303152,0.0873452,0.3251536775558826,0.0932334,0.9999999998497204
906.343,0.0302507,0.0870944,0.3257025434393812,0.0928782,0.9999999998490730
906.570,0.105590,0.105812,0.3264561693778055,0.323445,0.9999999998484210
906.797,-0.0452461,0.112951,0.3273751748116775,-0.138209,0.9999999998477656
907.023,-0.00755747,0.0751057,0.3283876090025910,-0.0230139,0.9999999998471061
907.250,-0.0824663,0.149796,0.3294069270055390,-0.250348,0.9999999998464424
907.477,0.0673441,0.103345,0.3303512664156818,0.203856,0.9999999998457751
907.703,-0.00710081,0.0745084,0.3311589235376422,-0.0214423,0.9999999998451037
907.930,0.0675169,0.103012,0.3318054009161103,0.203483,0.9999999998444282
908.157,0.000963878,0.0912514,0.3322991408343995,0.00290064,0.9999999998437485
908.383,-0.0780099,0.150743,0.3326828213040161,-0.234487,0.9999999998430649
908.610,-0.0779201,0.150347,0.3330563962824415,-0.233955,0.9999999998423770
908.837,-0.0779320,0.149953,0.3335976026541635,-0.233611,0.9999999998416849
909.063,0.0716125,0.114342,0.3346008257298343,0.214024,0.9999999998409888
909.290,-0.0283392,0.0994533,0.3365313344568597,-0.0842098,0.9999999998402880
909.517,0.0211104,0.111310,0.3400882112813902,0.0620733,0.9999999998395837
909.743,0.0208099,0.111268,0.3462569421461329,0.0600995,0.9999999998388744
909.970,0.0702437,0.113295,0.3563179930505329,0.197138,0.9999999998381608
910.197,-0.0283527,0.0984287,0.3717835500736459,-0.0762614,0.9999999998374436
910.424,0.118588,0.136160,0.3942398675092599,0.300802,0.9999999998367206
910.650,0.0146331,0.103618,0.4250781907840516,0.0344244,0.9999999998359941
910.877,-0.0416373,0.112722,0.4651421742939457,-0.0895153,0.9999999998352631
911.104,0.0637024,0.0993091,0.5143829447599658,0.123843,0.9999999998345273
911.330,0.0276507,0.0820639,0.5716214887061845,0.0483725,0.9999999998337872
911.557,0.0276078,0.0818304,0.6345150040097869,0.0435102,0.9999999998330418
911.784,-0.0432289,0.106674,0.6997810078279091,-0.0617749,0.9999999998322926
912.010,-0.00780286,0.0709440,0.7636649444000932,-0.0102177,0.9999999998315383
912.237,-0.00822292,0.0707683,0.8225372293563927,-0.00999702,0.9999999998307791
912.464,0.0620362,0.0978440,0.8734808616245330,0.0710218,0.9999999998300153
912.690,-0.0790391,0.140827,0.9147209525567512,-0.0864079,0.9999999998292470
912.917,0.202193,0.116347,0.9457996293942571,0.213780,0.9999999998284739
913.144,-0.0435020,0.105109,0.9674826756347185,-0.0449641,0.9999999998276956
913.370,0.166253,0.115097,0.9814519981852167,0.169395,0.9999999998269125
913.597,0.0264054,0.0799430,0.9898739579919337,0.0266756,0.9999999998261244
913.824,-0.00849950,0.0695743,0.9949605597761416,-0.00854256,0.9999999998253311
914.050,0.0262184,0.0796244,0.9985994172052050,0.0262552,0.9999999998245332
914.277,0.0605135,0.0959668,1.002118850906728,0.0603856,0.9999999998237299
914.504,-0.0780467,0.138152,1.006204690306883,-0.0775655,0.9999999998229216
914.731,0.0253080,0.0791033,1.010963192932167,0.0250336,0.9999999998221083
914.957,0.0595341,0.0951687,1.016093078812867,0.0585912,0.9999999998212894
915.184,-0.00929218,0.0686053,1.021099210093802,-0.00910018,0.9999999998204654
915.411,0.161651,0.112798,1.025489025476673,0.157633,0.9999999998196361
915.637,0.0587105,0.0945953,1.028903814018615,0.0570613,0.9999999998188018
915.864,0.0928318,0.0955585,1.031166560658236,0.0900261,0.9999999998179618
916.091,0.0246273,0.0780300,1.032244617081305,0.0238580,0.9999999998171163
916.317,0.0247171,0.0780524,1.032171472700249,0.0239467,0.9999999998162654
916.544,-0.000129600,0.0390627,1.030958569102481,-0.000125708,0.9999999998154088
916.771,0.0128418,0.103320,1.028529879037682,0.0124856,0.9999999998145468
916.998,0.196355,0.149988,1.024715272202075,0.191620,0.9999999998136793
917.224,0.150163,0.128244,1.019302712317965,0.147320,0.9999999998128060
917.451,0.286531,0.150954,1.012116162662289,0.283101,0.9999999998119273
917.678,0.0128270,0.102356,1.003100098470788,0.0127873,0.9999999998110425
917.904,0.103823,0.126061,0.9923843413370428,0.104620,0.9999999998101516
918.131,0.149141,0.126977,0.9802857705550447,0.152140,0.9999999998092555
918.358,0.148874,0.126695,0.9672202936274766,0.153919,0.9999999998083531
918.584,0.0581654,0.103515,0.9535301799772397,0.0610001,0.9999999998074447
918.811,0.0130059,0.101036,0.9392874642803000,0.0138466,0.9999999998065305
919.038,0.238128,0.148322,0.9241363866294180,0.257677,0.9999999998056102
919.264,0.102892,0.124332,0.9072582010931792,0.113410,0.9999999998046840
919.491,0.0130444,0.100814,0.8875305213937179,0.0146974,0.9999999998037505
919.718,0.147170,0.125325,0.8638708028046009,0.170361,0.9999999998028122
919.945,0.0927421,0.116623,0.8356957381603070,0.110976,0.9999999998018672
920.171,0.0767189,0.104501,0.8033497081210270,0.0954988,0.9999999998009155
920.398,0.0247501,0.0751213,0.7683325721059088,0.0322127,0.9999999997999576
920.625,0.0900583,0.0917038,0.7332028709533041,0.122829,0.9999999997989930
920.852,0.122191,0.106942,0.7011117568107125,0.174281,0.9999999997980222
921.078,0.186799,0.108148,0.6750876896055620,0.276703,0.9999999997970448
921.305,0.186447,0.107747,0.6572719587505147,0.283669,0.9999999997960605
921.532,0.186524,0.107584,0.6483567641448591,0.287688,0.9999999997950699
921.758,-0.0407327,0.0973674,0.6474352352761055,-0.0629139,0.9999999997940725
921.985,0.250836,0.123205,0.6523304632774776,0.384523,0.9999999997930684
922.212,0.412414,0.139860,0.6603166183508401,0.624571,0.9999999997920568
922.439,0.314845,0.138485,0.6689933686734383,0.470626,0.9999999997910389
922.665,0.185204,0.107102,0.6770374260001196,0.273550,0.9999999997900140
922.892,0.120406,0.105773,0.6845594041747571,0.175888,0.9999999997889819
923.119,0.120714,0.105563,0.6929547887044848,0.174203,0.9999999997879425
923.345,0.249520,0.122426,0.7043237460923375,0.354269,0.9999999997868962
923.572,0.216830,0.121657,0.7206529988864618,0.300880,0.9999999997858426
923.799,0.345259,0.138277,0.7430281916165390,0.464665,0.9999999997847817
924.026,0.248359,0.122066,0.7711419199022057,0.322066,0.9999999997837132
924.252,0.344858,0.138016,0.8032387202085157,0.429334,0.9999999997826376
924.479,0.312533,0.137651,0.8364929092496652,0.373623,0.9999999997815543
924.706,0.408640,0.138484,0.8676809233394668,0.470957,0.9999999997804634
924.932,0.633062,0.170269,0.8939402871111886,0.708170,0.9999999997793652
925.159,0.408268,0.138409,0.9133993348120635,0.446977,0.9999999997782589
925.386,0.247699,0.121663,0.9255193567487986,0.267633,0.9999999997771447
925.613,0.279559,0.122065,0.9310905091652700,0.300249,0.9999999997760225
925.839,0.215436,0.121119,0.9319008149590987,0.231179,0.9999999997748932
926.066,0.247663,0.121842,0.9302000771125257,0.266247,0.9999999997737550
926.293,0.151571,0.105544,0.9281021354142622,0.163313,0.9999999997726092
926.519,0.215543,0.121317,0.9270906365720933,0.232495,0.9999999997714553
926.746,0.317231,0.147860,0.9277337185583481,0.341942,0.9999999997702933
926.973,0.364869,0.165588,0.9296729456418525,0.392470,0.9999999997691225
927.200,0.277741,0.144394,0.9318530175417412,0.298052,0.9999999997679434
927.426,0.147306,0.122018,0.9329016985320853,0.157901,0.9999999997667561
927.653,0.190962,0.142565,0.9315305209867163,0.204999,0.9999999997655602
927.880,0.321517,0.165282,0.9268537599985673,0.346891,0.9999999997643554
928.107,0.277809,0.144676,0.9185521411357559,0.302442,0.9999999997631421
928.333,0.409278,0.166766,0.9068648288105836,0.451312,0.9999999997619200
928.560,0.322053,0.165246,0.8924599991886325,0.360860,0.9999999997606890
928.787,0.540822,0.188725,0.8762425117910381,0.617206,0.9999999997594491
929.013,0.497242,0.188271,0.8591741614992018,0.578744,0.9999999997582003
929.240,0.382047,0.157701,0.8421508594709154,0.453656,0.9999999997569418
929.467,0.538601,0.155561,0.8259584111933209,0.652093,0.9999999997556748
929.694,0.377493,0.139149,0.8112933023614128,0.465298,0.9999999997543976
929.920,0.313110,0.138481,0.7988109188137670,0.391970,0.9999999997531122
930.147,0.410723,0.139774,0.7891659400465788,0.520453,0.9999999997518161
930.374,0.249313,0.123318,0.7830183133965316,0.318400,0.9999999997505109
930.601,0.476345,0.155984,0.7809888153542773,0.609926,0.9999999997491964
930.827,0.249361,0.123593,0.7835835716154401,0.318232,0.9999999997478717
931.054,0.217256,0.123033,0.7911199250489248,0.274619,0.9999999997465372
931.281,0.217497,0.123283,0.8036812942139910,0.270627,0.9999999997451929
931.508,0.250246,0.123998,0.8211093188096832,0.304766,0.9999999997438387
931.734,0.511767,0.157160,0.8430392043719840,0.607050,0.9999999997424738
931.961,0.217715,0.123998,0.8689472704049040,0.250550,0.9999999997410991
932.188,0.381840,0.141406,0.8981874041175152,0.425123,0.9999999997397138
932.414,0.546301,0.158126,0.9299882183429196,0.587428,0.9999999997383180
932.641,0.514276,0.158158,0.9634251030290754,0.533800,0.9999999997369118
932.868,0.646959,0.174984,0.9973836740087274,0.648657,0.9999999997354949
933.095,0.515978,0.158899,1.030562827493237,0.500676,0.9999999997340667
933.322,0.913979,0.208532,1.061531254542977,0.861001,0.9999999997326281
933.548,1.24686,0.225947,1.088864018616516,1.14510,0.9999999997311784
933.775,1.48160,0.243146,1.111310301955485,1.33320,0.9999999997297182
934.002,0.984943,0.210160,1.127955111119511,0.873203,0.9999999997282463
934.228,1.65375,0.260563,1.138320414906796,1.45275,0.9999999997267630
934.455,1.12300,0.227211,1.142326430535591,0.982965,0.9999999997252684
934.682,0.992080,0.211478,1.140128339625392,0.869817,0.9999999997237621
934.909,1.22911,0.228688,1.131832526027776,1.08475,0.9999999997222442
935.135,1.52867,0.288525,1.117092741699516,1.36441,0.9999999997207143
935.362,0.682789,0.204513,1.094668991898611,0.619218,0.9999999997191729
935.589,1.23753,0.268249,1.062125238230826,1.14600,0.9999999997176190
935.816,0.770730,0.226006,1.016015134012166,0.732720,0.9999999997160531
936.042,1.11456,0.248874,0.9530413111258997,1.09403,0.9999999997144753
936.269,1.33134,0.270808,0.8723491761884480,1.35698,0.9999999997128841
936.496,0.776552,0.227660,0.7779823372446064,0.825844,0.9999999997112812
936.723,0.649897,0.206836,0.6793701871111516,0.723142,0.9999999997096649
936.949,0.694781,0.207644,0.5884438112524639,0.808398,0.9999999997080373
937.176,0.523204,0.186659,0.5149464508267888,0.633364,0.9999999997063955
937.403,0.611025,0.208207,0.4634611251230619,0.762025,0.9999999997047404
937.630,0.481796,0.187235,0.4338781496601364,0.610548,0.9999999997030731
937.856,0.177718,0.142816,0.4239411354883055,0.225311,0.9999999997013920
938.083,0.615436,0.209570,0.4316561726306512,0.769334,0.9999999996996973
938.310,0.398031,0.167407,0.4564760626987839,0.485198,0.9999999996979887
938.537,0.759189,0.222896,0.4990969028659804,0.896771,0.9999999996962663
938.763,0.897724,0.203228,0.5597860142376696,1.02598,0.9999999996945308
938.990,0.759737,0.186697,0.6356892790432063,0.842050,0.9999999996927804
939.217,0.444929,0.151835,0.7190457329528973,0.480588,0.9999999996910163
939.444,0.762971,0.187739,0.7986279673424647,0.808163,0.9999999996892377
939.671,0.906054,0.205451,0.8640915018646760,0.947345,0.9999999996874445
939.897,0.801987,0.205486,0.9099282546363415,0.832978,0.9999999996856361
940.124,1.08865,0.224382,0.9362091244208224,1.12975,0.9999999996838136
940.351,0.949112,0.207268,0.9465123698268854,0.989234,0.9999999996819755
940.578,0.665735,0.189501,0.9453008733619841,0.700126,0.9999999996801232
940.804,0.918176,0.208251,0.9363664445128039,0.978263,0.9999999996782551
941.031,0.669663,0.190533,0.9224787028336865,0.725304,0.9999999996763711
941.258,0.671513,0.190999,0.9056834436338904,0.741219,0.9999999996744717
941.485,0.925984,0.209923,0.8877226115488730,1.04300,0.9999999996725564
941.711,0.421840,0.156153,0.8703071200928314,0.484686,0.9999999996706246
941.938,0.894645,0.210741,0.8551890582957319,1.04612,0.9999999996686773
942.165,1.01777,0.256255,0.8440659768666798,1.20577,0.9999999996667142
942.392,0.606964,0.214029,0.8383906758187868,0.723943,0.9999999996647333
942.618,0.957030,0.263586,0.8391778711684486,1.14039,0.9999999996627367
942.845,0.561143,0.214389,0.8468635398274090,0.662567,0.9999999996607223
943.072,0.912716,0.264940,0.8612504175145695,1.05964,0.9999999996586906
943.299,0.614521,0.216304,0.8815625895051058,0.696967,0.9999999996566424
943.526,1.01812,0.266868,0.9065650749337755,1.12278,0.9999999996545774
943.752,0.667900,0.217748,0.9347213177020700,0.714293,0.9999999996524933
943.979,0.821202,0.243165,0.9643476754628669,0.851137,0.9999999996503910
944.206,0.823343,0.243820,0.9937607464427191,0.827936,0.9999999996482722
944.433,0.774646,0.243993,1.021403699897802,0.757694,0.9999999996461340
944.659,1.18437,0.295341,1.045954956555714,1.13091,0.9999999996439770
944.886,1.13619,0.271766,1.066418581699318,1.06367,0.9999999996418023
945.113,1.34392,0.298045,1.082188434002899,1.23923,0.9999999996396078
945.340,0.936846,0.271980,1.093060695436346,0.854814,0.9999999996373947
945.567,1.04205,0.273271,1.099192489295600,0.944927,0.9999999996351618
945.793,1.29172,0.290327,1.101005561522429,1.16862,0.9999999996329101
946.020,1.12762,0.240240,1.099037091682262,1.02124,0.9999999996306383
946.247,1.24912,0.264196,1.093782372112745,1.13581,0.9999999996283455
946.474,1.23569,0.285042,1.085496181934292,1.13106,0.9999999996260334
946.701,1.05840,0.276857,1.073970743981770,0.977726,0.9999999996237001
946.927,1.11327,0.277396,1.058254910378836,1.04082,0.9999999996213469
947.154,1.01128,0.277470,1.036276730909939,0.959999,0.9999999996189732
947.381,1.22340,0.304456,1.004509902649741,1.18392,0.9999999996165763
947.608,0.910372,0.253418,0.9581176064741597,0.902398,0.9999999996141586
947.834,1.07030,0.280091,0.8923578727048362,1.09270,0.9999999996117199
948.061,0.808041,0.253778,0.8057004730367374,0.854693,0.9999999996092590
948.288,0.650425,0.228438,0.7033656702549154,0.716824,0.9999999996067748
948.515,0.492469,0.202604,0.5978427502425518,0.567981,0.9999999996042692
948.742,1.01170,0.266230,0.5040769137998869,1.22322,0.9999999996017401
948.968,0.854906,0.239541,0.4323393164062773,1.08107,0.9999999995991886
949.195,0.730788,0.208187,0.3848565694065510,0.959266,0.9999999995966131
949.422,0.338727,0.150015,0.3581475314593955,0.455649,0.9999999995940148
949.649,0.221489,0.130618,0.3473694378152066,0.300229,0.9999999995913915
949.875,0.182933,0.130354,0.3489797201037305,0.245375,0.9999999995887443
950.102,0.460280,0.170644,0.3614543041969601,0.601102,0.9999999995860722
950.329,0.421217,0.170433,0.3854781461917894,0.529298,0.9999999995833766
950.556,0.660249,0.191493,0.4241601972776984,0.793343,0.9999999995806548
950.783,0.582013,0.191246,0.4821781760581087,0.668042,0.9999999995779081
951.009,0.463176,0.171887,0.5623556352752211,0.509359,0.9999999995751345
951.236,0.703069,0.211384,0.6608067243655948,0.744800,0.9999999995723357
951.463,0.944123,0.232198,0.7654005205042426,0.969755,0.9999999995695108
951.690,1.02595,0.233147,0.8606656731131859,1.02851,0.9999999995666580
951.917,1.14799,0.252815,0.9354483346474368,1.13001,0.9999999995637796
952.143,0.868630,0.213831,0.9867856941859802,0.843874,0.9999999995608733
952.370,1.35274,0.273616,1.018149120451128,1.30253,0.9999999995579396
952.597,0.910692,0.233603,1.035389916593767,0.872037,0.9999999995549766
952.824,1.07362,0.234752,1.043775387746743,1.02506,0.9999999995519857
953.051,0.994839,0.234788,1.046963575473665,0.948992,0.9999999995489668
953.277,1.07716,0.235617,1.047161097320104,1.02819,0.9999999995459172
953.504,0.916265,0.234831,1.045640322753896,0.876142,0.9999999995428399
953.731,1.03903,0.235703,1.043179561373810,0.995972,0.9999999995397317
953.958,1.48641,0.276506,1.040328513815852,1.42877,0.9999999995365931
954.185,1.36595,0.276158,1.037529632886143,1.31653,0.9999999995334250
954.411,1.04201,0.236325,1.035142050195568,1.00664,0.9999999995302240
954.638,1.44968,0.276947,1.033418220263504,1.40280,0.9999999995269930
954.865,0.840184,0.216244,1.032473777535030,0.813758,0.9999999995237294
955.092,1.00433,0.236946,1.032271443436841,0.972932,0.9999999995204336
955.319,0.883043,0.217135,1.032616650818007,0.855151,0.9999999995171047
955.545,1.00579,0.236906,1.033182071423351,0.973491,0.9999999995137430
955.772,0.802491,0.216778,1.033559322297836,0.776434,0.9999999995103466
955.999,0.925265,0.236863,1.033297471972066,0.895449,0.9999999995069182
956.226,1.04799,0.237417,1.031920703540795,1.01557,0.9999999995034543
956.453,0.843736,0.217346,1.028929887443185,0.820014,0.9999999994999544
956.679,0.966149,0.237260,1.023810995532129,0.943680,0.9999999994964219
956.906,0.966190,0.237323,1.016083642008498,0.950897,0.9999999994928508
957.133,1.04782,0.237807,1.005402925895147,1.04219,0.9999999994892432
957.360,1.17018,0.257402,0.9917227596431658,1.17995,0.9999999994856019
957.587,1.04738,0.237541,0.9754751005313597,1.07371,0.9999999994819200
957.813,0.761247,0.216702,0.9576855270778888,0.794882,0.9999999994782003
958.040,0.923960,0.236943,0.9399604870443858,0.982978,0.9999999994744453
958.267,1.33139,0.257857,0.9242929776171681,1.44044,0.9999999994706472
958.494,1.04520,0.237379,0.9127089944450095,1.14517,0.9999999994668118
958.721,1.16705,0.256821,0.9068412716336690,1.28694,0.9999999994629365
958.948,0.799734,0.216462,0.9075576189093254,0.881194,0.9999999994590205
959.174,0.798969,0.216028,0.9147630333033845,0.873417,0.9999999994550637
959.401,0.757481,0.215564,0.9274370817067106,0.816747,0.9999999994510651
959.628,0.919186,0.235725,0.9438928687437655,0.973825,0.9999999994470230
959.855,0.958600,0.235669,0.9621544455716000,0.996306,0.9999999994429403
960.082,1.11963,0.255520,0.9803502225876308,1.14207,0.9999999994388120
960.308,1.23991,0.255741,0.9970031447475900,1.24364,0.9999999994346418
960.535,1.00327,0.245696,1.011169615517511,0.992183,0.9999999994304238
960.762,1.19665,0.300519,1.022435726901379,1.17040,0.9999999994261637
960.989,1.16205,0.291383,1.030814640587655,1.12731,0.9999999994218565
961.216,1.37880,0.317930,1.036594553210416,1.33013,0.9999999994175017
961.442,0.775504,0.261754,1.040191845132483,0.745540,0.9999999994131019
961.669,0.665234,0.234916,1.042036287205532,0.638399,0.9999999994086506
961.896,1.20813,0.289398,1.042499792473529,1.15888,0.9999999994041542
962.123,0.445580,0.206637,1.041868829296509,0.427674,0.9999999993996072
962.350,0.986895,0.287116,1.040354047157567,0.948615,0.9999999993950091
962.577,0.714170,0.233666,1.038128067674963,0.687941,0.9999999993903612
962.803,0.604579,0.232081,1.035377556028253,0.583922,0.9999999993856632
963.030,0.710929,0.232389,1.032344998931447,0.688655,0.9999999993809092
963.257,0.924121,0.258873,1.029343176375269,0.897778,0.9999999993761060
963.484,0.921905,0.257956,1.026739469216561,0.897896,0.9999999993712461
963.711,0.919795,0.257354,1.024890144458549,0.897457,0.9999999993663315
963.938,0.970397,0.281639,1.024053296949698,0.947604,0.9999999993613631
964.164,1.02065,0.281280,1.024311275928982,0.996424,0.9999999993563369
964.391,0.894298,0.238207,1.025531358077477,0.872034,0.9999999993512563
964.618,1.15059,0.245005,1.027376397205544,1.11993,0.9999999993461148
964.845,1.30074,0.282526,1.029362730037649,1.26364,0.9999999993409161
965.072,1.02856,0.258270,1.030958408621206,0.997676,0.9999999993356574
965.299,0.976248,0.257191,1.031687457469897,0.946264,0.9999999993303368
965.525,1.16558,0.279876,1.031219459317948,1.13029,0.9999999993249546
965.752,0.872952,0.254401,1.029429457941887,0.847996,0.9999999993195112
965.979,1.01303,0.254494,1.026417793939418,0.986956,0.9999999993140058
966.206,0.961743,0.253099,1.022493461205044,0.940587,0.9999999993084299
966.433,0.625899,0.205218,1.018117514787329,0.614762,0.9999999993027961
966.660,0.859573,0.250243,1.013829050272678,0.847848,0.9999999992970898
966.886,1.27921,0.274105,1.010148503809555,1.26636,0.9999999992913191
967.113,0.758216,0.225266,1.007487599132515,0.752581,0.9999999992854796
967.340,0.987385,0.237992,1.006075379737512,0.981423,0.9999999992795703
967.567,0.871548,0.213739,1.005928257526009,0.866411,0.9999999992735873
967.794,0.830594,0.212480,1.006853117206535,0.824941,0.9999999992675355
968.021,1.08212,0.230425,1.008500215108728,1.07300,0.9999999992614088
968.247,1.14953,0.229252,1.010434595557942,1.13766,0.9999999992552115
968.474,1.14364,0.228075,1.012215098074143,1.12984,0.9999999992489335
968.701,1.20951,0.244291,1.013459984453095,1.19344,0.9999999992425825
968.928,1.31039,0.243514,1.013880032951791,1.29245,0.9999999992361517
969.155,1.12500,0.224415,1.013250581812417,1.11028,0.9999999992296436
969.382,1.04816,0.223170,1.011358244664236,1.03639,0.9999999992230515
969.608,0.936631,0.204460,1.007924812543864,0.929267,0.9999999992163811
969.835,1.21021,0.237714,1.002529359627248,1.20716,0.9999999992096293
970.062,0.751975,0.184671,0.9945663620875940,0.756083,0.9999999992027897
970.289,0.954481,0.217509,0.9832887648971096,0.970703,0.9999999991958621
970.516,1.05178,0.216607,0.9679532830374413,1.08660,0.9999999991888513
970.743,0.363850,0.146515,0.9480665925718181,0.383781,0.9999999991817494
970.969,0.902968,0.197102,0.9236787511017286,0.977578,0.9999999991745594
971.196,0.358966,0.144732,0.8956509046418355,0.400788,0.9999999991672774
971.423,0.557226,0.160837,0.8657769335409058,0.643615,0.9999999991599005
971.650,0.260071,0.181951,0.8366806370764367,0.310837,0.9999999991524264
971.877,0.264087,0.230807,0.8114490362328384,0.325451,0.9999999991448598
972.104,0.345155,0.231303,0.7930688003813496,0.435214,0.9999999991371931
972.331,0.670511,0.310134,0.7837978962084797,0.855465,0.9999999991294284
972.557,0.258415,0.225894,0.7846634054394697,0.329332,0.9999999991215602
972.784,0.418179,0.264535,0.7952389808822653,0.525854,0.9999999991135884
973.011,0.174464,0.183984,0.8137715973890907,0.214390,0.9999999991055113
973.238,0.0936945,0.178473,0.8376110568020451,0.111859,0.9999999990973298
973.465,0.0933375,0.177527,0.8637973240645278,0.108055,0.9999999990890369
973.692,0.406106,0.256768,0.8896337985094340,0.456486,0.9999999990806354
973.919,0.791726,0.296594,0.9131014668304408,0.867074,0.9999999990721167
974.145,0.785610,0.294053,0.9330339828579829,0.841995,0.9999999990634876
974.372,0.397060,0.250124,0.9490831749903739,0.418362,0.9999999990547392
974.599,0.621704,0.287322,0.9615295880891341,0.646578,0.9999999990458697
974.826,0.692116,0.286234,0.9710293254815756,0.712766,0.9999999990368837
975.053,0.537174,0.247257,0.9783758369061785,0.549047,0.9999999990277721
975.280,0.384449,0.242466,0.9843194208951944,0.390574,0.9999999990185373
975.507,0.528203,0.243187,0.9894507036376047,0.533835,0.9999999990091724
975.733,0.523839,0.241042,0.9941393405322217,0.526927,0.9999999989996768
975.960,0.519234,0.239156,0.9985240530083777,0.520001,0.9999999989900463
976.187,0.0854545,0.160655,1.002535043788619,0.0852385,0.9999999989802886
976.414,0.226461,0.196274,1.005949148511679,0.225122,0.9999999989703854
976.641,0.224196,0.194895,1.008467965992345,0.222313,0.9999999989603474
976.868,0.292251,0.195008,1.009817961200475,0.289409,0.9999999989501636
977.095,0.428131,0.227643,1.009845048589218,0.423957,0.9999999989398345
977.321,0.218716,0.189537,1.008590414555307,0.216853,0.9999999989293600
977.548,0.148649,0.156220,1.006310557856605,0.147716,0.9999999989187256
977.775,0.0794487,0.151405,1.003434226762562,0.0791764,0.9999999989079431
978.002,0.0785263,0.149630,1.000474526186987,0.0784883,0.9999999988970065
978.229,0.0116596,0.115303,0.9979151143381189,0.0116837,0.9999999988859012
978.456,0.208408,0.181565,0.9961020201103774,0.209217,0.9999999988746415
978.683,0.336568,0.212372,0.9951851294142956,0.338177,0.9999999988632189
978.910,0.462294,0.213155,0.9951114084214747,0.464518,0.9999999988516139
979.136,0.331076,0.208856,0.9956687851323927,0.332458,0.9999999988398458
979.363,0.454688,0.209533,0.9965561416165197,0.456123,0.9999999988278983
979.590,0.639025,0.239427,0.9974611697119761,0.640333,0.9999999988157737
979.817,0.571284,0.236044,0.9981234490924170,0.571895,0.9999999988034560
980.044,0.504786,0.233237,0.9983691066866408,0.504957,0.9999999987909580
980.271,0.884230,0.308277,0.9981222031460389,0.884099,0.9999999987782722
980.498,0.192848,0.184228,0.9973796131499078,0.192753,0.9999999987653885
980.724,0.378157,0.239167,0.9961534293559215,0.377840,0.9999999987523058
980.951,0.797375,0.320904,0.9943955506826683,0.796327,0.9999999987390167
981.178,0.957805,0.359467,0.9919158355078811,0.955954,0.9999999987255241
981.405,1.19882,0.358853,0.9883357248211754,1.19577,0.9999999987118240
981.632,0.694164,0.311520,0.9830954335973882,0.692181,0.9999999986978969
981.859,0.933220,0.349743,0.9755311319554231,0.930941,0.9999999986837607
982.086,0.682391,0.306322,0.9650187429442122,0.681785,0.9999999986693959
982.313,0.596372,0.266006,0.9511389658884800,0.597621,0.9999999986548016
982.539,0.830369,0.303514,0.9338028822987771,0.835827,0.9999999986399686
982.766,0.744651,0.300101,0.9133059169818130,0.753854,0.9999999986249000
982.993,1.60021,0.414993,0.8902896738306755,1.63064,0.9999999986095867
983.220,0.732901,0.295641,0.8656051843563254,0.751964,0.9999999985940276
983.447,0.572904,0.255475,0.8401298383380077,0.591717,0.9999999985782007
983.674,0.797693,0.291639,0.8146003267374372,0.829013,0.9999999985621251
983.901,0.687684,0.253388,0.7895147655827344,0.718923,0.9999999985457699
984.128,0.426670,0.194536,0.7651312340208992,0.448793,0.9999999985291552
984.354,1.11335,0.279184,0.7415542186254928,1.17937,0.9999999985122574
984.581,0.427094,0.197643,0.7188683522402124,0.456375,0.9999999984950749
984.808,0.372526,0.171434,0.6972679336130158,0.402375,0.9999999984775962
985.035,0.544693,0.118511,0.6771297783286626,0.595882,0.9999999984598245
985.262,0.661973,0.127665,0.6590031490225073,0.734384,0.9999999984417480
985.489,0.797606,0.146534,0.6435223560546818,0.897268,0.9999999984233547
985.716,0.991068,0.155616,0.6312516976395772,1.12860,0.9999999984046479
985.943,0.825864,0.144629,0.6225089810168799,0.948806,0.9999999983856200
986.170,0.741634,0.133885,0.6172052545681426,0.855561,0.9999999983662431
986.396,0.814556,0.142667,0.6147255879592277,0.938609,0.9999999983465349
986.623,0.634879,0.122458,0.6139189754220661,0.727093,0.9999999983264718
986.850,0.823371,0.140900,0.6132021711482321,0.933550,0.9999999983060561
987.077,0.913907,0.149480,0.6106931618999260,1.02358,0.9999999982852688
987.304,0.718130,0.129584,0.6039497610258961,0.794316,0.9999999982641119
987.531,0.732632,0.128922,0.5889629118259585,0.801653,0.9999999982425771
987.758,0.709334,0.128010,0.5620932230020005,0.770468,0.9999999982206311
987.985,0.649162,0.127048,0.5292667113715617,0.703288,0.9999999981982939
988.212,0.496961,0.108046,0.5042813107279658,0.540013,0.9999999981755376
988.439,0.383391,0.0980605,0.4854048635402968,0.420283,0.9999999981523648
988.665,0.326358,0.0971892,0.4478029487029688,0.362845,0.9999999981287646
988.892,0.288125,0.0878644,0.3675672793468438,0.326236,0.9999999981047012
989.119,0.286767,0.0874117,0.2664893985297549,0.331435,0.9999999980801950
989.346,0.122885,0.0683852,0.2179605580512174,0.144962,0.9999999980552290
989.573,0.320019,0.0950829,0.2566361214471764,0.384306,0.9999999980297636
989.800,0.336471,0.0948161,0.3304417309977182,0.409282,0.9999999980038281
990.027,0.441658,0.103386,0.3819630684634001,0.540504,0.9999999979773675
990.254,0.528100,0.111856,0.4089090052940187,0.645310,0.9999999979504042
990.481,0.525567,0.111340,0.4312756552515953,0.636491,0.9999999979229035
990.707,0.453035,0.102058,0.4591458697179467,0.540278,0.9999999978948662
990.934,0.591078,0.118814,0.4942525769860673,0.690789,0.9999999978662626
991.161,0.640724,0.118567,0.5359765435249352,0.731593,0.9999999978370935
991.388,0.603563,0.117918,0.5830456271496613,0.672492,0.9999999978073277
991.615,0.653006,0.117629,0.6337546938619592,0.710268,0.9999999977769656
991.842,0.753649,0.125774,0.6860451367440745,0.801656,0.9999999977459655
992.069,0.699299,0.125193,0.7376488508993937,0.729527,0.9999999977143530
992.296,0.594502,0.116081,0.7862981409516197,0.610493,0.9999999976820593
992.523,0.864133,0.132873,0.8299453978901704,0.877151,0.9999999976491183
992.750,0.860841,0.132398,0.8669559357618959,0.867616,0.9999999976154579
992.977,0.807349,0.131858,0.8962377932664508,0.811634,0.9999999975811040
993.203,0.855153,0.131493,0.9173193662768071,0.861344,0.9999999975460088
993.430,0.701493,0.122585,0.9303668263066611,0.710868,0.9999999975101705
993.657,0.816218,0.130532,0.9361595775441535,0.835130,0.9999999974735481
993.884,1.01345,0.138636,0.9360168882411356,1.04978,0.9999999974361187
994.111,0.844459,0.129846,0.9316605216250635,0.886875,0.9999999973978999
994.338,1.04072,0.145844,0.9250082642615245,1.10827,0.9999999973588063
994.565,0.856108,0.129069,0.9179057884154129,0.923180,0.9999999973188649
994.792,0.935861,0.136891,0.9118475698464058,1.01936,0.9999999972780182
995.019,0.949707,0.136622,0.9077501909370224,1.04156,0.9999999972362614
995.246,0.865351,0.128225,0.9058525276312556,0.952550,0.9999999971935443
995.472,1.10817,0.144208,0.9057780369032851,1.22123,0.9999999971498608
995.699,0.861003,0.127595,0.9067426157713762,0.948490,0.9999999971051576
995.926,1.08646,0.143358,0.9078612771544869,1.19590,0.9999999970594029
996.153,1.11647,0.143234,0.9084618755127126,1.22846,0.9999999970126014
996.380,1.17888,0.150843,0.9083118064229234,1.29757,0.9999999969646829
996.607,1.12779,0.150441,0.9077043523718343,1.24229,0.9999999969156375
996.834,0.948227,0.134097,0.9073751585821159,1.04494,0.9999999968654028
997.061,1.01065,0.141716,0.9082824550715834,1.11265,0.9999999968139404
997.288,1.12105,0.149553,0.9113194634994154,1.23011,0.9999999967612672
997.515,1.02284,0.141205,0.9170511604155208,1.11534,0.9999999967072573
997.742,1.05301,0.141102,0.9255429850946700,1.13771,0.9999999966519100
997.969,1.21096,0.148885,0.9363382174577973,1.29329,0.9999999965952278
998.196,0.985706,0.140491,0.9485738210537958,1.03914,0.9999999965370725
998.422,1.17510,0.148407,0.9611868123667914,1.22255,0.9999999964774904
998.649,0.903024,0.132179,0.9731381445120932,0.927950,0.9999999964163349
998.876,1.30705,0.176313,0.9835922895692885,1.32885,0.9999999963536179
999.103,1.12546,0.166038,0.9920128430559392,1.13452,0.9999999962892521
999.330,1.06413,0.156199,0.9981749928338566,1.06607,0.9999999962232327
999.557,1.00311,0.155712,1.002111301450839,1.00100,0.9999999961554475
999.784,0.862540,0.145662,1.004033032767744,0.859076,0.9999999960858337
1000.01,1.10006,0.165210,1.004256497826224,1.09540,0.9999999960144024
1000.24,0.780924,0.135511,1.003146780060479,0.778475,0.9999999959409707
1000.46,1.01829,0.155106,1.001082537124400,1.01719,0.9999999958655457
1000.69,0.819255,0.144910,0.9984370877291675,0.820537,0.9999999957880543
1000.92,0.877964,0.144882,0.9955694261091741,0.881871,0.9999999957083781
1001.15,0.639805,0.124909,0.9928155932852196,0.644435,0.9999999956264338
1001.37,0.797303,0.144387,0.9904782365909856,0.804968,0.9999999955421581
1001.60,0.816478,0.144397,0.9888178012157716,0.825712,0.9999999954555323
1001.83,0.914476,0.144604,0.9880306210908228,0.925554,0.9999999953663241
1002.05,0.894059,0.144355,0.9882282146533889,0.904710,0.9999999952745291
1002.28,1.01159,0.154061,0.9894207512795912,1.02241,0.9999999951800471
1002.51,0.907086,0.136177,0.9914868226620664,0.914874,0.9999999950827199
1002.73,1.13664,0.145506,0.9941667462013709,1.14331,0.9999999949824321
1002.96,1.02678,0.137623,0.9970690479255592,1.02979,0.9999999948791192
1003.19,0.901521,0.129768,0.9996959922568170,0.901796,0.9999999947726006
1003.41,1.16608,0.145369,1.001473830680858,1.16436,0.9999999946628324
1003.64,0.885086,0.129548,1.001799027821765,0.883497,0.9999999945495894
1003.87,0.962514,0.137211,1.000092464991250,0.962426,0.9999999944327238
1004.10,1.02428,0.137292,0.9958825041648005,1.02851,0.9999999943121454
1004.32,0.992738,0.137097,0.9889058278423045,1.00388,0.9999999941876958
1004.55,0.930072,0.129427,0.9792124532478911,0.949816,0.9999999940591384
1004.78,0.929712,0.129383,0.9672539163314747,0.961187,0.9999999939262907
1005.00,0.742906,0.121487,0.9539132040607143,0.778798,0.9999999937890345
1005.23,0.944800,0.129363,0.9404325470176235,1.00464,0.9999999936470962
1005.46,0.820139,0.121641,0.9282272250473567,0.883554,0.9999999935003812
1005.68,0.928531,0.129237,0.9186145468987421,1.01080,0.9999999933485495
1005.91,0.835101,0.128950,0.9125323705858419,0.915147,0.9999999931913606
1006.14,0.881543,0.129090,0.9103319315068176,0.968375,0.9999999930286487
1006.37,0.958952,0.136759,0.9117162892510104,1.05181,0.9999999928600614
1006.59,0.851001,0.137902,0.9158510180313395,0.929192,0.9999999926854077
1006.82,0.725525,0.143469,0.9216051244915007,0.787241,0.9999999925043948
1007.05,1.04198,0.164812,0.9278212889524573,1.12304,0.9999999923166081
1007.27,0.936337,0.154357,0.9335251186659517,1.00301,0.9999999921217064
1007.50,1.04161,0.164764,0.9380208740179435,1.11044,0.9999999919193809
1007.73,0.978299,0.154538,0.9408415103306950,1.03981,0.9999999917093081
1007.95,1.08371,0.164859,0.9416205078364310,1.15090,0.9999999914909696
1008.18,0.830711,0.143862,0.9399718347375130,0.883762,0.9999999912640505
1008.41,0.978159,0.154481,0.9354626923079626,1.04564,0.9999999910279678
1008.63,0.978079,0.154462,0.9277118531935880,1.05429,0.9999999907824910
1008.86,1.16766,0.175134,0.9165956475948078,1.27391,0.9999999905266979
1009.09,0.977719,0.154425,0.9024774182351858,1.08337,0.9999999902602934
1009.32,0.914450,0.154196,0.8863556137626876,1.03170,0.9999999899825318
1009.54,0.914580,0.154177,0.8698362059822504,1.05144,0.9999999896929177
1009.77,0.944790,0.147014,0.8549005992726404,1.10515,0.9999999893906033
1010.00,1.20550,0.144494,0.8435112037497140,1.42915,0.9999999890749220
1010.22,0.787326,0.121100,0.8371556352040569,0.940478,0.9999999887451658
1010.45,0.849259,0.128691,0.8364814371393561,1.01528,0.9999999884002984
1010.68,0.895572,0.128814,0.8411374040528369,1.06472,0.9999999880395809
1010.90,0.818059,0.121189,0.8498791023612231,0.962560,0.9999999876618217
1011.13,0.972619,0.136327,0.8609065641245326,1.12976,0.9999999872661485
1011.36,0.740219,0.120919,0.8723313808754588,0.848552,0.9999999868511846
1011.58,0.894753,0.128712,0.8826322787871393,1.01373,0.9999999864161351
1011.81,0.832774,0.128423,0.8909709744901486,0.934681,0.9999999859589341
1012.04,0.848078,0.128505,0.8972915543958723,0.945153,0.9999999854785779
1012.27,0.739497,0.120800,0.9021923995644151,0.819667,0.9999999849732004
1012.49,0.692813,0.113146,0.9066354717562634,0.764158,0.9999999844411793
1012.72,1.01694,0.136240,0.9115860753676083,1.11557,0.9999999838807649
1012.95,0.769363,0.120681,0.9176997137822910,0.838359,0.9999999832895772
1013.17,0.738181,0.120639,0.9251376977971063,0.797911,0.9999999826656649
1013.40,0.645111,0.112862,0.9335594447706742,0.691019,0.9999999820062067
1013.63,0.629449,0.112799,0.9422683227327168,0.668006,0.9999999813088343
1013.85,0.644615,0.112762,0.9504445017744235,0.678211,0.9999999805701798
1014.08,0.690601,0.112830,0.9573801224376348,0.721319,0.9999999797873498
1014.31,0.520720,0.104736,0.9626413684317197,0.540896,0.9999999789562939
1014.54,0.674228,0.112657,0.9661148730447158,0.697807,0.9999999780734523
1014.76,0.704599,0.112755,0.9679478486098293,0.727816,0.9999999771339143
1014.99,0.627320,0.112436,0.9684124113721473,0.647620,0.9999999761332674
1015.22,0.734271,0.120072,0.9677594259169440,0.758441,0.9999999750649116
1015.44,0.687695,0.112419,0.9661042013237215,0.711406,0.9999999739244767
1015.67,0.809955,0.120118,0.9633778790633579,0.840010,0.9999999727039890
1015.90,0.901269,0.127530,0.9593608061630431,0.938242,0.9999999713964893
1016.12,0.885242,0.127443,0.9537793061031469,0.926422,0.9999999699927222
1016.35,0.807922,0.119811,0.9464332772121022,0.851406,0.9999999684833971
1016.58,0.959906,0.134673,0.9373252553403649,1.02034,0.9999999668580959
1016.81,1.05042,0.134847,0.9267478207973470,1.12776,0.9999999651036335
1017.03,0.942354,0.134405,0.9153003076878886,1.02258,0.9999999632069723
1017.26,0.788779,0.119126,0.9038190067570061,0.864866,0.9999999611511459
1017.49,0.772527,0.119004,0.8932274739327680,0.854711,0.9999999589190216
1017.71,0.938775,0.133900,0.8843425375368642,1.04553,0.9999999564884443
1017.94,0.907024,0.126271,0.8776796575108693,1.01370,0.9999999538365645
1018.17,1.01176,0.133605,0.8733230620895196,1.13096,0.9999999509323341
1018.39,0.601574,0.110531,0.8708927126535619,0.670603,0.9999999477478696
1018.62,0.917598,0.125698,0.8696257380969742,1.01796,0.9999999442418932
1018.85,0.991137,0.132920,0.8685424622281933,1.09324,0.9999999403715598
1019.07,0.883805,0.125121,0.8666507455546207,0.969534,0.9999999360819047
1019.30,0.881912,0.124842,0.8631281392737858,0.963474,0.9999999313123824
1019.53,0.864832,0.124563,0.8574348219534955,0.942933,0.9999999259851873
1019.76,0.743251,0.116691,0.8493454491429178,0.810881,0.9999999200091449
1019.98,0.756026,0.116442,0.8389133897111265,0.827688,0.9999999132773221
1020.21,0.753804,0.116097,0.8263943401667678,0.830509,0.9999999056555604
1020.44,0.721780,0.115631,0.8121712946449822,0.802507,0.9999998969732269
1020.66,0.675072,0.108102,0.7966967502982010,0.759399,0.9999998870244007
1020.89,0.892974,0.122329,0.7804611588302840,1.01867,0.9999998755501742
1021.12,0.787070,0.121559,0.7639722319509998,0.912285,0.9999998622017912
1021.34,0.740120,0.114004,0.7477348059865854,0.872968,0.9999998465671236
1021.57,0.635261,0.106232,0.7322173595656780,0.763240,0.9999998280607569
1021.80,0.603387,0.105674,0.7177822657225398,0.738773,0.9999998059291344
1022.03,0.715355,0.112353,0.7045531517656571,0.892491,0.9999997791146982
1022.25,0.725939,0.111839,0.6921699466770809,0.922401,0.9999997461122925
1022.48,0.608151,0.104105,0.6793435859914781,0.786376,0.9999997041786173
1022.71,0.632788,0.103539,0.6632132416635981,0.832066,0.9999996404658031
1022.93,0.713288,0.109899,0.6388368638767626,0.953472,0.9999994331427284
1023.16,0.848384,0.116231,0.5998673157811858,1.15348,0.9999979412925040
1023.39,0.620652,0.101544,0.5419547151878539,0.859825,0.9999863201933255
1023.61,0.451107,0.0870197,0.4684072573931357,0.638894,0.9999098235510979
1023.84,0.352098,0.0794835,0.3925900935452135,0.512331,0.9994994234832053
1024.07,0.254386,0.0718350,0.3307950076542894,0.382719,0.9977224120063892
1024.30,0.252190,0.0713379,0.2903767766680859,0.395103,0.9915508604556608
1024.52,0.289899,0.0709559,0.2667571356162211,0.476216,0.9745687002983906
1024.75,0.207900,0.0635637,0.2513727589314528,0.359923,0.9381375934246677
1024.98,0.120827,0.0522538,0.2389857666453859,0.220828,0.8786481111040280
1025.20,0.252782,0.0797914,0.2283701754223565,0.486138,0.8074138296208435
1025.43,0.197240,0.0749260,0.2200958530488657,0.395583,0.7489867080788607
1025.66,0.229518,0.0745967,0.2149563287826633,0.473350,0.7267367284790608
1025.88,0.278128,0.0821657,0.2133635139663969,0.579919,0.7496707130353399
1026.11,0.291646,0.0812240,0.2151891334738672,0.604652,0.8084115244784396
1026.34,0.321505,0.0884519,0.2198092009884901,0.653999,0.8794804574375069
1026.57,0.334011,0.0873984,0.2262805616475140,0.661186,0.9385474246413721
1026.79,0.199858,0.0701184,0.2336639111818917,0.383883,0.9746965601819033
1027.02,0.373703,0.0929759,0.2417239873731676,0.697500,0.9915528839143645
1027.25,0.368796,0.0917966,0.2524277110580739,0.671749,0.9977045155234650
1027.47,0.426198,0.0909165,0.2714799105438497,0.761900,0.9994892824735551
1027.70,0.235481,0.0739979,0.3063561509688734,0.415599,0.9999065651886945
1027.93,0.383649,0.0881529,0.3589976991415096,0.672113,0.9999855702212614
1028.15,0.363049,0.0867816,0.4204524652761322,0.634254,0.9999978021706666
1028.38,0.448813,0.0848576,0.4758860752780672,0.784819,0.9999994108929799
1028.61,0.433645,0.0778860,0.5148752712443286,0.761207,0.9999996350310614
1028.84,0.531410,0.0819468,0.5357986846387114,0.938445,0.9999997007607053
1029.06,0.584527,0.0857030,0.5427645435511422,1.04002,0.9999997430430836
1029.29,0.625370,0.0892892,0.5410005730313605,1.12188,0.9999997762376946
1029.52,0.495055,0.0778425,0.5345319784546990,0.895229,0.9999998032203605
1029.74,0.701724,0.0911978,0.5259477725879081,1.27728,0.9999998254950975
1029.97,0.641186,0.0847478,0.5169059867649958,1.17133,0.9999998441351061
1030.20,0.601201,0.0831359,0.5085869429994453,1.09732,0.9999998598859781
1030.42,0.515906,0.0769718,0.5019052523337648,0.935259,0.9999998733436193
1030.65,0.506121,0.0755144,0.4975418490036495,0.905059,0.9999998849141443
1030.88,0.451724,0.0696778,0.4958968996341869,0.791231,0.9999998949539179
1031.11,0.477753,0.0726052,0.4970545834784728,0.814592,0.9999999037151821
1031.33,0.391116,0.0627536,0.5008010543708480,0.646246,0.9999999114160565
1031.56,0.475534,0.0697515,0.5067056185792884,0.759806,0.9999999182188730
1031.79,0.432941,0.0643356,0.5142308812580041,0.669226,0.9999999242560662
1032.01,0.625083,0.0750674,0.5228319603134114,0.937422,0.9999999296420428
1032.24,0.454469,0.0655452,0.5320287597572090,0.664372,0.9999999344727699
1032.47,0.676154,0.0795381,0.5414391995238320,0.969279,0.9999999388157195
1032.69,0.676651,0.0777962,0.5507699620244576,0.957353,0.9999999427348891
1032.92,0.543814,0.0687937,0.5597895158482737,0.764202,0.9999999462876932
1033.15,0.632950,0.0744642,0.5682975859077961,0.888478,0.9999999495169594
1033.38,0.484778,0.0623214,0.5761059077684815,0.682938,0.9999999524595105
1033.60,0.467012,0.0609119,0.5830276162285100,0.662635,0.9999999551512933
1033.83,0.490182,0.0628552,0.5888936498792476,0.702181,0.9999999576175758
1034.06,0.617487,0.0680276,0.5935999851704907,0.894138,0.9999999598865197
1034.28,0.603360,0.0664706,0.5971605137559798,0.883244,0.9999999619743531
1034.51,0.520188,0.0618046,0.5997223417236182,0.768976,0.9999999639029760
1034.74,0.618789,0.0664758,0.6014284948773201,0.921511,0.9999999656863736
1034.96,0.778459,0.0739212,0.6020805780309061,1.16348,0.9999999673414213
1035.19,0.631194,0.0662965,0.6007879176388049,0.941966,0.9999999688769707
1035.42,0.627750,0.0647640,0.5962620610468109,0.929638,0.9999999703065592
1035.65,0.545757,0.0604080,0.5883774302865359,0.796486,0.9999999716383539
1035.87,0.565459,0.0590358,0.5803125268685096,0.807459,0.9999999728830640
1036.10,0.583911,0.0602525,0.5788937298110797,0.810166,0.9999999740456997
1036.33,0.575122,0.0588320,0.5914839901513578,0.770347,0.9999999751350723
1036.55,0.688091,0.0625124,0.6212324920837772,0.884723,0.9999999761561569
1036.78,0.636874,0.0585282,0.6648065530794612,0.782445,0.9999999771160748
1037.01,0.698832,0.0619282,0.7147477962274751,0.817764,0.9999999780182014
1037.23,0.780971,0.0628109,0.7642401331795601,0.869212,0.9999999788671092
1037.46,0.762086,0.0612927,0.8100783120614714,0.807220,0.9999999796677617
1037.69,0.887244,0.0665302,0.8521350010750997,0.896820,0.9999999804233584
1037.92,0.843850,0.0627718,0.8912018602590098,0.817747,0.9999999811372289
1038.14,1.00300,0.0658106,0.9275532323068343,0.937613,0.9999999818120477
1038.37,1.02047,0.0655602,0.9608053470877022,0.926783,0.9999999824512960
1038.60,1.00801,0.0643627,0.9903583259114462,0.895994,0.9999999830571162
1038.82,0.975731,0.0625564,1.015794724162840,0.854843,0.9999999836318068
1039.05,1.03743,0.0636964,1.037040358327846,0.901409,0.9999999841774718
1039.28,1.27343,0.0696521,1.054345244313610,1.10286,0.9999999846957677
1039.51,1.06926,0.0630868,1.068166013916105,0.926464,0.9999999851890229
1039.73,1.06518,0.0621988,1.079009232804062,0.925678,0.9999999856588253
1039.96,1.10993,0.0627098,1.087310618997477,0.968913,0.9999999861059352
1040.19,1.09706,0.0615906,1.093380335053402,0.962788,0.9999999865324745
1040.41,1.16125,0.0625874,1.097403668156405,1.02500,0.9999999869392584
1040.64,1.10409,0.0603013,1.099499512488368,0.980387,0.9999999873281087
1040.87,1.01078,0.0570188,1.099793775127776,0.903034,0.9999999876994752
1041.09,1.01795,0.0565313,1.098478438473252,0.915093,0.9999999880543968
1041.32,0.841702,0.0508264,1.095823389972647,0.761376,0.9999999883941937
1041.55,0.979288,0.0541358,1.092146590330707,0.891314,0.9999999887197129
1041.78,0.982352,0.0535744,1.087767189385706,0.899511,0.9999999890312519
1042.00,0.936667,0.0517015,1.082957962244778,0.862696,0.9999999893300779
1042.23,1.08082,0.0548551,1.077916150311438,1.00107,0.9999999896167233
1042.46,1.10705,0.0548595,1.072765379803462,1.03093,0.9999999898919878
1042.68,1.01276,0.0518707,1.067575790276071,0.948091,0.9999999901560483
1042.91,1.02036,0.0514565,1.062390874074646,0.960100,0.9999999904099119
1043.14,0.986863,0.0500225,1.057248433983053,0.933239,0.9999999906538390
1043.36,0.939713,0.0482560,1.052188965531698,0.893004,0.9999999908885928
1043.59,0.964088,0.0483123,1.047251398143205,0.920533,0.9999999911146273
1043.82,1.01992,0.0491160,1.042465012065306,0.978345,0.9999999913320246
1044.05,1.02460,0.0486688,1.037841630508203,0.987222,0.9999999915415552
1044.27,1.01069,0.0477938,1.033376366273403,0.978035,0.9999999917434874
1044.50,1.01244,0.0472979,1.029052810718223,0.983852,0.9999999919382880
1044.73,0.999230,0.0499081,1.024855756939256,0.974994,0.9999999921259917
1044.95,1.08404,0.0557991,1.020781480272172,1.06197,0.9999999923072289
1045.18,0.959787,0.0519421,1.016841597939852,0.943891,0.9999999924822014
1045.41,1.03482,0.0533354,1.013064673619331,1.02147,0.9999999926512846
1045.64,0.811809,0.0467581,1.009489462332246,0.804178,0.9999999928145673
1045.86,0.883618,0.0482459,1.006157457740655,0.878210,0.9999999929723136
1046.09,1.01627,0.0511715,1.003104441130345,1.01313,0.9999999931249339
1046.32,0.924631,0.0483041,1.000357387804173,0.924301,0.9999999932726482
1046.54,0.988998,0.0494249,0.9979305716650579,0.991049,0.9999999934155135
1046.77,0.872290,0.0459464,0.9958274354393289,0.875945,0.9999999935537405
1047.00,0.953525,0.0475320,0.9940427078408208,0.959240,0.9999999936876713
1047.22,1.00350,0.0482569,0.9925626879156907,1.01102,0.9999999938174138
1047.45,1.07612,0.0494589,0.9913653309238460,1.08549,0.9999999939432078
1047.68,1.04576,0.0482676,0.9904213712900597,1.05587,0.9999999940650823
1047.91,1.00000,0.0441538,0.9896901162338436,1.01042,0.9999999941832003
1048.13,1.10705,0.0437087,0.9891222388254109,1.11922,0.9999999942978368
1048.36,1.02517,0.0397811,0.9886593315433005,1.03693,0.9999999944091276
1048.59,0.928449,0.0374962,0.9882376545822462,0.939500,0.9999999945170865
1048.81,1.03641,0.0392259,0.9877962994234909,1.04921,0.9999999946219023
1049.04,0.989131,0.0379574,0.9872812983784722,1.00187,0.9999999947236962
1049.27,0.977606,0.0373784,0.9866520161491413,0.990832,0.9999999948225835
1049.50,0.932780,0.0361709,0.9858854288485049,0.946135,0.9999999949186746
1049.72,0.859268,0.0343977,0.9849779361491326,0.872374,0.9999999950120741
1049.95,0.885219,0.0345881,0.9839460410665319,0.899662,0.9999999951028824
1050.18,0.879668,0.0341633,0.9828242326206482,0.895042,0.9999999951911942
1050.40,0.914423,0.0345119,0.9816622511996499,0.931505,0.9999999952771466
1050.63,0.905707,0.0340375,0.9805154963863613,0.923705,0.9999999953607339
1050.86,0.875846,0.0331744,0.9794372945496235,0.894234,0.9999999954420431
1051.08,0.930524,0.0338877,0.9784697376498875,0.951000,0.9999999955212406
1051.31,0.959002,0.0340983,0.9776357412278919,0.980941,0.9999999955983991
1051.54,0.983973,0.0342371,0.9769416025933538,1.00720,0.9999999956735082
1051.77,1.01730,0.0345094,0.9763858573711518,1.04190,0.9999999957466790
1051.99,0.982788,0.0336301,0.9759661189971256,1.00699,0.9999999958179782
1052.22,0.953813,0.0328507,0.9756852800026927,0.977583,0.9999999958874324
1052.45,0.981132,0.0330360,0.9755486893552213,1.00572,0.9999999959552490
1052.67,0.964879,0.0324885,0.9755469409827519,0.989065,0.9999999960213033
1052.90,0.983356,0.0325261,0.9756335843354765,1.00792,0.9999999960857242
1053.13,0.964161,0.0319440,0.9757062718708738,0.988168,0.9999999961485662
1053.36,1.01297,0.0324745,0.9755974111105258,1.03831,0.9999999962098800
1053.58,1.00697,0.0321177,0.9750915149891702,1.03269,0.9999999962697155
1053.81,1.00909,0.0318947,0.9739667674113720,1.03606,0.9999999963281199
1054.04,0.994209,0.0314085,0.9720544936823291,1.02279,0.9999999963851385
1054.26,1.07517,0.0324031,0.9693011891178800,1.10922,0.9999999964408153
1054.49,1.08349,0.0322751,0.9658186137535892,1.12184,0.9999999964952206
1054.72,1.03761,0.0313424,0.9618939009969321,1.07871,0.9999999965483370
1054.94,0.972541,0.0301143,0.9579597582888330,1.01522,0.9999999966002326
1055.17,0.995458,0.0302357,0.9545145672585642,1.04289,0.9999999966509445
1055.40,0.999552,0.0300703,0.9520170998790674,1.04993,0.9999999967005355
1055.63,0.992766,0.0297454,0.9507828615276135,1.04416,0.9999999967489861
1055.85,1.06758,0.0306161,0.9509087205076346,1.12270,0.9999999967963571
1056.08,0.965725,0.0289093,0.9522545773596267,1.01415,0.9999999968426800
1056.31,0.989250,0.0290467,0.9544812785255168,1.03643,0.9999999968879860
1056.53,0.949959,0.0282610,0.9571362108173018,0.992501,0.9999999969323283
1056.76,0.991920,0.0286717,0.9597514476593673,1.03352,0.9999999969756879
1056.99,0.959247,0.0279979,0.9619357018206235,0.997205,0.9999999970181161
1057.22,0.986115,0.0281881,0.9634282741639619,1.02355,0.9999999970596403
1057.44,0.897990,0.0267155,0.9641124849999848,0.931417,0.9999999971003068
1057.67,0.992095,0.0278847,0.9639901282980604,1.02916,0.9999999971400977
1057.90,0.974043,0.0274424,0.9631334998022356,1.01133,0.9999999971790581
1058.12,0.909221,0.0263366,0.9616325519745389,0.945498,0.9999999972172116
1058.35,1.00680,0.0275258,0.9595477917439580,1.04925,0.9999999972545799
1058.58,0.927568,0.0262477,0.9568764389296416,0.969371,0.9999999972912239
1058.81,0.979105,0.0267885,0.9535518339082473,1.02680,0.9999999973270857
1059.03,1.00976,0.0270270,0.9494632277847135,1.06350,0.9999999973622062
1059.26,0.956892,0.0261417,0.9444742636789589,1.01315,0.9999999973966427
1059.49,0.947538,0.0258477,0.9384507976094381,1.00968,0.9999999974304126
1059.71,0.969652,0.0259815,0.9312850635667733,1.04120,0.9999999974635154
1059.94,0.877948,0.0245697,0.9229056257523472,0.951287,0.9999999974959517
1060.17,0.913166,0.0249009,0.9132735330392533,0.999883,0.9999999975277560
1060.39,0.850422,0.0238837,0.9023707659865562,0.942431,0.9999999975589449
1060.62,0.839423,0.0235842,0.8902002666016264,0.942960,0.9999999975895506
1060.85,0.861324,0.0237447,0.8768114519398007,0.982337,0.9999999976195555
1061.08,0.865878,0.0236645,0.8623635902751629,1.00408,0.9999999976489908
1061.30,0.851169,0.0233236,0.8472147424647920,1.00467,0.9999999976778715
1061.53,0.764276,0.0219733,0.8320212663869628,0.918578,0.9999999977062262
1061.76,0.713651,0.0211107,0.8177894785007732,0.872658,0.9999999977340526
1061.98,0.713436,0.0209853,0.8058398455804067,0.885333,0.9999999977613350
1062.21,0.698593,0.0206473,0.7976511253834664,0.875813,0.9999999977881451
1062.44,0.690085,0.0204048,0.7945835508891715,0.868487,0.9999999978144509
1062.67,0.768054,0.0214030,0.7975559497689391,0.963010,0.9999999978403069
1062.89,0.801889,0.0217464,0.8067656952817550,0.993956,0.9999999978656688
1063.12,0.815755,0.0218120,0.8215564717479459,0.992939,0.9999999978905760
1063.35,0.908371,0.0256941,0.8404860167590955,1.08077,0.9999999979150391
1063.57,0.859781,0.0248627,0.8615881984401699,0.997903,0.9999999979390692
1063.80,0.878962,0.0250026,0.8827520704469626,0.995707,0.9999999979626886
1064.03,0.857676,0.0245667,0.9021060985903634,0.950748,0.9999999979858822
1064.26,0.892428,0.0249260,0.9183100279299689,0.971816,0.9999999980086844
1064.48,0.827391,0.0238761,0.9306888824928734,0.889009,0.9999999980310801
1064.71,0.854216,0.0241334,0.9392134462446604,0.909501,0.9999999980530907
1064.94,0.867676,0.0241972,0.9443618438761502,0.918797,0.9999999980747367
1065.16,0.906195,0.0246013,0.9469193990602237,0.956993,0.9999999980960146
1065.39,0.963728,0.0252406,0.9477709135777830,1.01684,0.9999999981169216
1065.62,0.977620,0.0252941,0.9477194666048246,1.03155,0.9999999981374774
1065.85,0.978281,0.0251767,0.9473601309037198,1.03264,0.9999999981577008
1066.07,0.912926,0.0242024,0.9470173168515199,0.964002,0.9999999981775880
1066.30,0.895149,0.0238488,0.9467455646982467,0.945501,0.9999999981971259
1066.53,0.909834,0.0225064,0.9463861547700323,0.961378,0.9999999982163532
1066.75,0.919137,0.0213198,0.9456597229488189,0.971954,0.9999999982352767
1066.98,0.903074,0.0210323,0.9442679552173556,0.956375,0.9999999982538930
1067.21,0.852414,0.0203382,0.9419853184813721,0.904912,0.9999999982721985
1067.44,0.868937,0.0204378,0.9387216640479529,0.925661,0.9999999982902199
1067.66,0.827599,0.0198540,0.9345427775676016,0.885566,0.9999999983079435
1067.89,0.780890,0.0191975,0.9296584363622105,0.839975,0.9999999983253856
1068.12,0.747637,0.0186992,0.9243835008205514,0.808795,0.9999999983425616
1068.34,0.768182,0.0188681,0.9190894456734184,0.835808,0.9999999983594672
1068.57,0.785602,0.0189948,0.9141525682800916,0.859377,0.9999999983760997
1068.80,0.739992,0.0183540,0.9099038342217775,0.813264,0.9999999983924823
1069.02,0.785279,0.0188228,0.9065969701030301,0.866184,0.9999999984086030
1069.25,0.742699,0.0182259,0.9043927693057781,0.821213,0.9999999984244838
1069.48,0.773881,0.0185231,0.9033618675491391,0.856668,0.9999999984401218
1069.71,0.794872,0.0186913,0.9035021037627882,0.879768,0.9999999984555050
1069.93,0.803760,0.0187150,0.9047548783289761,0.888373,0.9999999984706716
1070.16,0.791651,0.0193665,0.9070109157908395,0.872814,0.9999999984856096
1070.39,0.779988,0.0213163,0.9101057156014106,0.857031,0.9999999985003236
1070.61,0.778686,0.0212094,0.9138080096081272,0.852134,0.9999999985148105
1070.84,0.839751,0.0219329,0.9178219417117649,0.914940,0.9999999985290897
1071.07,0.858962,0.0220907,0.9218052908663988,0.931826,0.9999999985431509
1071.30,0.851975,0.0219110,0.9254181558990312,0.920638,0.9999999985570127
1071.52,0.851228,0.0218126,0.9283819168338091,0.916895,0.9999999985706720
1071.75,0.873748,0.0220101,0.9305327752685182,0.938977,0.9999999985841255
1071.98,0.828343,0.0213458,0.9318466809270231,0.888926,0.9999999985973844
1072.20,0.893193,0.0220767,0.9324317902078568,0.957918,0.9999999986104593
1072.43,0.836437,0.0212807,0.9324875826807016,0.896996,0.9999999986233468
1072.66,0.849777,0.0213657,0.9322533785433829,0.911530,0.9999999986360504
1072.89,0.797423,0.0206177,0.9319549509046080,0.855646,0.9999999986485670
1073.11,0.825113,0.0208914,0.9317696885063511,0.885534,0.9999999986609069
1073.34,0.824065,0.0207983,0.9318124217050602,0.884368,0.9999999986730801
1073.57,0.861242,0.0200159,0.9321377883267795,0.923943,0.9999999986850829
1073.79,0.853060,0.0180103,0.9327551018242082,0.914559,0.9999999986969124
1074.02,0.855353,0.0179669,0.9336468272169075,0.916142,0.9999999987085841
1074.25,0.926079,0.0186245,0.9347822890787821,0.990690,0.9999999987200952
1074.48,0.980160,0.0190893,0.9361282904356577,1.04704,0.9999999987314359
1074.70,0.972980,0.0189494,0.9376545038748403,1.03767,0.9999999987426398
1074.93,0.993713,0.0190801,0.9393291884669495,1.05790,0.9999999987536852
1075.16,1.02649,0.0193216,0.9411133149320907,1.09072,0.9999999987645756
1075.38,1.01190,0.0191148,0.9429526328723721,1.07312,0.9999999987753194
1075.61,1.05516,0.0194489,0.9447677554277703,1.11684,0.9999999987859247
1075.84,1.05727,0.0193990,0.9464528625237613,1.11708,0.9999999987963886
1076.07,0.985190,0.0186605,0.9478832944194153,1.03936,0.9999999988067134
1076.29,0.954089,0.0182993,0.9489319539917378,1.00543,0.9999999988169017
1076.52,0.953703,0.0182316,0.9494914100112285,1.00444,0.9999999988269503
1076.75,0.973031,0.0183513,0.9494979748773206,1.02478,0.9999999988368726
1076.97,0.990025,0.0184468,0.9489448423479359,1.04329,0.9999999988466655
1077.20,1.00371,0.0185100,0.9478902348646674,1.05889,0.9999999988563262
1077.43,0.973514,0.0181676,0.9464487265472197,1.02860,0.9999999988658670
1077.66,1.01538,0.0184909,0.9447739238507332,1.07473,0.9999999988752848
1077.88,1.03896,0.0186412,0.9430334950182021,1.10172,0.9999999988845722
1078.11,1.01476,0.0183614,0.9413883138141177,1.07794,0.9999999988937558
1078.34,0.944391,0.0176551,0.9399692588599852,1.00470,0.9999999989028179
1078.56,0.980089,0.0179259,0.9388673048476852,1.04391,0.9999999989117605
1078.79,0.931366,0.0174177,0.9381249694352243,0.992795,0.9999999989205952
1079.02,0.944054,0.0174786,0.9377327386838662,1.00674,0.9999999989293145
1079.25,0.954652,0.0175193,0.9376284581933607,1.01816,0.9999999989379342
1079.47,0.966066,0.0175669,0.9377055483358386,1.03025,0.9999999989464421
1079.70,0.954822,0.0174085,0.9378248954186531,1.01812,0.9999999989548403
1079.93,0.944665,0.0172606,0.9378387263272665,1.00728,0.9999999989631350
1080.15,0.944969,0.0172089,0.9376172364170022,1.00784,0.9999999989713320
1080.38,0.870907,0.0164695,0.9370742011830152,0.929390,0.9999999989794290
1080.61,0.862700,0.0163407,0.9361775122366425,0.921514,0.9999999989874275
1080.84,0.746341,0.0158697,0.9349461643719490,0.798272,0.9999999989953290
1081.06,0.658490,0.0165465,0.9334255795775080,0.705456,0.9999999990031310
1081.29,0.566979,0.0153084,0.9316592362212652,0.608569,0.9999999990108432
1081.52,0.565589,0.0152431,0.9296572817072881,0.608384,0.9999999990184592
1081.74,0.544241,0.0149078,0.9273881524006717,0.586854,0.9999999990259922
1081.97,0.542198,0.0148351,0.9247898591768803,0.586294,0.9999999990334321
1082.20,0.541386,0.0147798,0.9217986141197994,0.587315,0.9999999990407840
1082.43,0.559410,0.0149789,0.9183797419418087,0.609128,0.9999999990480453
1082.65,0.596329,0.0154190,0.9145515576564421,0.652046,0.9999999990552251
1082.88,0.594432,0.0153494,0.9103896878490971,0.652943,0.9999999990623250
1083.11,0.656306,0.0160805,0.9060180516649480,0.724385,0.9999999990693349
1083.33,0.665042,0.0161403,0.9015950886323280,0.737628,0.9999999990762671
1083.56,0.644508,0.0158439,0.8973076084542099,0.718269,0.9999999990831157
1083.79,0.683391,0.0162677,0.8933732478419155,0.764956,0.9999999990898891
1084.02,0.665687,0.0160104,0.8900456943037527,0.747925,0.9999999990965851
1084.24,0.671127,0.0160303,0.8876114717200446,0.756104,0.9999999991032082
1084.47,0.668145,0.0159500,0.8863555280725008,0.753812,0.9999999991097488
1084.70,0.670116,0.0159292,0.8865083082410069,0.755906,0.9999999991162156
1084.92,0.680345,0.0160059,0.8881789767643614,0.766000,0.9999999991226132
1085.15,0.700943,0.0162016,0.8913045345380176,0.786424,0.9999999991289421
1085.38,0.726155,0.0164452,0.8956337672940403,0.810773,0.9999999991351969
1085.61,0.770713,0.0168959,0.9007556987412561,0.855629,0.9999999991413786
1085.83,0.773945,0.0168858,0.9061615079624464,0.854092,0.9999999991474950
1086.06,0.778245,0.0168874,0.9113223980581326,0.853974,0.9999999991535440
1086.29,0.774132,0.0167982,0.9157563724742714,0.845348,0.9999999991595228
1086.51,0.762100,0.0166235,0.9190764476464947,0.829203,0.9999999991654425
1086.74,0.788034,0.0168595,0.9210107091901357,0.855619,0.9999999991712942
1086.97,0.797933,0.0169209,0.9214036957621196,0.865997,0.9999999991770794
1087.20,0.779561,0.0166820,0.9202089240627277,0.847157,0.9999999991828046
1087.42,0.746484,0.0162828,0.9174818684870890,0.813623,0.9999999991884680
1087.65,0.749755,0.0162769,0.9133778764072950,0.820860,0.9999999991940736
1087.88,0.773372,0.0164893,0.9081540435684601,0.851587,0.9999999991996129
1088.10,0.742938,0.0161214,0.9021732220387166,0.823498,0.9999999992050961
1088.33,0.701689,0.0156289,0.8958965828939075,0.783226,0.9999999992105206
1088.56,0.717948,0.0157696,0.8898602200203456,0.806810,0.9999999992158879
1088.79,0.724617,0.0181225,0.8846292934251306,0.819120,0.9999999992211983
1089.01,0.737683,0.0198774,0.8807266606728527,0.837585,0.9999999992264528
1089.24,0.736772,0.0198170,0.8785501983585368,0.838623,0.9999999992316519
1089.47,0.783570,0.0203870,0.8782998871893980,0.892144,0.9999999992367943
1089.69,0.861579,0.0213258,0.8799356664861706,0.979139,0.9999999992418882
1089.92,0.806053,0.0205788,0.8831825106701788,0.912669,0.9999999992469240
1090.15,0.775093,0.0201325,0.8875873608726468,0.873258,0.9999999992519131
1090.38,0.773031,0.0200587,0.8926123534344385,0.866033,0.9999999992568480
1090.60,0.807229,0.0204495,0.8977375467739933,0.899181,0.9999999992617321
1090.83,0.833903,0.0207364,0.9025427115522897,0.923949,0.9999999992665665
1091.06,0.843417,0.0208065,0.9067524013275812,0.930151,0.9999999992713515
1091.29,0.851325,0.0208562,0.9102369681253625,0.935279,0.9999999992760904
1091.51,0.789039,0.0200340,0.9129880433059628,0.864238,0.9999999992807787
1091.74,0.808271,0.0202310,0.9150829341283869,0.883276,0.9999999992854172
1091.97,0.773953,0.0197531,0.9166492012017662,0.844329,0.9999999992900115
1092.19,0.778523,0.0174677,0.9178409100927126,0.848212,0.9999999992945598
1092.42,0.807526,0.0160747,0.9188187416059430,0.878874,0.9999999992990627
1092.65,0.855894,0.0165126,0.9197352824434987,0.930587,0.9999999993035209
1092.88,0.910826,0.0169969,0.9207090179860793,0.989267,0.9999999993079347
1093.10,0.892712,0.0167910,0.9217939954768317,0.968451,0.9999999993123050
1093.33,0.942012,0.0172112,0.9229509767724661,1.02065,0.9999999993166322
1093.56,0.921440,0.0169863,0.9240323450331807,0.997195,0.9999999993209168
1093.78,0.940004,0.0171203,0.9247977075771572,1.01644,0.9999999993251618
1094.01,0.987900,0.0175140,0.9249515809392422,1.06806,0.9999999993293633
1094.24,0.990601,0.0175015,0.9242045703715064,1.07184,0.9999999993335240
1094.47,0.928975,0.0169139,0.9223417033876903,1.00719,0.9999999993376443
1094.69,0.971153,0.0172580,0.9192746437328508,1.05643,0.9999999993417248
1094.92,0.918680,0.0167515,0.9150696102362152,1.00395,0.9999999993457660
1095.15,0.925620,0.0167807,0.9099380217538728,1.01723,0.9999999993497684
1095.37,0.939779,0.0168747,0.9041978540798538,1.03935,0.9999999993537327
1095.60,0.948112,0.0169156,0.8982165796524477,1.05555,0.9999999993576572
1095.83,0.920348,0.0166334,0.8923522493037498,1.03137,0.9999999993615465
1096.06,0.902982,0.0164435,0.8869087477605648,1.01812,0.9999999993653990
1096.28,0.890533,0.0162981,0.8821165685234478,1.00954,0.9999999993692170
1096.51,0.895710,0.0163138,0.8781370134424469,1.02001,0.9999999993729973
1096.74,0.909141,0.0164041,0.8750915414202884,1.03891,0.9999999993767421
1096.96,0.879459,0.0161036,0.8730944406122045,1.00729,0.9999999993804518
1097.19,0.877606,0.0160562,0.8722774413745976,1.00611,0.9999999993841271
1097.42,0.861163,0.0158754,0.8727859865334088,0.986684,0.9999999993877684
1097.65,0.865243,0.0158833,0.8747486909834171,0.989133,0.9999999993913780
1097.87,0.864953,0.0158513,0.8782181431275735,0.984895,0.9999999993949522
1098.10,0.817531,0.0153827,0.8831163067313379,0.925735,0.9999999993984936
1098.33,0.803607,0.0152234,0.8892007769893124,0.903742,0.9999999994020026
1098.55,0.838319,0.0155204,0.8960738502027986,0.935547,0.9999999994054793
1098.78,0.789536,0.0150354,0.9032386866665143,0.874117,0.9999999994089246
1099.01,0.802972,0.0151357,0.9101841300560162,0.882209,0.9999999994123405
1099.24,0.802973,0.0151089,0.9164699839806628,0.876159,0.9999999994157236
1099.46,0.834753,0.0176355,0.9217918131955104,0.905577,0.9999999994190765
1099.69,0.810310,0.0189007,0.9260023282750824,0.875063,0.9999999994223987
1099.92,0.826384,0.0190540,0.9290934829059401,0.889453,0.9999999994256916
