873.076,0.0156879,0.109591,0.4920497244153220,0.760831,-0.270010
873.302,0.236849,0.282590,0.4740328791574140,0.724574,-0.236274
873.529,0.0721433,0.230634,0.4567649171551100,0.688297,-0.202519
873.756,0.0978356,0.258443,0.4408477429619285,0.652050,-0.168792
873.983,0.0152633,0.264895,0.4267191298076754,0.615773,-0.135038
874.209,0.0141013,0.257457,0.4146307553482333,0.579516,-0.101302
874.436,0.0163636,0.250169,0.4046526941915076,0.543259,-0.0675656
874.663,0.0319197,0.252245,0.3966990529456143,0.507011,-0.0338385
874.889,0.0479604,0.255840,0.3905711727529387,0.470735,-8.41912e-05
875.116,0.0668435,0.226600,0.3860014502396180,0.434477,0.0336520
875.343,0.0571263,0.210783,0.3826963564199254,0.398210,0.0673972
875.570,0.0377755,0.230282,0.3803692753775863,0.361944,0.101142
875.796,-0.0105776,0.205609,0.3787648381973937,0.325677,0.134888
876.023,-0.0434875,0.185779,0.3776716889041504,0.289419,0.168624
876.250,-0.0449218,0.195578,0.3769255702483167,0.253162,0.202360
876.476,-0.0446983,0.194417,0.3764057132471414,0.216895,0.236105
876.703,-0.0150351,0.163773,0.3760269471213918,0.180638,0.269841
876.930,-0.0289897,0.176906,0.3757327676568277,0.144381,0.303578
877.157,-0.0432727,0.171490,0.3754875284098959,0.108104,0.337332
877.383,-0.0287678,0.155978,0.3752693591777970,0.0718471,0.371068
877.610,-0.000815248,0.165697,0.3750652986111131,0.0355900,0.404804
877.837,-0.0143975,0.178444,0.3748684322452251,-0.000667199,0.438540
878.063,-0.0138420,0.176957,0.3746750754507451,-0.0369439,0.472295
878.290,-0.0274127,0.189501,0.3744846246910648,-0.0732011,0.506031
878.517,-0.00509611,0.198970,0.3742939871750169,-0.0136153,0.531588
878.744,-0.0409554,0.196833,0.3741028533916907,-0.109476,0.526148
878.970,-0.0354176,0.191616,0.3739114729722937,-0.0947218,0.512463
879.197,-0.0122064,0.190777,0.3737198057778131,-0.0326620,0.510482
879.424,0.0285509,0.190908,0.3735279661591188,0.0764357,0.511093
879.650,-0.00178602,0.188731,0.3733357374446663,-0.00478395,0.505525
879.877,0.0158572,0.191604,0.3731432630377410,0.0424964,0.513486
880.104,0.0161448,0.190248,0.3729506126620893,0.0432893,0.510116
880.331,-0.00110834,0.184582,0.3727575149202445,-0.00297336,0.495179
880.557,-0.0188361,0.182203,0.3725641274718792,-0.0505579,0.489051
880.784,0.0155729,0.185895,0.3723703941332633,0.0418209,0.499220
881.011,-0.0184508,0.197276,0.3721765788702899,-0.0495753,0.530060
881.238,-0.0181086,0.195962,0.3719823194945427,-0.0486814,0.526805
881.464,-0.0344950,0.211321,0.3717879211746664,-0.0927814,0.568391
881.691,-0.0180160,0.210792,0.3715931694393347,-0.0484831,0.567265
881.918,-0.0213002,0.207350,0.3713981705211276,-0.0573513,0.558295
882.145,0.0673615,0.198037,0.3712028034913742,0.181468,0.533501
882.371,0.0512131,0.212070,0.3710072157521944,0.138038,0.571606
882.598,0.0636123,0.197626,0.3708112271706486,0.171549,0.532957
882.825,0.0265772,0.194834,0.3706151411131821,0.0717110,0.525705
883.051,0.00439531,0.182496,0.3704186387743782,0.0118658,0.492675
883.278,-0.0473700,0.167832,0.3702218060187334,-0.127950,0.453329
883.505,-0.0236152,0.143317,0.3700248331457890,-0.0638207,0.387318
883.732,0.0223781,0.139970,0.3698275143179760,0.0605095,0.378474
883.958,0.0678997,0.136653,0.3696298379334605,0.183696,0.369703
884.185,0.101435,0.144971,0.3694320347492128,0.274569,0.392416
884.412,0.0896365,0.140759,0.3692338277532288,0.242763,0.381219
884.639,0.111778,0.148575,0.3690353644945230,0.302893,0.402602
884.865,0.0775243,0.138668,0.3688366004470594,0.210186,0.375962
885.092,0.0325977,0.139864,0.3686375603247672,0.0884274,0.379408
885.319,0.00998369,0.133366,0.3684382294795808,0.0270973,0.361977
885.546,0.0209735,0.135854,0.3682386771251077,0.0569563,0.368930
885.772,-0.00106410,0.126645,0.3680388324376313,-0.00289126,0.344108
885.999,0.00990990,0.129178,0.3678385544676232,0.0269409,0.351181
886.226,0.0210570,0.117568,0.3676381330115264,0.0572765,0.319792
886.453,-0.000401181,0.124323,0.3674374508052726,-0.00109184,0.338352
886.679,0.00991942,0.128642,0.3672363928449061,0.0270110,0.350298
886.906,0.0415070,0.136410,0.3670350535158031,0.113087,0.371653
887.133,0.0413224,0.135655,0.3668334549806687,0.112646,0.369801
887.360,0.0309206,0.145431,0.3666316513338760,0.0843369,0.396668
887.586,0.0414973,0.134236,0.3664294765311036,0.113248,0.366336
887.813,0.0101913,0.135843,0.3662270143010901,0.0278279,0.370926
888.040,0.0196790,0.139900,0.3660243089366610,0.0537642,0.382216
888.267,0.0498128,0.149229,0.3658213404765532,0.136167,0.407928
888.493,0.0700689,0.141337,0.3656179613352997,0.191645,0.386571
888.720,0.110259,0.153586,0.3654144275786025,0.301738,0.420308
888.947,0.120336,0.142775,0.3652105347320585,0.329497,0.390939
889.174,0.0894476,0.132254,0.3650064710799891,0.245058,0.362332
889.400,0.0587380,0.121725,0.3648020024902053,0.161013,0.333674
889.627,0.0683862,0.125798,0.3645972002800144,0.187566,0.345033
889.854,0.0380654,0.115446,0.3643922197711456,0.104463,0.316818
890.081,0.0282442,0.124725,0.3641869916864988,0.0775542,0.342475
890.307,0.0183495,0.121264,0.3639814435984006,0.0504133,0.333160
890.534,0.00864583,0.117879,0.3637755719453162,0.0237669,0.324044
890.761,-0.0108013,0.109817,0.3635695430363953,-0.0297091,0.302051
890.988,-0.00115237,0.113833,0.3633629619662984,-0.00317140,0.313277
891.214,0.00883648,0.103641,0.3631563379050881,0.0243324,0.285389
891.441,0.0376741,0.110792,0.3629493820285677,0.103800,0.305256
891.668,0.0283489,0.119814,0.3627421391627270,0.0781516,0.330302
891.895,0.0472367,0.126644,0.3625345554710617,0.130296,0.349330
892.121,0.0469473,0.126118,0.3623267551749720,0.129572,0.348077
892.348,0.0563792,0.128424,0.3621187099486431,0.155692,0.354645
892.575,0.0373318,0.123141,0.3619102731718277,0.103152,0.340254
892.802,0.0931509,0.125303,0.3617015328101997,0.257535,0.346427
893.028,0.102204,0.125038,0.3614925869821313,0.282728,0.345892
893.255,0.0928345,0.120076,0.3612833229753019,0.256958,0.332359
893.482,0.101908,0.123976,0.3610737762042449,0.282237,0.343353
893.709,0.0926542,0.120857,0.3608640616898362,0.256756,0.334909
893.935,0.0374120,0.117588,0.3606538556257236,0.103734,0.326040
894.162,0.000714624,0.118873,0.3604436808001670,0.00198262,0.329796
894.389,-0.00860548,0.115794,0.3602328685314001,-0.0238887,0.321442
894.616,-0.0359905,0.117374,0.3600219185879575,-0.0999674,0.326019
894.843,-0.0182472,0.123932,0.3598107259760553,-0.0507134,0.344436
895.069,0.00845902,0.121426,0.3595992749427918,0.0235235,0.337671
895.296,0.0172964,0.112052,0.3593874221043967,0.0481275,0.311785
895.523,0.0349904,0.118556,0.3591754499085876,0.0974187,0.330079
895.750,0.0791776,0.120484,0.3589630225531275,0.220573,0.335643
895.976,0.0700671,0.115855,0.3587503845175422,0.195309,0.322939
896.203,0.0347837,0.126128,0.3585374811593423,0.0970156,0.351784
896.430,0.0783693,0.137031,0.3583242757133192,0.218711,0.382421
896.657,0.0866356,0.136808,0.3581107218731270,0.241924,0.382028
896.883,0.0701505,0.133113,0.3578965934719422,0.196008,0.371931
897.110,0.0879522,0.143565,0.3576820322618840,0.245895,0.401375
897.337,0.111096,0.134814,0.3574666831893707,0.310786,0.377138
897.564,0.0850232,0.132938,0.3572505077873190,0.237993,0.372114
897.791,0.0878701,0.140752,0.3570327662515275,0.246112,0.394226
898.017,0.0862471,0.142227,0.3568127262722811,0.241715,0.398604
898.244,0.0536567,0.134634,0.3565897031747055,0.150472,0.377559
898.471,0.0879202,0.140665,0.3563619961709406,0.246716,0.394726
898.698,0.0877034,0.140178,0.3561285394392523,0.246269,0.393617
898.924,0.0531816,0.130880,0.3558874886184564,0.149434,0.367758
899.151,0.0188862,0.138424,0.3556367078168562,0.0531054,0.389228
899.378,0.0303868,0.140798,0.3553756693963875,0.0855061,0.396195
899.605,0.0187328,0.139996,0.3551039893150217,0.0527531,0.394239
899.832,-0.0152059,0.147512,0.3548231696170569,-0.0428549,0.415735
900.058,0.00751720,0.150464,0.3545354983820623,0.0212029,0.424397
900.285,0.0752277,0.153025,0.3542454597744166,0.212361,0.431976
900.512,0.0635740,0.148621,0.3539582886366612,0.179609,0.419884
900.739,0.0353498,0.133608,0.3536794775974718,0.0999485,0.377766
900.966,0.0766756,0.122676,0.3534130632573851,0.216958,0.347118
901.192,0.0680017,0.115593,0.3531603250645109,0.192552,0.327309
901.419,0.0258431,0.0976446,0.3529184334147046,0.0732267,0.276677
901.646,0.0320419,0.0927682,0.3526809112876235,0.0908525,0.263037
901.873,0.0403902,0.0948912,0.3524372565327863,0.114603,0.269243
902.099,0.0323430,0.0943201,0.3521740254577911,0.0918382,0.267822
902.326,0.0404916,0.0978679,0.3518795815206121,0.115072,0.278129
902.553,0.0325421,0.0951979,0.3515456621132501,0.0925686,0.270798
902.780,0.0245889,0.102947,0.3511708761884664,0.0700199,0.293153
903.007,0.0326054,0.106452,0.3507617039738984,0.0929560,0.303489
903.233,0.00868719,0.108003,0.3503329082453368,0.0247969,0.308288
903.460,0.000741650,0.103935,0.3499043959306103,0.00211958,0.297038
903.687,-0.0149126,0.119497,0.3494980057852712,-0.0426687,0.341911
903.914,-0.00681500,0.111286,0.3491342476527750,-0.0195197,0.318748
904.140,-0.00694482,0.110995,0.3488277915224699,-0.0199090,0.318195
904.367,0.0244762,0.109099,0.3485873842700580,0.0702153,0.312973
904.594,0.0243482,0.108801,0.3484159939008825,0.0698825,0.312275
904.821,0.0634722,0.0990566,0.3483142288922416,0.182227,0.284389
905.048,0.0868252,0.105021,0.3482833298370052,0.249295,0.301538
905.275,0.0866915,0.104734,0.3483283041512590,0.248879,0.300677
905.501,0.0554867,0.106003,0.3484591321837241,0.159234,0.304205
905.728,0.0784272,0.113317,0.3486891367273266,0.224920,0.324980
905.955,0.0471745,0.114569,0.3490313833840872,0.135158,0.328249
906.182,0.0313375,0.110468,0.3494936987247558,0.0896653,0.316081
906.409,0.0232940,0.106595,0.3500747420060163,0.0665401,0.304492
906.635,0.0536787,0.104790,0.3507602990149303,0.153035,0.298752
906.862,0.0152188,0.102363,0.3515275268919293,0.0432933,0.291195
907.089,0.0228377,0.0944791,0.3523508563187910,0.0648151,0.268139
907.316,4.67008e-05,0.107097,0.3531991122617789,0.000132222,0.303220
907.543,0.00757563,0.110363,0.3540498344675762,0.0213971,0.311716
907.769,-0.0151058,0.104031,0.3549068340636690,-0.0425626,0.293123
907.996,0.00765851,0.102032,0.3558121556957043,0.0215240,0.286758
908.223,0.00936585,0.105270,0.3568614295698626,0.0262451,0.294988
908.450,0.0101746,0.105507,0.3582228131367343,0.0284030,0.294528
908.677,-0.0191325,0.115007,0.3601586697382355,-0.0531225,0.319322
908.903,-0.0334388,0.130218,0.3630445255373353,-0.0921067,0.358683
909.130,-0.0325104,0.132482,0.3673807771294557,-0.0884923,0.360613
909.357,-0.0384007,0.134100,0.3737974141574897,-0.102731,0.358751
909.584,-0.0184040,0.126147,0.3830464936999726,-0.0480464,0.329325
909.811,0.00149417,0.118272,0.3959613470805352,0.00377354,0.298696
910.037,0.0313679,0.110895,0.4133820002655221,0.0758811,0.268262
910.264,0.0112009,0.107682,0.4360622446767775,0.0256866,0.246943
910.491,0.0408619,0.115095,0.4645526295189960,0.0879596,0.247754
910.718,0.0395334,0.113537,0.4990772402545526,0.0792130,0.227495
910.945,0.0268923,0.113830,0.5394305987196935,0.0498530,0.211019
911.171,0.0256129,0.111004,0.5849149245859964,0.0437891,0.189777
911.398,0.0368805,0.107684,0.6343428569716243,0.0581397,0.169757
911.625,0.0185705,0.0967310,0.6861111734646620,0.0270663,0.140984
911.852,0.00687079,0.0973563,0.7383466272198644,0.00930564,0.131857
912.079,0.0136626,0.0889272,0.7891025399435548,0.0173141,0.112694
912.305,-0.000827109,0.0831690,0.8365703865112254,-0.000988690,0.0994166
912.532,0.00615111,0.0863584,0.8792825111758565,0.00699560,0.0982146
912.759,-0.0153849,0.0982798,0.9162523959662831,-0.0167911,0.107263
912.986,0.0341957,0.100244,0.9470473232851248,0.0361077,0.105849
913.213,0.0269393,0.107122,0.9717747029083149,0.0277218,0.110234
913.440,0.0621727,0.116048,0.9909927238150696,0.0627378,0.117103
913.666,0.0549710,0.112413,1.005566252103126,0.0546667,0.111791
913.893,0.0691004,0.0980391,1.016504967275230,0.0679784,0.0964473
914.120,0.0336595,0.0906350,1.024807991708918,0.0328447,0.0884409
914.347,0.0546102,0.0888017,1.031339449475802,0.0529508,0.0861033
914.574,0.00533778,0.0934880,1.036748223423699,0.00514858,0.0901742
914.800,0.00513620,0.0933061,1.041448875005907,0.00493178,0.0895926
915.027,0.0188746,0.0984574,1.045637415213909,0.0180509,0.0941602
915.254,0.0117042,0.0962130,1.049340365152849,0.0111539,0.0916890
915.481,0.0321933,0.0996156,1.052471054006628,0.0305883,0.0946493
915.708,0.0597307,0.0908491,1.054888379270626,0.0566228,0.0861220
915.935,0.0733467,0.0941647,1.056433924077806,0.0694286,0.0891345
916.161,0.0662787,0.0907023,1.056960000056013,0.0627070,0.0858143
916.388,0.0730818,0.0925916,1.056350509293132,0.0691833,0.0876523
916.615,0.0404666,0.0777078,1.054510372623134,0.0383748,0.0736909
916.842,0.0312131,0.0794879,1.051360886820818,0.0296883,0.0756047
917.069,0.0521958,0.0905050,1.046841291729194,0.0498602,0.0864553
917.296,0.0775437,0.100643,1.040912919102436,0.0744959,0.0966876
917.522,0.130413,0.115358,1.033553562781353,0.126179,0.111613
917.749,0.132910,0.128080,1.024745475297089,0.129701,0.124987
917.976,0.151188,0.132654,1.014472467945736,0.149031,0.130762
918.203,0.141688,0.128021,1.002693140615343,0.141308,0.127677
918.430,0.141437,0.127709,0.9893224255609103,0.142963,0.129087
918.657,0.0954164,0.118143,0.9742198656924532,0.0979414,0.121269
918.883,0.0953765,0.117863,0.9571894326771500,0.0996422,0.123134
919.110,0.122530,0.122370,0.9380170902522791,0.130627,0.130457
919.337,0.113208,0.121841,0.9165351821726625,0.123518,0.132937
919.564,0.0857891,0.116616,0.8927147410874970,0.0960991,0.130630
919.791,0.103753,0.121013,0.8667619082058138,0.119702,0.139615
920.018,0.119786,0.124146,0.8391851709601760,0.142741,0.147936
920.244,0.0872733,0.115312,0.8108210755214982,0.107636,0.142217
920.471,0.0714949,0.105375,0.7827846157980360,0.0913341,0.134616
920.698,0.0870073,0.103531,0.7563485270813676,0.115036,0.136882
920.925,0.0820145,0.0998362,0.7327716260204279,0.111924,0.136245
921.152,0.101035,0.0981393,0.7131152637682484,0.141681,0.137621
921.379,0.123191,0.0988019,0.6980872358295506,0.176469,0.141532
921.605,0.155798,0.105342,0.6879679125323214,0.226461,0.153121
921.832,0.129305,0.106475,0.6826379124494907,0.189420,0.155976
922.059,0.155300,0.109763,0.6816747215133805,0.227821,0.161020
922.286,0.200929,0.116172,0.6845172585685970,0.293533,0.169713
922.513,0.226867,0.122377,0.6906445870915795,0.328486,0.177193
922.740,0.226566,0.122267,0.6997034270021492,0.323802,0.174742
922.967,0.258893,0.123945,0.7115506736395624,0.363843,0.174190
923.193,0.232590,0.120380,0.7262026076774846,0.320282,0.165766
923.420,0.199831,0.116875,0.7437072165813632,0.268696,0.157151
923.647,0.180127,0.113494,0.7639857268842197,0.235773,0.148555
923.874,0.212481,0.119790,0.7866893078969428,0.270095,0.152270
924.101,0.238260,0.123071,0.8111284361396167,0.293738,0.151728
924.328,0.283456,0.129615,0.8362972911423593,0.338942,0.154987
924.554,0.296163,0.132687,0.8609889774955181,0.343980,0.154109
924.781,0.334860,0.136079,0.8839743492587914,0.378812,0.153940
925.008,0.393037,0.142547,0.9041946001036137,0.434682,0.157651
925.235,0.425229,0.145833,0.9209285815037404,0.461739,0.158354
925.462,0.405525,0.142522,0.9338876594004220,0.434234,0.152612
925.689,0.398782,0.139369,0.9432079998975746,0.422793,0.147761
925.916,0.359747,0.135860,0.9493671426901523,0.378934,0.143106
926.142,0.282103,0.126104,0.9530320807204157,0.296006,0.132319
926.369,0.230339,0.119474,0.9548946142520824,0.241219,0.125118
926.596,0.223857,0.119407,0.9555239311883758,0.234277,0.124965
926.823,0.231521,0.124624,0.9552667664830591,0.242363,0.130460
927.050,0.261709,0.133609,0.9542147969997935,0.274266,0.140019
927.277,0.267777,0.138157,0.9522422168924265,0.281207,0.145086
927.503,0.266815,0.141459,0.9490845116314496,0.281129,0.149048
927.730,0.261805,0.145736,0.9444428307554195,0.277206,0.154309
927.957,0.262721,0.149260,0.9380785061218452,0.280063,0.159112
928.184,0.245218,0.145049,0.9298878998895300,0.263707,0.155986
928.411,0.271831,0.149571,0.9199374179466493,0.295488,0.162588
928.638,0.307040,0.158284,0.9084706435026237,0.337974,0.174231
928.865,0.377645,0.167600,0.8958856695964043,0.421533,0.187078
929.091,0.413112,0.172245,0.8826974202590508,0.468010,0.195135
929.318,0.434064,0.174855,0.8695010120810279,0.499210,0.201098
929.545,0.460180,0.172585,0.8569371239468202,0.537006,0.201398
929.772,0.471268,0.167306,0.8456639734380791,0.557276,0.197840
929.999,0.425314,0.157172,0.8363340241817256,0.508545,0.187930
930.226,0.407894,0.147399,0.8295692359242032,0.491694,0.177682
930.453,0.381051,0.140461,0.8259359228899297,0.461357,0.170063
930.680,0.368608,0.140560,0.8259202955167114,0.446299,0.170186
930.906,0.342725,0.137416,0.8298970374043014,0.412972,0.165582
931.133,0.323331,0.134296,0.8381032430192026,0.385789,0.160238
931.360,0.284360,0.130969,0.8506152470182986,0.334299,0.153970
931.587,0.284521,0.131101,0.8673314358405264,0.328042,0.151155
931.814,0.291844,0.131361,0.8879604146902814,0.328668,0.147936
932.041,0.285415,0.131437,0.9120266057865415,0.312945,0.144116
932.268,0.318619,0.135144,0.9388717942588933,0.339363,0.143943
932.494,0.384981,0.142176,0.9676697601841540,0.397843,0.146927
932.721,0.438226,0.149065,0.9974546693816313,0.439344,0.149445
932.948,0.465611,0.152675,1.027158910792532,0.453300,0.148638
933.175,0.525679,0.159705,1.055672305320386,0.497957,0.151282
933.402,0.633097,0.173255,1.081902792614319,0.585170,0.160139
933.629,0.774598,0.186949,1.104834159754507,0.701099,0.169210
933.856,0.969862,0.204101,1.123589384212502,0.863181,0.181651
934.083,1.03790,0.211186,1.137483467729155,0.912451,0.185661
934.309,1.26739,0.231688,1.146040254646273,1.10589,0.202164
934.536,1.30934,0.235445,1.148988117889232,1.13956,0.204915
934.763,1.25782,0.232515,1.146241714302962,1.09734,0.202850
934.990,1.20699,0.229604,1.137873915023924,1.06074,0.201783
935.217,1.31669,0.245425,1.124095581179663,1.17133,0.218331
935.444,1.12077,0.234113,1.105255653127936,1.01403,0.211818
935.671,1.14392,0.242402,1.081868133860720,1.05736,0.224059
935.898,1.09907,0.245314,1.054656836900618,1.04211,0.232601
936.124,1.07604,0.249381,1.024601252763820,1.05020,0.243393
936.351,1.03655,0.245835,0.9929608291329520,1.04389,0.247578
936.578,1.05521,0.250480,0.9612584738471933,1.09774,0.260575
936.805,0.936624,0.238086,0.9311998172393120,1.00582,0.255677
937.032,0.921147,0.234368,0.9045278324216618,1.01837,0.259105
937.259,0.801816,0.221809,0.8828360369608608,0.908228,0.251246
937.486,0.656698,0.209201,0.8673644448323801,0.757119,0.241192
937.713,0.597239,0.201049,0.8588259019214197,0.695413,0.234097
937.940,0.501873,0.188119,0.8573018369429575,0.585409,0.219431
938.166,0.485999,0.188525,0.8622177483314900,0.563662,0.218651
938.393,0.460739,0.184635,0.8724224984278502,0.528115,0.211634
938.620,0.490804,0.187623,0.8863519239039650,0.553734,0.211680
938.847,0.574845,0.190856,0.9022340367694968,0.637135,0.211537
939.074,0.692136,0.199685,0.9183024878728023,0.753712,0.217450
939.301,0.657625,0.188028,0.9329807820485865,0.704865,0.201535
939.528,0.731163,0.192121,0.9450110750847638,0.773708,0.203300
939.755,0.760867,0.188622,0.9535219807633646,0.797954,0.197816
939.982,0.741637,0.189091,0.9580386423177655,0.774120,0.197374
940.208,0.808117,0.196706,0.9584514081916646,0.843149,0.205233
940.435,0.909710,0.207872,0.9549716814017587,0.952604,0.217674
940.662,0.889952,0.208214,0.9480762770921416,0.938692,0.219617
940.889,0.892420,0.208779,0.9384636275928697,0.950937,0.222469
941.116,0.865617,0.205756,0.9270136282606640,0.933769,0.221956
941.343,0.781513,0.199027,0.9147482148114801,0.854348,0.217576
941.570,0.776978,0.199571,0.9027829775568145,0.860647,0.221062
941.797,0.727613,0.192826,0.8922686054694418,0.815464,0.216108
942.024,0.723014,0.193343,0.8843147108729615,0.817598,0.218636
942.250,0.793315,0.206622,0.8799051087856552,0.901591,0.234823
942.477,0.780182,0.211264,0.8798090963400284,0.886762,0.240125
942.704,0.786575,0.222108,0.8845082069045975,0.889279,0.251109
942.931,0.814441,0.233825,0.8941452933590084,0.910860,0.261506
943.158,0.818161,0.244760,0.9085046708146878,0.900558,0.269409
943.385,0.736844,0.236698,0.9270318068140684,0.794842,0.255329
943.612,0.819824,0.247358,0.9488844359237366,0.863987,0.260683
943.839,0.761516,0.238111,0.9730022361301307,0.782646,0.244717
944.066,0.813912,0.243908,0.9981997906729109,0.815380,0.244348
944.293,0.795936,0.239659,1.023266760985439,0.777838,0.234209
944.519,0.828155,0.245237,1.047061049154338,0.790933,0.234215
944.746,0.861899,0.251008,1.068590720795349,0.806576,0.234897
944.973,0.956375,0.261899,1.087067991370518,0.879775,0.240922
945.200,1.06190,0.272975,1.101937471292313,0.963662,0.247723
945.427,1.08465,0.278644,1.112880792098974,0.974635,0.250381
945.654,1.13845,0.284535,1.119776583705731,1.01668,0.254100
945.881,1.16018,0.283532,1.122652210038385,1.03343,0.252556
946.108,1.15844,0.277155,1.121627066529755,1.03282,0.247101
946.335,1.13943,0.270334,1.116846583573922,1.02022,0.242051
946.562,1.19967,0.272976,1.108435172549895,1.08231,0.246272
946.789,1.20286,0.273702,1.096472171842932,1.09703,0.249621
947.015,1.16688,0.271104,1.080994634552118,1.07945,0.250792
947.242,1.14335,0.278605,1.062041737749111,1.07656,0.262330
947.469,1.13824,0.286730,1.039724735254548,1.09475,0.275775
947.696,1.07259,0.280341,1.014316912931420,1.05746,0.276384
947.923,1.07500,0.280994,0.9863446786817114,1.08988,0.284884
948.150,1.01336,0.276221,0.9566604226503415,1.05927,0.288735
948.377,0.940456,0.266317,0.9264647366454684,1.01510,0.287455
948.604,0.792993,0.245769,0.8972710578655163,0.883783,0.273907
948.831,0.813558,0.248365,0.8707962423013865,0.934269,0.285216
949.058,0.770237,0.240197,0.8487917098213794,0.907451,0.282988
949.285,0.754662,0.230998,0.8328333480052508,0.906138,0.277364
949.511,0.691612,0.215152,0.8241086867148802,0.839224,0.261072
949.738,0.636718,0.200600,0.8232414539037370,0.773428,0.243671
949.965,0.469556,0.173197,0.8301908696442366,0.565600,0.208623
950.192,0.390115,0.159328,0.8442526646445306,0.462083,0.188720
950.419,0.327824,0.151737,0.8641552328182658,0.379358,0.175590
950.646,0.392795,0.160117,0.8882355891503382,0.442220,0.180264
950.873,0.465512,0.172346,0.9146553404006369,0.508948,0.188427
951.100,0.521926,0.180707,0.9416237665899506,0.554283,0.191910
951.327,0.570937,0.188932,0.9675815075060661,0.590066,0.195262
951.554,0.676478,0.201399,0.9913214774428968,0.682400,0.203162
951.781,0.750356,0.209808,1.012042947832629,0.741427,0.207312
952.008,0.864586,0.222235,1.029336356505309,0.839945,0.215901
952.235,0.946214,0.230674,1.043130211314661,0.907091,0.221136
952.461,1.07730,0.243235,1.053605836652310,1.02249,0.230859
952.688,1.07045,0.243512,1.061114454046580,1.00880,0.229487
952.915,1.08006,0.243830,1.066099651079691,1.01310,0.228712
953.142,1.04918,0.240196,1.069039708349607,0.981419,0.224684
953.369,1.09118,0.244580,1.070407469621522,1.01941,0.228492
953.596,1.00320,0.236767,1.070642026255395,0.937004,0.221145
953.823,1.02906,0.237190,1.070131781699859,0.961623,0.221646
954.050,1.11250,0.245626,1.069209683422348,1.04049,0.229726
954.277,1.18740,0.253977,1.068146280625314,1.11164,0.237774
954.504,1.18022,0.254109,1.067125466486591,1.10598,0.238124
954.731,1.28781,0.262605,1.066238403921868,1.20781,0.246291
954.958,1.24747,0.258656,1.065485325682711,1.17080,0.242759
955.185,1.15025,0.250678,1.064773702253297,1.08027,0.235428
955.411,1.05285,0.238773,1.063922263994270,0.989591,0.224427
955.638,1.04553,0.238891,1.062677437584237,0.983863,0.224801
955.865,0.915073,0.226763,1.060733325106855,0.862679,0.213780
956.092,0.932214,0.230923,1.057758199091849,0.881311,0.218314
956.319,0.941091,0.231024,1.053433653001274,0.893355,0.219306
956.546,0.933114,0.231058,1.047499139852097,0.890802,0.220581
956.773,0.925162,0.231135,1.039803091968952,0.889748,0.222288
957.000,0.958153,0.235277,1.030354140939446,0.929926,0.228346
957.227,0.982896,0.235470,1.019364953252195,0.964224,0.230997
957.454,1.00764,0.239511,1.007278755398381,1.00035,0.237780
957.681,1.04867,0.243576,0.9947621304840872,1.05419,0.244859
957.908,1.00722,0.239420,0.9826624217455413,1.02499,0.243644
958.135,0.998664,0.239343,0.9719235736474532,1.02751,0.246257
958.362,1.05599,0.243394,0.9634732768324734,1.09603,0.252622
958.589,1.03083,0.239360,0.9580918144366023,1.07592,0.249830
958.816,1.05503,0.243256,0.9563004235651669,1.10324,0.254372
959.043,1.06260,0.243190,0.9582783008545083,1.10887,0.253778
959.269,1.03726,0.238962,0.9638387756735561,1.07617,0.247927
959.496,0.921528,0.230432,0.9724598323427909,0.947626,0.236958
959.723,0.896161,0.230104,0.9833649544517726,0.911321,0.233997
959.950,0.854243,0.225851,0.9956388656432150,0.857985,0.226840
960.177,0.918837,0.233737,1.008351591357505,0.911227,0.231801
960.404,1.00784,0.241749,1.020664992391940,0.987434,0.236854
960.631,1.05733,0.247819,1.031913092862963,1.02463,0.240155
960.858,1.11329,0.260902,1.041639248073950,1.06879,0.250473
961.085,1.15429,0.272142,1.049596340696991,1.09975,0.259282
961.312,1.20663,0.284740,1.055720773729325,1.14295,0.269711
961.539,1.11284,0.285936,1.060090397499297,1.04976,0.269728
961.766,1.04449,0.283733,1.062877077171551,0.982696,0.266948
961.993,1.04692,0.281499,1.064308153355153,0.983658,0.264490
962.220,0.902260,0.264387,1.064635449206590,0.847483,0.248336
962.447,0.823420,0.258200,1.064117159155842,0.773805,0.242643
962.674,0.811001,0.252530,1.063008143111834,0.762930,0.237562
962.901,0.798652,0.251947,1.061553290728493,0.752343,0.237338
963.128,0.698493,0.240457,1.059979538843668,0.658968,0.226851
963.354,0.794998,0.250988,1.058488678682738,0.751069,0.237120
963.581,0.782004,0.245124,1.057244122122897,0.739663,0.231851
963.808,0.823502,0.249903,1.056354276078985,0.779570,0.236571
964.035,0.897260,0.259903,1.055857260243172,0.849793,0.246154
964.262,0.959707,0.269763,1.055716010937233,0.909058,0.255526
964.489,0.953664,0.265582,1.055827412862975,0.903238,0.251539
964.716,0.999846,0.262962,1.056032907117378,0.946794,0.249009
964.943,1.07675,0.268045,1.056142219020625,1.01952,0.253796
965.170,1.08844,0.263335,1.055968289016228,1.03075,0.249378
965.397,1.07943,0.258482,1.055359605328543,1.02281,0.244923
965.624,1.13411,0.266888,1.054225847662428,1.07578,0.253160
965.851,1.07804,0.268773,1.052556794214786,1.02422,0.255352
966.078,1.02008,0.263121,1.050425345002008,0.971110,0.250490
966.305,1.00659,0.262075,1.047975330849124,0.960511,0.250077
966.532,0.935803,0.251574,1.045396604655197,0.895166,0.240649
966.759,0.874145,0.245608,1.042899285401758,0.838188,0.235505
966.986,0.956218,0.249596,1.040671429901461,0.918847,0.239841
967.213,0.904787,0.243696,1.038856699617262,0.870944,0.234581
967.440,0.910010,0.240652,1.037528995610577,0.877093,0.231947
967.667,0.959450,0.242351,1.036679496677207,0.925503,0.233776
967.894,0.953535,0.234729,1.036228213218108,0.920198,0.226523
968.121,0.913942,0.225933,1.036022380540651,0.882165,0.218077
968.348,0.992894,0.226739,1.035843313581588,0.958537,0.218893
968.575,1.02446,0.224744,1.035430508906093,0.989407,0.217054
968.802,1.09264,0.230910,1.034491574150517,1.05621,0.223211
969.029,1.18939,0.237168,1.032706584835213,1.15173,0.229657
969.255,1.19799,0.235951,1.029730610090535,1.16340,0.229139
969.483,1.17749,0.234719,1.025197708315052,1.14855,0.228950
969.709,1.13565,0.229946,1.018736334004459,1.11477,0.225717
969.936,1.13585,0.228628,1.010000192746928,1.12461,0.226364
970.163,1.02317,0.216752,0.9987166775632713,1.02448,0.217031
970.390,0.988796,0.215364,0.9847581569755722,1.00410,0.218697
970.617,0.989572,0.214044,0.9682197985590860,1.02205,0.221070
970.844,0.873839,0.202334,0.9494897884454048,0.920325,0.213097
971.071,0.811997,0.194154,0.9292910618987517,0.873781,0.208927
971.298,0.732574,0.186081,0.9086707938097595,0.806204,0.204784
971.525,0.652474,0.174655,0.8889301249883694,0.733999,0.196477
971.752,0.492808,0.167682,0.8714884788566063,0.565479,0.192409
971.979,0.472575,0.184697,0.8577100061032416,0.550973,0.215337
972.206,0.360175,0.191614,0.8487107410618902,0.424379,0.225771
972.433,0.423109,0.224997,0.8451928702413152,0.500607,0.266208
972.660,0.362837,0.238099,0.8473377067404206,0.428209,0.280996
972.887,0.394712,0.254746,0.8547862951489247,0.461766,0.298023
973.114,0.376526,0.245274,0.8667028973236294,0.434435,0.282996
973.341,0.325713,0.234595,0.8819139279747824,0.369326,0.266006
973.568,0.209346,0.207857,0.8990910151374759,0.232842,0.231186
973.795,0.239212,0.214107,0.9169356041709802,0.260882,0.233502
974.022,0.314783,0.220616,0.9343320504009940,0.336907,0.236121
974.249,0.438147,0.242827,0.9504497832156663,0.460989,0.255487
974.476,0.499210,0.257261,0.9647821395999856,0.517433,0.266652
974.703,0.605685,0.279391,0.9771269131140029,0.619863,0.285931
974.930,0.663335,0.285330,0.9875241652193585,0.671715,0.288935
975.157,0.612001,0.275373,0.9961711533972010,0.614353,0.276431
975.384,0.531081,0.264966,1.003336211772123,0.529315,0.264085
975.611,0.557490,0.263557,1.009285933730976,0.552360,0.261132
975.838,0.537765,0.254225,1.014233097402421,0.530218,0.250657
976.065,0.502943,0.244737,1.018315447754708,0.493897,0.240335
976.292,0.411722,0.227246,1.021597076311751,0.403018,0.222442
976.519,0.379794,0.217926,1.024092016465714,0.370859,0.212800
976.746,0.318481,0.208189,1.025792484751039,0.310473,0.202954
976.973,0.271831,0.198912,1.026706386707273,0.264761,0.193738
977.200,0.253585,0.196612,1.026880959951554,0.246947,0.191465
977.427,0.280400,0.202425,1.026421389421339,0.273182,0.197214
977.654,0.264650,0.194332,1.025490154635902,0.258072,0.189501
977.881,0.235389,0.185548,1.024287320497014,0.229807,0.181149
978.108,0.192254,0.176389,1.023031023613820,0.187926,0.172418
978.335,0.108277,0.153730,1.021924855934579,0.105954,0.150431
978.562,0.106264,0.152142,1.021125836172095,0.104065,0.148995
978.789,0.144248,0.163488,1.020727984905909,0.141319,0.160168
979.016,0.221541,0.175954,1.020760003994418,0.217035,0.172376
979.243,0.272467,0.187902,1.021188862643684,0.266813,0.184003
979.470,0.361795,0.206892,1.021937476422650,0.354029,0.202451
979.697,0.448684,0.218565,1.022903728493965,0.438637,0.213671
979.924,0.496028,0.223344,1.023981415974729,0.484411,0.218113
980.151,0.504593,0.227395,1.025072293148821,0.492251,0.221834
980.378,0.616220,0.247467,1.026095691304211,0.600549,0.241174
980.605,0.563236,0.242334,1.026979870185270,0.548440,0.235968
980.832,0.510593,0.242281,1.027655029943956,0.496853,0.235761
981.059,0.556301,0.259419,1.028042192910231,0.541126,0.252343
981.286,0.647777,0.284902,1.028053387957597,0.630100,0.277128
981.513,0.711467,0.295133,1.027588319589947,0.692366,0.287209
981.740,0.812416,0.320779,1.026539730213030,0.791412,0.312486
981.967,0.924273,0.343066,1.024811152066259,0.901896,0.334760
982.194,0.900976,0.340109,1.022339144507413,0.881289,0.332677
982.421,0.828010,0.321245,1.019106952897030,0.812486,0.315222
982.648,0.753816,0.310091,1.015144592746416,0.742570,0.305465
982.875,0.763981,0.307787,1.010518557179091,0.756029,0.304584
983.102,0.898808,0.320994,1.005309885392513,0.894060,0.319298
983.329,0.908885,0.318829,0.9995859243033357,0.909261,0.318961
983.556,0.903963,0.316672,0.9933761503054465,0.909991,0.318784
983.783,0.897323,0.314267,0.9866598839892390,0.909456,0.318516
984.010,0.885730,0.304825,0.9793797687699756,0.904379,0.311243
984.237,0.649127,0.260364,0.9714719549848151,0.668189,0.268010
984.464,0.726023,0.257062,0.9629164646293008,0.753984,0.266962
984.691,0.696485,0.245382,0.9537855842216770,0.730232,0.257271
984.918,0.610672,0.221131,0.9442883456842177,0.646701,0.234177
985.145,0.581840,0.193908,0.9347935047568809,0.622426,0.207435
985.372,0.629278,0.180403,0.9258044280861946,0.679709,0.194861
985.599,0.565793,0.153670,0.9178970174029675,0.616401,0.167415
985.826,0.679626,0.145208,0.9116354841925285,0.745502,0.159282
986.053,0.771014,0.139810,0.9074772688772266,0.849623,0.154064
986.280,0.810663,0.142903,0.9056764317281801,0.895091,0.157786
986.507,0.841398,0.145925,0.9062206250714505,0.928470,0.161026
986.734,0.808509,0.141063,0.9088058336919389,0.889639,0.155218
986.961,0.774749,0.138100,0.9128520685162023,0.848713,0.151284
987.188,0.792566,0.139085,0.9175650433567648,0.863771,0.151580
987.415,0.787793,0.138214,0.9220388362889577,0.854403,0.149900
987.642,0.771266,0.135441,0.9253759091335095,0.833462,0.146363
987.869,0.786228,0.136555,0.9268117765748367,0.848315,0.147339
988.096,0.751068,0.133761,0.9258263012682628,0.811240,0.144477
988.323,0.666952,0.125402,0.9222251239949599,0.723199,0.135977
988.550,0.599376,0.119038,0.9161780223727252,0.654213,0.129929
988.777,0.517398,0.112635,0.9082112712463499,0.569689,0.124018
989.004,0.432437,0.104536,0.8991463031073559,0.480942,0.116261
989.231,0.359370,0.0965436,0.8900045695291805,0.403784,0.108475
989.458,0.283897,0.0885401,0.8818778566277886,0.321923,0.100400
989.685,0.271156,0.0879447,0.8757934576072552,0.309612,0.100417
989.912,0.273232,0.0874711,0.8725938196395716,0.313126,0.100243
990.139,0.304251,0.0906068,0.8728430601712255,0.348575,0.103807
990.366,0.352986,0.0955425,0.8767711361917838,0.402597,0.108971
990.593,0.434187,0.104203,0.8842701012317765,0.491012,0.117841
990.820,0.460989,0.105607,0.8949222639196973,0.515117,0.118007
991.048,0.512344,0.110449,0.9080572046309334,0.564220,0.121632
991.275,0.552512,0.113511,0.9228340778491796,0.598713,0.123003
991.502,0.567743,0.114735,0.9383286404214409,0.605057,0.122276
991.729,0.593461,0.116004,0.9536120621622289,0.622330,0.121647
991.956,0.654100,0.120786,0.9678152955047338,0.675852,0.124803
992.183,0.675925,0.122074,0.9801820685514933,0.689591,0.124542
992.410,0.666573,0.121571,0.9901155456529214,0.673227,0.122784
992.637,0.719168,0.124590,0.9972038029974039,0.721184,0.124939
992.864,0.761110,0.127569,1.001237420373961,0.760170,0.127412
993.091,0.771956,0.128798,1.002217306671446,0.770248,0.128513
993.318,0.803397,0.130069,1.000348446689166,0.803117,0.130023
993.545,0.824892,0.131375,0.9960196294761099,0.828188,0.131900
993.772,0.815240,0.130904,0.9897753039153193,0.823662,0.132256
993.999,0.846093,0.132165,0.9822640934293224,0.861370,0.134552
994.226,0.853571,0.131759,0.9741748706912259,0.876198,0.135252
994.453,0.891054,0.134659,0.9661673714797343,0.922256,0.139374
994.680,0.922180,0.135962,0.9588021014122998,0.961804,0.141804
994.907,0.946289,0.137244,0.9524873889504014,0.993492,0.144090
995.134,0.933457,0.136838,0.9474484971635615,0.985232,0.144428
995.361,0.937631,0.136508,0.9437372700758497,0.993530,0.144646
995.588,0.951317,0.136183,0.9412690628503354,1.01067,0.144681
995.815,0.952257,0.135882,0.9398813284781063,1.01317,0.144574
996.042,0.982668,0.137190,0.9394008541333496,1.04606,0.146039
996.269,1.01633,0.138525,0.9397047774903188,1.08155,0.147414
996.496,1.07958,0.143088,0.9407577383868567,1.14756,0.152099
996.723,1.08356,0.144348,0.9426124741750638,1.14953,0.153136
996.951,1.10106,0.145653,0.9453869231856930,1.16466,0.154067
997.177,1.08575,0.145321,0.9492104564771916,1.14384,0.153097
997.405,1.08669,0.146597,0.9541681344678627,1.13889,0.153638
997.632,1.05523,0.144653,0.9602496143302882,1.09892,0.150641
997.859,1.04017,0.142771,0.9673204632506526,1.07532,0.147595
998.086,1.09319,0.145754,0.9751227022623996,1.12108,0.149472
998.313,1.08812,0.145505,0.9833000749734281,1.10660,0.147976
998.540,1.09906,0.145276,0.9914429324091704,1.10854,0.146530
998.767,1.07482,0.143452,0.9991430876621417,1.07574,0.143575
998.994,1.12612,0.150562,1.006040024662207,1.11936,0.149658
999.221,1.10890,0.154026,1.011861282776394,1.09590,0.152221
999.448,1.12468,0.157192,1.016439948664018,1.10649,0.154650
999.675,1.08998,0.158664,1.019719182713118,1.06890,0.155595
999.902,1.08170,0.161373,1.021741776614988,1.05869,0.157939
1000.13,1.04003,0.159139,1.022632620608970,1.01701,0.155617
1000.36,0.970497,0.152978,1.022577387686750,0.949069,0.149601
1000.58,0.961296,0.152760,1.021800949229855,0.940785,0.149501
1000.81,0.924191,0.150581,1.020547616444024,0.905583,0.147549
1001.04,0.927277,0.150421,1.019063103516527,0.909931,0.147607
1001.26,0.834421,0.142291,1.017580446920666,0.820005,0.139833
1001.49,0.837704,0.144081,1.016306266625190,0.824263,0.141769
1001.72,0.797046,0.141924,1.015395566057681,0.784961,0.139773
1001.95,0.816293,0.141865,1.014941692926860,0.804275,0.139776
1002.17,0.819580,0.141761,1.014962199548293,0.807498,0.139671
1002.40,0.894572,0.147640,1.015391184661786,0.881012,0.145402
1002.63,0.916696,0.145981,1.016074767284944,0.902194,0.143671
1002.85,0.981306,0.146205,1.016774532090424,0.965117,0.143793
1003.08,1.00395,0.144794,1.017190147746362,0.986988,0.142347
1003.31,1.00541,0.141849,1.016985269699929,0.988616,0.139480
1003.54,1.03662,0.140101,1.015826052819167,1.02047,0.137918
1003.76,1.03211,0.138761,1.013421185533981,1.01844,0.136923
1003.99,0.997004,0.137089,1.009572479113318,0.987550,0.135790
1004.22,0.996520,0.137024,1.004218726371973,0.992334,0.136448
1004.44,1.01490,0.138500,0.9974669080872844,1.01747,0.138852
1004.67,0.967317,0.135285,0.9896010904210694,0.977482,0.136707
1004.90,0.976291,0.135249,0.9810638767577361,0.995135,0.137860
1005.12,0.931937,0.132075,0.9724163089811562,0.958373,0.135822
1005.35,0.915939,0.130477,0.9642661755944898,0.949881,0.135312
1005.58,0.881126,0.127360,0.9571835615082168,0.920540,0.133057
1005.81,0.880844,0.127323,0.9516268680550271,0.925619,0.133795
1006.03,0.861767,0.127238,0.9478697961081468,0.909162,0.134235
1006.26,0.889707,0.128771,0.9459623348583100,0.940531,0.136127
1006.49,0.892598,0.130265,0.9457338685468609,0.943815,0.137740
1006.71,0.898797,0.133545,0.9468291111553301,0.949270,0.141045
1006.94,0.857819,0.136418,0.9487586922645453,0.904149,0.143786
1007.17,0.899591,0.143657,0.9509605572072121,0.945981,0.151065
1007.40,0.910652,0.148753,0.9528603642316112,0.955703,0.156112
1007.62,0.927374,0.154403,0.9539216054644751,0.972170,0.161861
1007.85,0.953047,0.157755,0.9536810422745278,0.999335,0.165417
1008.08,1.02527,0.162068,0.9517805373510684,1.07721,0.170279
1008.30,0.982617,0.157839,0.9480005698588791,1.03652,0.166497
1008.53,0.991044,0.157863,0.9422863620423386,1.05174,0.167532
1008.76,0.978243,0.155787,0.9347760515868024,1.04650,0.166657
1008.98,1.01649,0.159946,0.9258234687166159,1.09793,0.172761
1009.21,0.995122,0.157842,0.9159897306810109,1.08639,0.172319
1009.44,1.01195,0.159923,0.9060041546602621,1.11694,0.176514
1009.67,0.999101,0.159859,0.8966842615089134,1.11422,0.178278
1009.89,0.992372,0.158353,0.8888290719137580,1.11649,0.178159
1010.12,1.00011,0.152175,0.8831024258700559,1.13249,0.172318
1010.35,0.961652,0.145447,0.8799325114636318,1.09287,0.165293
1010.57,0.948467,0.140301,0.8794484950662744,1.07848,0.159533
1010.80,0.944615,0.135187,0.8814764239104118,1.07163,0.153364
1011.03,0.919026,0.129978,0.8855914074118074,1.03775,0.146770
1011.26,0.872145,0.128337,0.8912161160417221,0.978601,0.144002
1011.48,0.862593,0.128297,0.8977403449172476,0.960849,0.142911
1011.71,0.871777,0.128302,0.9046360215736718,0.963677,0.141827
1011.94,0.859111,0.128224,0.9115313944153605,0.942492,0.140669
1012.16,0.865156,0.129698,0.9182383963680120,0.942191,0.141247
1012.39,0.818136,0.126567,0.9247342777646591,0.884726,0.136868
1012.62,0.808527,0.124995,0.9311019580949873,0.868355,0.134244
1012.85,0.833249,0.126517,0.9374546281056981,0.888842,0.134958
1013.07,0.820447,0.124955,0.9438644634401189,0.869242,0.132387
1013.30,0.798271,0.123369,0.9503167828250790,0.840005,0.129819
1013.53,0.779185,0.121765,0.9566984422745114,0.814452,0.127276
1013.75,0.766349,0.121691,0.9628142705219375,0.795947,0.126391
1013.98,0.691288,0.116958,0.9684263643794159,0.713826,0.120771
1014.21,0.675424,0.115375,0.9732961140727808,0.693956,0.118540
1014.43,0.631544,0.112166,0.9772222108884028,0.646264,0.114781
1014.66,0.637433,0.112126,0.9800606505489251,0.650402,0.114407
1014.89,0.652608,0.112118,0.9817236392362466,0.664757,0.114205
1015.12,0.649114,0.112053,0.9821707945396382,0.660898,0.114087
1015.34,0.657956,0.113516,0.9813924143055766,0.670431,0.115668
1015.57,0.691611,0.115064,0.9793999654616389,0.706157,0.117484
1015.80,0.719014,0.116570,0.9762251769494404,0.736524,0.119409
1016.02,0.758726,0.119552,0.9719386062334548,0.780631,0.123004
1016.25,0.810749,0.122579,0.9666695599379757,0.838704,0.126806
1016.48,0.825588,0.122526,0.9606259166218785,0.859427,0.127548
1016.71,0.880495,0.127016,0.9541042085145435,0.922850,0.133125
1016.93,0.929025,0.129987,0.9474839456835883,0.980518,0.137192
1017.16,0.937312,0.131375,0.9411966934571387,0.995872,0.139583
1017.39,0.917810,0.129694,0.9356736857073807,0.980909,0.138611
1017.61,0.910613,0.129527,0.9312867999930557,0.977801,0.139084
1017.84,0.906374,0.129374,0.9282857359253786,0.976395,0.139369
1018.07,0.877490,0.127645,0.9267520541403491,0.946844,0.137734
1018.30,0.891541,0.127488,0.9265769689121838,0.962187,0.137590
1018.52,0.853691,0.125748,0.9274691948694203,0.920452,0.135582
1018.75,0.882950,0.127097,0.9289881559291490,0.950443,0.136813
1018.98,0.893555,0.126903,0.9305998400661554,0.960192,0.136367
1019.20,0.888876,0.126671,0.9317425720521509,0.953993,0.135951
1019.43,0.862718,0.124906,0.9318932145112999,0.925769,0.134034
1019.66,0.915758,0.127733,0.9306162835407547,0.984034,0.137256
1019.89,0.880555,0.125913,0.9276012591953566,0.949282,0.135741
1020.11,0.833134,0.122590,0.9226767716315059,0.902953,0.132863
1020.34,0.806910,0.120769,0.9158058501191166,0.881093,0.131872
1020.57,0.774613,0.118912,0.9070759955528587,0.853967,0.131093
1020.79,0.736340,0.115591,0.8966773159459320,0.821187,0.128910
1021.02,0.766581,0.116730,0.8848696960169513,0.866320,0.131918
1021.25,0.772848,0.117764,0.8719562402935137,0.886338,0.135057
1021.47,0.770079,0.117341,0.8582496624052106,0.897266,0.136721
1021.70,0.752587,0.115443,0.8440355773539175,0.891653,0.136775
1021.93,0.738078,0.114949,0.8295416613190222,0.889741,0.138570
1022.16,0.702287,0.112939,0.8149101972900236,0.861796,0.138591
1022.38,0.689986,0.110981,0.8001742501547918,0.862294,0.138696
1022.61,0.663363,0.108984,0.7852420886030026,0.844788,0.138790
1022.84,0.662853,0.108439,0.7699025089834074,0.860957,0.140848
1023.06,0.685020,0.109291,0.7538482084552862,0.908698,0.144978
1023.29,0.711901,0.110076,0.7367244437514959,0.966305,0.149413
1023.52,0.690649,0.107999,0.7182005936836162,0.961638,0.150374
1023.75,0.658901,0.104547,0.6980530382932453,0.943912,0.149770
1023.97,0.602210,0.0996894,0.6762536559406783,0.890509,0.147414
1024.20,0.509598,0.0920082,0.6530395685901292,0.780348,0.140892
1024.43,0.389368,0.0829546,0.6289498631345268,0.619076,0.131894
1024.65,0.322688,0.0767869,0.6048106614306462,0.533536,0.126960
1024.88,0.273638,0.0720554,0.5816640918941223,0.470440,0.123878
1025.11,0.226975,0.0665606,0.5606455750786775,0.404845,0.118721
1025.34,0.226665,0.0681701,0.5428306249393301,0.417560,0.125583
1025.56,0.215581,0.0688963,0.5290751832354079,0.407468,0.130220
1025.79,0.203424,0.0696327,0.5198832151054492,0.391287,0.133939
1026.02,0.217608,0.0733866,0.5153320079616205,0.422267,0.142406
1026.24,0.252057,0.0792270,0.5150675936859361,0.489368,0.153819
1026.47,0.265936,0.0809764,0.5183681710570225,0.513025,0.156214
1026.70,0.293523,0.0834925,0.5242606940011206,0.559881,0.159258
1026.93,0.287506,0.0825844,0.5316679941979929,0.540762,0.155331
1027.15,0.306802,0.0847674,0.5395511879538941,0.568625,0.157107
1027.38,0.322375,0.0869011,0.5470233958961410,0.589326,0.158862
1027.61,0.343517,0.0873998,0.5534256593810362,0.620710,0.157925
1027.83,0.323618,0.0846942,0.5583538644531800,0.579593,0.151685
1028.06,0.360675,0.0883295,0.5616476850394114,0.642173,0.157269
1028.29,0.358531,0.0870812,0.5633563513305538,0.636419,0.154576
1028.52,0.374695,0.0856825,0.5636935812550806,0.664713,0.152002
1028.74,0.376224,0.0830540,0.5629940342721820,0.668255,0.147522
1028.97,0.435917,0.0846553,0.5616778952614864,0.776098,0.150719
1029.20,0.476458,0.0841625,0.5602246233041661,0.850476,0.150230
1029.42,0.529378,0.0846704,0.5591519445302298,0.946751,0.151426
1029.65,0.538680,0.0832543,0.5589908797754969,0.963666,0.148937
1029.88,0.592767,0.0859402,0.5602540982753598,1.05803,0.153395
1030.11,0.614908,0.0865043,0.5633976317948369,1.09143,0.153540
1030.33,0.618264,0.0859859,0.5687719501929365,1.08702,0.151178
1030.56,0.596166,0.0835006,0.5765698092229347,1.03399,0.144823
1030.79,0.598357,0.0830282,0.5867866458777348,1.01972,0.141496
1031.01,0.547924,0.0786868,0.5991969798517798,0.914431,0.131320
1031.24,0.514967,0.0762380,0.6133470804448935,0.839602,0.124298
1031.47,0.472587,0.0721256,0.6285876894043149,0.751823,0.114742
1031.70,0.464456,0.0706701,0.6441366378238691,0.721052,0.109713
1031.92,0.449700,0.0684153,0.6591534461816985,0.682238,0.103793
1032.15,0.484708,0.0695044,0.6728335812928050,0.720398,0.103301
1032.38,0.480005,0.0680805,0.6844977729768740,0.701252,0.0994605
1032.60,0.537523,0.0714676,0.6936580180878301,0.774911,0.103030
1032.83,0.578108,0.0730915,0.7000578028594054,0.825800,0.104408
1033.06,0.600433,0.0739881,0.7036865839186544,0.853268,0.105144
1033.29,0.602035,0.0738671,0.7047670521748901,0.854233,0.104811
1033.51,0.608091,0.0732127,0.7037226701237603,0.864107,0.104036
1033.74,0.565894,0.0694547,0.7011323103893964,0.807114,0.0990608
1033.97,0.528293,0.0664418,0.6976846276780100,0.757209,0.0952318
1034.19,0.543178,0.0662884,0.6941393614361019,0.782520,0.0954972
1034.42,0.537245,0.0646782,0.6912895965660126,0.777163,0.0935616
1034.65,0.544374,0.0645730,0.6899315867558365,0.789026,0.0935933
1034.88,0.574989,0.0656951,0.6908358166819274,0.832309,0.0950951
1035.10,0.633163,0.0679286,0.6947168257013087,0.911398,0.0977788
1035.33,0.635926,0.0675793,0.7022035475848808,0.905616,0.0962389
1035.56,0.640839,0.0672345,0.7138067493017768,0.897777,0.0941914
1035.78,0.645951,0.0669504,0.7298881468252385,0.885000,0.0917269
1036.01,0.635173,0.0654481,0.7506289601278873,0.846188,0.0871910
1036.24,0.595955,0.0626921,0.7759996264708539,0.767984,0.0807888
1036.47,0.584651,0.0611867,0.8057336295501492,0.725613,0.0759391
1036.69,0.596856,0.0607338,0.8393109161982649,0.711126,0.0723615
1036.92,0.615235,0.0603543,0.8759529891030370,0.702360,0.0689014
1037.15,0.642146,0.0609380,0.9146403453827084,0.702075,0.0666251
1037.37,0.681913,0.0614545,0.9541576285323872,0.714675,0.0644071
1037.60,0.719621,0.0619505,0.9931678475283506,0.724571,0.0623767
1037.83,0.759823,0.0627623,1.030316810120324,0.737465,0.0609155
1038.06,0.801564,0.0636175,1.064350212949138,0.753102,0.0597712
1038.28,0.862940,0.0644009,1.094227046541699,0.788629,0.0588552
1038.51,0.911267,0.0649556,1.119213577958559,0.814203,0.0580368
1038.74,0.960863,0.0655742,1.138934965509035,0.843651,0.0575750
1038.96,0.978702,0.0647724,1.153383260685515,0.848549,0.0561586
1039.19,1.01774,0.0649585,1.162874913705669,0.875189,0.0558603
1039.42,1.07234,0.0657348,1.167973352833287,0.918119,0.0562811
1039.65,1.08217,0.0652355,1.169391979631461,0.925414,0.0557859
1039.87,1.09369,0.0647985,1.167896396475436,0.936459,0.0554831
1040.10,1.12074,0.0648287,1.164220492384540,0.962651,0.0556842
1040.33,1.13274,0.0644033,1.159009399526522,0.977338,0.0555675
1040.55,1.11016,0.0629793,1.152789542325747,0.963019,0.0546321
1040.78,1.11718,0.0624171,1.145966121579471,0.974878,0.0544668
1041.01,1.10617,0.0613713,1.138832345562145,0.971323,0.0538897
1041.24,1.08761,0.0601246,1.131596444308733,0.961127,0.0531325
1041.46,1.03606,0.0579520,1.124398786575718,0.921432,0.0515404
1041.69,0.999373,0.0562477,1.117331436552086,0.894428,0.0503411
1041.92,0.974840,0.0548913,1.110453946164029,0.877875,0.0494314
1042.14,0.959894,0.0538188,1.103800709268057,0.869626,0.0487577
1042.37,0.972616,0.0534817,1.097387067691758,0.886301,0.0487355
1042.60,1.02614,0.0542951,1.091218164083239,0.940362,0.0497564
1042.83,1.03288,0.0538379,1.085290395847143,0.951712,0.0496069
1043.05,1.04054,0.0534104,1.079596165339613,0.963823,0.0494725
1043.28,1.05063,0.0530708,1.074125191725628,0.978131,0.0494084
1043.51,1.02216,0.0517393,1.068866266054232,0.956303,0.0484058
1043.73,0.993335,0.0504189,1.063809255433095,0.933753,0.0473946
1043.96,0.994792,0.0498634,1.058945042726716,0.939418,0.0470878
1044.19,0.995662,0.0493014,1.054264327235188,0.944414,0.0467638
1044.42,1.00047,0.0488519,1.049759891652384,0.953049,0.0465363
1044.64,1.01513,0.0486584,1.045428198198535,0.971023,0.0465440
1044.87,1.02221,0.0489806,1.041268927491182,0.981699,0.0470393
1045.10,1.03516,0.0503302,1.037288350827154,0.997950,0.0485210
1045.33,1.02208,0.0509907,1.033498436083446,0.988947,0.0493379
1045.55,1.02695,0.0521084,1.029915969174246,0.997117,0.0505948
1045.78,0.986434,0.0519976,1.026561306066554,0.960911,0.0506522
1046.01,0.963100,0.0516613,1.023454533208883,0.941028,0.0504774
1046.23,0.949471,0.0507288,1.020614622169643,0.930293,0.0497042
1046.46,0.942380,0.0499950,1.018055936159484,0.925666,0.0491083
1046.69,0.933170,0.0492070,1.015785177888850,0.918669,0.0484423
1046.92,0.945335,0.0490422,1.013803629810950,0.932463,0.0483745
1047.14,0.959427,0.0488979,1.012101318876929,0.947956,0.0483133
1047.37,0.956875,0.0483106,1.010660515077644,0.946782,0.0478010
1047.60,0.987452,0.0485439,1.009456399200138,0.978202,0.0480891
1047.82,0.998917,0.0483108,1.008454669209329,0.990542,0.0479057
1048.05,1.02465,0.0479480,1.007616215997841,1.01691,0.0475856
1048.28,1.05563,0.0471760,1.006899101794681,1.04839,0.0468528
1048.51,1.05999,0.0454653,1.006258974351481,1.05339,0.0451825
1048.73,1.03018,0.0430517,1.005654358895283,1.02439,0.0428097
1048.96,1.02830,0.0412285,1.005047854316597,1.02314,0.0410214
1049.19,1.02610,0.0399787,1.004409580009486,1.02159,0.0398032
1049.41,1.00000,0.0387022,1.003718904244973,0.996295,0.0385588
1049.64,0.981359,0.0379739,1.002966373200125,0.978456,0.0378615
1049.87,0.967373,0.0373482,1.002152276831370,0.965295,0.0372680
1050.10,0.936878,0.0364127,1.001287284115885,0.935674,0.0363658
1050.32,0.914802,0.0356474,1.000387818914459,0.914447,0.0356335
1050.55,0.902073,0.0350694,0.9994757579874978,0.902546,0.0350878
1050.78,0.896623,0.0346393,0.9985748058450850,0.897902,0.0346887
1051.00,0.899958,0.0343923,0.9977088507613647,0.902024,0.0344713
1051.23,0.909102,0.0342511,0.9968989645492700,0.911930,0.0343576
1051.46,0.925112,0.0342381,0.9961610874500418,0.928677,0.0343700
1051.69,0.939153,0.0341828,0.9955068314453753,0.943392,0.0343371
1051.91,0.961674,0.0342781,0.9949393129716360,0.966565,0.0344525
1052.14,0.983235,0.0343698,0.9944526488455525,0.988720,0.0345615
1052.37,0.987919,0.0341604,0.9940281456987990,0.993854,0.0343656
1052.60,0.992379,0.0339460,0.9936316256124499,0.998739,0.0341635
1052.82,0.988524,0.0335932,0.9932118725708022,0.995280,0.0338228
1053.05,0.981686,0.0331932,0.9927033785564324,0.988901,0.0334372
1053.28,0.977929,0.0328531,0.9920292115961740,0.985786,0.0331170
1053.50,0.989867,0.0327772,0.9911133912031809,0.998742,0.0330711
1053.73,0.995083,0.0325920,0.9898958823935131,1.00524,0.0329247
1053.96,1.00400,0.0324722,0.9883477038930819,1.01584,0.0328550
1054.19,1.00619,0.0322467,0.9864848237489772,1.01997,0.0326885
1054.41,1.02859,0.0323394,0.9843755446791569,1.04491,0.0328527
1054.64,1.04282,0.0322993,0.9821404180805337,1.06179,0.0328866
1054.87,1.04900,0.0321428,0.9799380368704026,1.07047,0.0328008
1055.09,1.04161,0.0317833,0.9779428689039451,1.06510,0.0325002
1055.32,1.04184,0.0315465,0.9763201180666984,1.06711,0.0323116
1055.55,1.02659,0.0310759,0.9751964173725182,1.05270,0.0318663
1055.78,1.00830,0.0305657,0.9746368152833379,1.03454,0.0313612
1056.00,1.01437,0.0304195,0.9746343306751987,1.04077,0.0312112
1056.23,1.01298,0.0301762,0.9751087787988745,1.03884,0.0309465
1056.46,1.01172,0.0299363,0.9759212565111915,1.03668,0.0306749
1056.68,1.00171,0.0295711,0.9768959967444263,1.02540,0.0302705
1056.91,1.00154,0.0293545,0.9778440353457415,1.02423,0.0300196
1057.14,0.979694,0.0288265,0.9785878088463384,1.00113,0.0294572
1057.37,0.983808,0.0286810,0.9789764373734420,1.00494,0.0292969
1057.59,0.965388,0.0282105,0.9788894200699868,0.986207,0.0288189
1057.82,0.973893,0.0281347,0.9782396082711937,0.995556,0.0287605
1058.05,0.970294,0.0278868,0.9769706005258254,0.993165,0.0285442
1058.28,0.960192,0.0275515,0.9750448840302551,0.984767,0.0282567
1058.50,0.964383,0.0274182,0.9724286685347624,0.991726,0.0281956
1058.73,0.970332,0.0273235,0.9690828268655957,1.00129,0.0281952
1058.96,0.967721,0.0271025,0.9649652972046833,1.00286,0.0280865
1059.18,0.974938,0.0270189,0.9600274944729505,1.01553,0.0281438
1059.41,0.984540,0.0269793,0.9542182446862725,1.03178,0.0282738
1059.64,0.972586,0.0266408,0.9474882460190264,1.02649,0.0281173
1059.87,0.981069,0.0265870,0.9397990070460175,1.04391,0.0282901
1060.09,0.960648,0.0261392,0.9311341767019016,1.03170,0.0280724
1060.32,0.941168,0.0257104,0.9215163155103256,1.02133,0.0279001
1060.55,0.919681,0.0252548,0.9110296404488184,1.00950,0.0277211
1060.77,0.897866,0.0247981,0.8998445557716110,0.997802,0.0275582
1061.00,0.876026,0.0243470,0.8882458232131453,0.986243,0.0274102
1061.23,0.873593,0.0241644,0.8766506566945255,0.996512,0.0275645
1061.46,0.861094,0.0238464,0.8656095423275099,0.994783,0.0275486
1061.68,0.843700,0.0234607,0.8557814425446223,0.985882,0.0274144
1061.91,0.818308,0.0229615,0.8478819566120502,0.965120,0.0270810
1062.14,0.788468,0.0224047,0.8425995209534800,0.935757,0.0265900
1062.37,0.754726,0.0217961,0.8405008265135504,0.897948,0.0259323
1062.59,0.722243,0.0212074,0.8419341999327830,0.857838,0.0251890
1062.82,0.723024,0.0210927,0.8469550862628872,0.853675,0.0249041
1063.05,0.740838,0.0212211,0.8552939560421751,0.866180,0.0248115
1063.27,0.761488,0.0213880,0.8663752653581512,0.878936,0.0246867
1063.50,0.803821,0.0224067,0.8793839229933823,0.914072,0.0254800
1063.73,0.838041,0.0233060,0.8933735946408264,0.938063,0.0260877
1063.96,0.860409,0.0240321,0.9073874830926332,0.948227,0.0264850
1064.18,0.871653,0.0246007,0.9205781504740792,0.946853,0.0267231
1064.41,0.887115,0.0252285,0.9322965439438030,0.951537,0.0270606
1064.64,0.870776,0.0248617,0.9421396539180583,0.924253,0.0263886
1064.86,0.869651,0.0247145,0.9499503425077899,0.915469,0.0260167
1065.09,0.867378,0.0245521,0.9557865052572266,0.907502,0.0256879
1065.32,0.877174,0.0245592,0.9598564760101407,0.913859,0.0255863
1065.55,0.891578,0.0246229,0.9624508825403825,0.926362,0.0255836
1065.77,0.921887,0.0249090,0.9638743736003995,0.956439,0.0258426
1066.00,0.946913,0.0251194,0.9643973625792117,0.981870,0.0260468
1066.23,0.956022,0.0251202,0.9642224399088428,0.991495,0.0260523
1066.46,0.953776,0.0249682,0.9634795599365531,0.989928,0.0259146
1066.68,0.942901,0.0244163,0.9622358857545095,0.979907,0.0253746
1066.91,0.931110,0.0236144,0.9605177749061067,0.969384,0.0245850
1067.14,0.915947,0.0227783,0.9583395483750704,0.955765,0.0237685
1067.36,0.903732,0.0219987,0.9557264431138548,0.945597,0.0230178
1067.59,0.898440,0.0213108,0.9527345210120632,0.943011,0.0223681
1067.82,0.881844,0.0207759,0.9494563931310366,0.928788,0.0218818
1068.05,0.853949,0.0203476,0.9460188397333447,0.902677,0.0215087
1068.27,0.822588,0.0198769,0.9425769313942594,0.872701,0.0210879
1068.50,0.805597,0.0195804,0.9393007438717051,0.857656,0.0208457
1068.73,0.788798,0.0192894,0.9363589597475069,0.842409,0.0206005
1068.95,0.771127,0.0189869,0.9339014629333761,0.825705,0.0203307
1069.18,0.772020,0.0189114,0.9320486238769387,0.828304,0.0202901
1069.41,0.771016,0.0188158,0.9308822613759281,0.828264,0.0202128
1069.64,0.772168,0.0187462,0.9304386086856180,0.829897,0.0201477
1069.86,0.774047,0.0186851,0.9307068916442971,0.831677,0.0200762
1070.09,0.786911,0.0187579,0.9316274950035468,0.844663,0.0201345
1070.32,0.788200,0.0188678,0.9330969856766663,0.844714,0.0202206
1070.55,0.795714,0.0194915,0.9349767317409919,0.851052,0.0208470
1070.77,0.796678,0.0200335,0.9371038397016679,0.850150,0.0213782
1071.00,0.805741,0.0206876,0.9393077372675764,0.857803,0.0220243
1071.23,0.816888,0.0213684,0.9414274107561829,0.867712,0.0226979
1071.45,0.829060,0.0218815,0.9433293354662103,0.878866,0.0231960
1071.68,0.843428,0.0219815,0.9449226790648600,0.892589,0.0232628
1071.91,0.862599,0.0221430,0.9461642084484470,0.911680,0.0234029
1072.14,0.860290,0.0220244,0.9470604687243086,0.908379,0.0232556
1072.36,0.867203,0.0220217,0.9476606718279939,0.915099,0.0232380
1072.59,0.864063,0.0218945,0.9480441852798375,0.911416,0.0230944
1072.82,0.863768,0.0218043,0.9483033984214900,0.910856,0.0229930
1073.05,0.848365,0.0215234,0.9485318607817746,0.894398,0.0226912
1073.27,0.847708,0.0214316,0.9488117714467149,0.893442,0.0225878
1073.50,0.833771,0.0211738,0.9492057468383692,0.878388,0.0223069
1073.73,0.838783,0.0209186,0.9497552807323855,0.883157,0.0220252
1073.95,0.839452,0.0202414,0.9504806392504533,0.883187,0.0212959
1074.18,0.851135,0.0197064,0.9513829942358661,0.894629,0.0207134
1074.41,0.871513,0.0192492,0.9524494743687326,0.915023,0.0202102
1074.64,0.903012,0.0189048,0.9536551970232250,0.946896,0.0198235
1074.86,0.925558,0.0186900,0.9549648819572986,0.969207,0.0195714
1075.09,0.953932,0.0189058,0.9563331118136249,0.997489,0.0197690
1075.32,0.988450,0.0191790,0.9577044122475158,1.03210,0.0200260
1075.55,1.00576,0.0192778,0.9590156273817559,1.04874,0.0201017
1075.77,1.02089,0.0193504,0.9601968624629978,1.06321,0.0201526
1076.00,1.03789,0.0194411,0.9611788402757813,1.07981,0.0202263
1076.23,1.03616,0.0193563,0.9618986391319345,1.07720,0.0201230
1076.45,1.02154,0.0191500,0.9623074050687092,1.06156,0.0199000
1076.68,1.00979,0.0189717,0.9623775693085497,1.04927,0.0197134
1076.91,0.993232,0.0187503,0.9621086757814705,1.03235,0.0194888
1077.14,0.979684,0.0185584,0.9615277599570509,1.01888,0.0193010
1077.36,0.983427,0.0185281,0.9606891582766934,1.02367,0.0192863
1077.59,0.987342,0.0185015,0.9596667400607922,1.02884,0.0192791
1077.82,0.999784,0.0185538,0.9585453991516411,1.04302,0.0193562
1078.05,1.01309,0.0186123,0.9574109062410227,1.05815,0.0194402
1078.27,1.01808,0.0185951,0.9563375662989687,1.06456,0.0194440
1078.50,1.00610,0.0184225,0.9553806824201974,1.05309,0.0192829
1078.73,1.00742,0.0183737,0.9545705457568954,1.05536,0.0192481
1078.95,0.990464,0.0181571,0.9539075720683429,1.03832,0.0190345
1079.18,0.971323,0.0179226,0.9533653714228094,1.01884,0.0187993
1079.41,0.959206,0.0177528,0.9528954682528206,1.00662,0.0186304
1079.64,0.963580,0.0177350,0.9524352204918909,1.01170,0.0186207
1079.86,0.958488,0.0176307,0.9519170344480203,1.00690,0.0185212
1080.09,0.961166,0.0175990,0.9512774773113486,1.01039,0.0185003
1080.32,0.961348,0.0175445,0.9504668118927632,1.01145,0.0184589
1080.55,0.944441,0.0173326,0.9494485868535224,0.994726,0.0182555
1080.77,0.923583,0.0170852,0.9482003741891489,0.974038,0.0180186
1081.00,0.881508,0.0167747,0.9467099772556158,0.931127,0.0177190
1081.23,0.823758,0.0166308,0.9449715652436049,0.871728,0.0175992
1081.45,0.747492,0.0162473,0.9429792081512673,0.792692,0.0172298
1081.68,0.685899,0.0159999,0.9407245891687031,0.729117,0.0170080
1081.91,0.621671,0.0157107,0.9381978886262876,0.662622,0.0167457
1082.14,0.580503,0.0155020,0.9353922806278953,0.620598,0.0165727
1082.36,0.556891,0.0151457,0.9323113049669067,0.597322,0.0162453
1082.59,0.555368,0.0150793,0.9289774268807787,0.597827,0.0162321
1082.82,0.561579,0.0151149,0.9254409945023373,0.606823,0.0163327
1083.05,0.571707,0.0152040,0.9217855026901736,0.620218,0.0164941
1083.27,0.594735,0.0154554,0.9181307762586248,0.647768,0.0168335
1083.50,0.619683,0.0157299,0.9146299963880261,0.677523,0.0171981
1083.73,0.636844,0.0159043,0.9114630305363396,0.698705,0.0174492
1083.95,0.654408,0.0160755,0.9088214528908956,0.720062,0.0176883
1084.18,0.668774,0.0162087,0.9068895768150619,0.737437,0.0178729
1084.41,0.671764,0.0161986,0.9058229359009439,0.741606,0.0178827
1084.64,0.672390,0.0161602,0.9057248704327483,0.742378,0.0178423
1084.86,0.677552,0.0161774,0.9066264837227369,0.747333,0.0178435
1085.09,0.676941,0.0161246,0.9084753177457588,0.745140,0.0177491
1085.32,0.684057,0.0161632,0.9111311672865947,0.750778,0.0177397
1085.55,0.695164,0.0162470,0.9143763199805567,0.760261,0.0177684
1085.77,0.715864,0.0164379,0.9179330912806751,0.779865,0.0179075
1086.00,0.736811,0.0166309,0.9214945454200724,0.799583,0.0180477
1086.23,0.756558,0.0168087,0.9247520141151172,0.818120,0.0181764
1086.45,0.771317,0.0169290,0.9274269465019742,0.831674,0.0182537
1086.68,0.778560,0.0169649,0.9292944738308785,0.837797,0.0182556
1086.91,0.782057,0.0169575,0.9302016559897729,0.840739,0.0182300
1087.14,0.786899,0.0169647,0.9300784211117984,0.846057,0.0182400
1087.36,0.787164,0.0169232,0.9289408361547327,0.847378,0.0182177
1087.59,0.781581,0.0168192,0.9268870833496953,0.843232,0.0181459
1087.82,0.779084,0.0167492,0.9240923676497542,0.843080,0.0181250
1088.05,0.776129,0.0166746,0.9207910044636195,0.842894,0.0181089
1088.27,0.765036,0.0165133,0.9172601607461569,0.834045,0.0180028
1088.50,0.749323,0.0163008,0.9137942275548104,0.820013,0.0178386
1088.73,0.743563,0.0161972,0.9106810256766561,0.816491,0.0177858
1088.95,0.738492,0.0165699,0.9081727199462885,0.813163,0.0182453
1089.18,0.731302,0.0172539,0.9064621613896605,0.806765,0.0190343
1089.41,0.730063,0.0179996,0.9056619335493250,0.806110,0.0198746
1089.64,0.746586,0.0189594,0.9057990571555334,0.824229,0.0209312
1089.86,0.775575,0.0200801,0.9068149564593119,0.855273,0.0221435
1090.09,0.792000,0.0205754,0.9085797675072623,0.871690,0.0226456
1090.32,0.799536,0.0206267,0.9109151993029663,0.877728,0.0226439
1090.55,0.806837,0.0206753,0.9136197396226485,0.883121,0.0226301
1090.77,0.811608,0.0206879,0.9164980150889077,0.885553,0.0225727
1091.00,0.806040,0.0205692,0.9193799009450508,0.876721,0.0223729
1091.23,0.813585,0.0206152,0.9221359783682610,0.882283,0.0223559
1091.45,0.828964,0.0207612,0.9246819498769133,0.896486,0.0224522
1091.68,0.832180,0.0207560,0.9269779476155896,0.897734,0.0223911
1091.91,0.832384,0.0207119,0.9290213470965739,0.895979,0.0222943
1092.14,0.820284,0.0205134,0.9308348752828072,0.881235,0.0220376
1092.36,0.807194,0.0198395,0.9324496628286749,0.865670,0.0212768
1092.59,0.798369,0.0188746,0.9338924336606178,0.854883,0.0202107
1092.82,0.811864,0.0181642,0.9351726055322389,0.868144,0.0194233
1093.05,0.832569,0.0175120,0.9362746766058699,0.889236,0.0187039
1093.27,0.856528,0.0169149,0.9371530651748907,0.913968,0.0180492
1093.50,0.889509,0.0168633,0.9377344531354667,0.948572,0.0179830
1093.73,0.912481,0.0170471,0.9379259807440737,0.972871,0.0181753
1093.96,0.929444,0.0171697,0.9376301078026552,0.991270,0.0183118
1094.18,0.945000,0.0172741,0.9367616641089527,1.00879,0.0184402
1094.41,0.964747,0.0174174,0.9352661610549335,1.03152,0.0186229
1094.64,0.962110,0.0173574,0.9331349364298500,1.03105,0.0186011
1094.86,0.972136,0.0174121,0.9304111730093102,1.04485,0.0187145
1095.09,0.967823,0.0173376,0.9271932058239659,1.04382,0.0186991
1095.32,0.955259,0.0171897,0.9236244911495456,1.03425,0.0186111
1095.55,0.945014,0.0170633,0.9198799035518553,1.02732,0.0185495
1095.77,0.948875,0.0170637,0.9161489645272907,1.03572,0.0186254
1096.00,0.938628,0.0169377,0.9126215430037210,1.02850,0.0185594
1096.23,0.935456,0.0168755,0.9094723701766579,1.02857,0.0185552
1096.46,0.928372,0.0167781,0.9068545413387050,1.02373,0.0185014
1096.68,0.919481,0.0166649,0.9048947014658075,1.01612,0.0184164
1096.91,0.911626,0.0165618,0.9036928003188356,1.00878,0.0183268
1097.14,0.903377,0.0164549,0.9033187907289453,1.00006,0.0182161
1097.36,0.898257,0.0163768,0.9038109128369790,0.993855,0.0181197
1097.59,0.892328,0.0162915,0.9051701036999368,0.985812,0.0179982
1097.82,0.886181,0.0162046,0.9073544943382483,0.976665,0.0178592
1098.05,0.877271,0.0160931,0.9102751663584715,0.963742,0.0176794
1098.27,0.864772,0.0159476,0.9137966676499176,0.946351,0.0174521
1098.50,0.849840,0.0157796,0.9177444818760824,0.926009,0.0171939
1098.73,0.845234,0.0157080,0.9219154734773470,0.916824,0.0170384
1098.96,0.829960,0.0155369,0.9260976647877454,0.896190,0.0167768
1099.18,0.817461,0.0153926,0.9300895305864582,0.878906,0.0165496
1099.41,0.814525,0.0153374,0.9337183879820004,0.872345,0.0164262
1099.64,0.820811,0.0158243,0.9368538519953918,0.876135,0.0168909
1099.87,0.815165,0.0165067,0.9394124804620018,0.867739,0.0175713
1100.09,0.822598,0.0173175,0.9413565552066122,0.873843,0.0183963
1100.32,0.831341,0.0181472,0.9426877247357351,0.881883,0.0192505
1100.55,0.851557,0.0191035,0.9434366968664584,0.902612,0.0202488
1100.77,0.863957,0.0195280,0.9436514544941776,0.915546,0.0206941
1101.00,0.884605,0.0197271,0.9433882514887827,0.937690,0.0209109
1101.23,0.907581,0.0199486,0.9427058351303003,0.962740,0.0211610
1101.46,0.913922,0.0199869,0.9416608849752534,0.970543,0.0212251
1101.68,0.904326,0.0198477,0.9403097117025899,0.961732,0.0211076
1101.91,0.900233,0.0197699,0.9387090595634421,0.959011,0.0210607
1102.14,0.882013,0.0195352,0.9369224577189960,0.941394,0.0208504
1102.37,0.851102,0.0191592,0.9350228184742639,0.910247,0.0204906
1102.59,0.817079,0.0187343,0.9330957535524604,0.875664,0.0200775
1102.82,0.791086,0.0184030,0.9312334988726333,0.849504,0.0197620
1103.05,0.756477,0.0179723,0.9295346445744248,0.813823,0.0193347
1103.28,0.748052,0.0178461,0.9280958499516886,0.806008,0.0192287
1103.50,0.762467,0.0179796,0.9269991346167589,0.822511,0.0193955
1103.73,0.792371,0.0182975,0.9262951149356315,0.855419,0.0197535
1103.96,0.829011,0.0186837,0.9259926503697987,0.895268,0.0201769
1104.18,0.872374,0.0191477,0.9260426707909456,0.942045,0.0206769
1104.41,0.906973,0.0194979,0.9263290660681787,0.979105,0.0210486
1104.64,0.917321,0.0195807,0.9266685308162059,0.989912,0.0211302
1104.87,0.935934,0.0197505,0.9268145112508808,1.00984,0.0213101
1105.09,0.936267,0.0197248,0.9264674550450391,1.01058,0.0212904
1105.32,0.923894,0.0195632,0.9252968198739771,0.998483,0.0211426
1105.55,0.902697,0.0193084,0.9229699385528150,0.978035,0.0209199
1105.78,0.878741,0.0190183,0.9191890979260045,0.955996,0.0206903
1106.00,0.824877,0.0183881,0.9137357887368124,0.902752,0.0201241
1106.23,0.768609,0.0177140,0.9065174006439886,0.847870,0.0195407
1106.46,0.722651,0.0171515,0.8976127356136038,0.805081,0.0191079
1106.69,0.670962,0.0165122,0.8872996422532131,0.756184,0.0186095
1106.91,0.627983,0.0159660,0.8760661698907835,0.716822,0.0182246
1107.14,0.606679,0.0156744,0.8645858895081368,0.701699,0.0181294
1107.37,0.608627,0.0156765,0.8536626094832684,0.712960,0.0183638
1107.59,0.617550,0.0157645,0.8441417618536242,0.731571,0.0186751
1107.82,0.648519,0.0161208,0.8368046642233653,0.774995,0.0192647
1108.05,0.686686,0.0165633,0.8322594980333371,0.825086,0.0199016
1108.28,0.728245,0.0170438,0.8308526791447398,0.876503,0.0205136
1108.50,0.758149,0.0177609,0.8326188585709626,0.910560,0.0213314
1108.73,0.791394,0.0194756,0.8372797768072220,0.945197,0.0232606
1108.96,0.801088,0.0213745,0.8442925414010692,0.948828,0.0253164
1109.19,0.803244,0.0231686,0.8529344874033354,0.941742,0.0271634
1109.41,0.810527,0.0250629,0.8624133234446060,0.939836,0.0290614
1109.64,0.819050,0.0265936,0.8719715652411255,0.939308,0.0304982
1109.87,0.826125,0.0271812,0.8809742784691544,0.937740,0.0308536
1110.10,0.832266,0.0272486,0.8889638941835791,0.936221,0.0306521
1110.32,0.852957,0.0275518,0.8956791839125310,0.952301,0.0307608
1110.55,0.865025,0.0277115,0.9010424603493581,0.960027,0.0307549
1110.78,0.875105,0.0278384,0.9051218213433723,0.966837,0.0307566
1111.01,0.871007,0.0277389,0.9080844088100355,0.959170,0.0305466
1111.23,0.880021,0.0278501,0.9101482650638282,0.966899,0.0305996
1111.46,0.888024,0.0279402,0.9115404013678513,0.974201,0.0306516
1111.69,0.893225,0.0279874,0.9124636935231905,0.978916,0.0306723
1111.91,0.896117,0.0270851,0.9130753985728043,0.981427,0.0296636
1112.14,0.898440,0.0256261,0.9134763078268352,0.983540,0.0280534
1112.37,0.894495,0.0236905,0.9137095387940043,0.978971,0.0259278
1112.60,0.883963,0.0216350,0.9137658262063417,0.967385,0.0236767
1112.82,0.880626,0.0196724,0.9135955669495369,0.963912,0.0215329
1113.05,0.875719,0.0186186,0.9131215415378400,0.959039,0.0203901
1113.28,0.874010,0.0181814,0.9122572844785543,0.958074,0.0199302
1113.51,0.881523,0.0182387,0.9109257732170071,0.967723,0.0200222
1113.73,0.893936,0.0183442,0.9090747819932880,0.983347,0.0201790
1113.96,0.899629,0.0183812,0.9066900004869216,0.992212,0.0202729
1114.19,0.912066,0.0184867,0.9038026955406310,1.00914,0.0204544
1114.42,0.919445,0.0185424,0.9004952048931268,1.02104,0.0205914
1114.64,0.918512,0.0185127,0.8968965218568905,1.02410,0.0206409
1114.87,0.902677,0.0183314,0.8931786217992309,1.01063,0.0205238
1115.10,0.890836,0.0181909,0.8895435542279183,1.00145,0.0204497
1115.33,0.875532,0.0180160,0.8862084190373243,0.987953,0.0203293
1115.55,0.872873,0.0179694,0.8833915893968715,0.988092,0.0203413
1115.78,0.874736,0.0179689,0.8812905834411245,0.992563,0.0203893
1116.01,0.877539,0.0179788,0.8800667472083359,0.997127,0.0204289
1116.23,0.884209,0.0180279,0.8798257075905207,1.00498,0.0204903
1116.46,0.883129,0.0179981,0.8806094427617623,1.00286,0.0204383
1116.69,0.874800,0.0178940,0.8823872888140436,0.991401,0.0202791
1116.92,0.861534,0.0177392,0.8850584175923515,0.973420,0.0200430
1117.14,0.842615,0.0175225,0.8884602117641878,0.948399,0.0197223
1117.37,0.813050,0.0171940,0.8923841651729557,0.911098,0.0192675
1117.60,0.798382,0.0170224,0.8965964282751574,0.890459,0.0189855
1117.83,0.785148,0.0168654,0.9008594269125084,0.871554,0.0187214
1118.05,0.777811,0.0167708,0.9049546139595668,0.859503,0.0185322
1118.28,0.785757,0.0168384,0.9087006922454541,0.864704,0.0185302
1118.51,0.804139,0.0170170,0.9119639813639561,0.881767,0.0186598
1118.74,0.813979,0.0171038,0.9146622676575131,0.889923,0.0186996
1118.96,0.823239,0.0171850,0.9167634374252139,0.897984,0.0187453
1119.19,0.832113,0.0176385,0.9182846517496851,0.906160,0.0192081
1119.42,0.837005,0.0189575,0.9192695299636852,0.910510,0.0206224
1119.65,0.834555,0.0206696,0.9197744105153352,0.907348,0.0224724
1119.87,0.847735,0.0226106,0.9198487284909259,0.921602,0.0245808
1120.10,0.838673,0.0241963,0.9195239924801860,0.912073,0.0263140
1120.33,0.819601,0.0252553,0.9188008745205677,0.892034,0.0274873
1120.55,0.776502,0.0249986,0.9176338171937889,0.846200,0.0272424
1120.78,0.733701,0.0242599,0.9159246990292189,0.801049,0.0264868
1121.01,0.676301,0.0232976,0.9135236769919155,0.740321,0.0255030
1121.24,0.624652,0.0223661,0.9102389655706199,0.686251,0.0245717
1121.46,0.580364,0.0215546,0.9058573171467910,0.640679,0.0237947
1121.69,0.560583,0.0211664,0.9001795444719032,0.622746,0.0235136
1121.92,0.558686,0.0211120,0.8930671376564792,0.625581,0.0236399
1122.15,0.565220,0.0212079,0.8844901777036038,0.639034,0.0239775
1122.37,0.596932,0.0217655,0.8745736863460939,0.682540,0.0248870
1122.60,0.637446,0.0224708,0.8636248691525739,0.738105,0.0260192
1122.83,0.686877,0.0233167,0.8521269143820402,0.793670,0.0271514
1123.06,0.738459,0.0241442,0.8407248437774557,0.849265,0.0282841
1123.28,0.767523,0.0246053,0.8301435818402759,0.904889,0.0294175
1123.51,0.803552,0.0251603,0.8211009387038688,0.960454,0.0305497
1123.74,0.815287,0.0253285,0.8142070116649593,1.01605,0.0316825
1123.97,0.816278,0.0253227,0.8098689995068457,1.07164,0.0328153
1124.19,0.774925,0.0246365,0.8082221938851387,1.12721,0.0339475
1124.42,0.735949,0.0239604,0.8090942092197959,1.18280,0.0350803
1124.65,0.682774,0.0230657,0.8120132296660998,1.23843,0.0362137
1124.88,0.639465,0.0223076,0.8162474322868783,1.29399,0.0373459
1125.10,0.595629,0.0215385,0.8208789016121678,1.34956,0.0384780
1125.33,0.567402,0.0210061,0.8248881278815773,1.40515,0.0396108
1125.56,0.568571,0.0210088,0.8272482198525315,1.46078,0.0407442
1125.78,0.588592,0.0213369,0.8270145049171295,1.51634,0.0418764
1126.01,0.615403,0.0217872,0.8234091983556716,1.57194,0.0430092
1126.24,0.659576,0.0225200,0.8158908965754299,1.62753,0.0441420
1126.47,0.718329,0.0235085,0.8042075295844345,1.68313,0.0452748
1126.69,0.771174,0.0243474,0.7884278287411091,1.73869,0.0464070
1126.92,0.779045,0.0244569,0.7689443143848732,1.79429,0.0475398
1127.15,0.866929,0.0257954,0.7464423028529813,1.84988,0.0486725
1127.38,0.735325,0.0237388,0.7218386037268266,0.00000,0.0498047
