900.155,0.0924499,0.120549,0.3921407249156103,0.235757,1.000000003309299
900.340,0.0681532,0.120203,0.3918210452762478,0.173939,1.000000003308844
900.526,0.0197932,0.119859,0.3914785141331812,0.0505601,1.000000003308387
900.711,0.0435880,0.119520,0.3911295630214179,0.111441,1.000000003307928
900.897,0.0196644,0.119180,0.3907994639080308,0.0503184,1.000000003307467
901.074,0.0192230,0.118845,0.3905161785244941,0.0492246,1.000000003307023
901.260,0.0666076,0.118513,0.3903215599358456,0.170648,1.000000003306558
901.445,0.137401,0.141694,0.3902381346156637,0.352095,1.000000003306090
901.631,0.137357,0.141362,0.3902776381509855,0.351946,1.000000003305620
901.817,0.160907,0.141033,0.3904307605868944,0.412126,1.000000003305148
902.002,0.160366,0.140707,0.3906640042108727,0.410495,1.000000003304674
902.188,0.183125,0.163638,0.3909236628498575,0.468442,1.000000003304197
902.365,0.159122,0.139823,0.3911397304808917,0.406816,1.000000003303738
902.551,0.135744,0.139505,0.3912549767699692,0.346943,1.000000003303258
902.736,0.158587,0.139188,0.3912127688660799,0.405371,1.000000003302774
902.922,0.135074,0.138873,0.3909858085589362,0.345470,1.000000003302289
903.107,0.0654025,0.115329,0.3905797819982920,0.167450,1.000000003301801
903.293,0.0388959,0.112948,0.3900348398680332,0.0997242,1.000000003301311
903.478,0.0539617,0.0948968,0.3894179848187337,0.138570,1.000000003300819
903.656,0.0579322,0.106873,0.3888056600051768,0.149000,1.000000003300344
903.842,0.0324586,0.118817,0.3882816749168368,0.0835954,1.000000003299847
904.027,0.0822700,0.130729,0.3878925254135651,0.212095,1.000000003299347
904.213,0.0599778,0.144685,0.3876479628588680,0.154722,1.000000003298846
904.398,0.0944724,0.174267,0.3875114357324320,0.243792,1.000000003298342
904.584,0.0765703,0.156526,0.3874061809754319,0.197648,1.000000003297835
904.769,0.0766402,0.156089,0.3872356226066038,0.197916,1.000000003297326
904.947,0.0239658,0.141998,0.3869077067358491,0.0619417,1.000000003296836
905.133,0.0693633,0.130329,0.3863827140740229,0.179519,1.000000003296322
905.318,0.0626048,0.118693,0.3856718068636599,0.162326,1.000000003295805
905.504,0.0501640,0.124372,0.3848621109539285,0.130343,1.000000003295286
905.689,0.118025,0.135727,0.3841004850072263,0.307275,1.000000003294765
905.875,0.158999,0.135467,0.3835630619327540,0.414532,1.000000003294241
906.060,0.113678,0.146289,0.3834109898865826,0.296491,1.000000003293714
906.246,0.0907698,0.145993,0.3837503057761806,0.236533,1.000000003293185
906.423,0.136283,0.168394,0.3845980334694279,0.354350,1.000000003292676
906.609,0.0906345,0.145192,0.3858944278178539,0.234868,1.000000003292142
906.794,0.0723122,0.147261,0.3874959235290468,0.186614,1.000000003291605
906.980,0.116969,0.135877,0.3892268989819967,0.300515,1.000000003291065
907.165,0.0943349,0.135607,0.3909157602276436,0.241317,1.000000003290523
907.351,0.0936710,0.135094,0.3924272124539271,0.238696,1.000000003289979
907.536,0.115886,0.134825,0.3936795508753992,0.294367,1.000000003289431
907.714,0.115743,0.134561,0.3946400536452267,0.293288,1.000000003288904
907.900,0.115354,0.134298,0.3953299794649504,0.291792,1.000000003288351
908.085,0.137688,0.134036,0.3957809829062970,0.347889,1.000000003287796
908.271,0.114964,0.111371,0.3960359762269943,0.290286,1.000000003287238
908.456,0.158865,0.133244,0.3961372884512337,0.401034,1.000000003286677
908.642,0.180805,0.132989,0.3961294137428973,0.456429,1.000000003286113
908.827,0.224536,0.154760,0.3960631967998593,0.566918,1.000000003285547
909.005,0.202481,0.154503,0.3960021096327583,0.511313,1.000000003285001
909.191,0.180261,0.154251,0.3960681562631861,0.455125,1.000000003284429
909.376,0.145742,0.145603,0.3964427307579754,0.367624,1.000000003283854
909.562,0.118497,0.127907,0.3974214885425545,0.298163,1.000000003283276
909.747,0.0634635,0.100079,0.3994578784012939,0.158874,1.000000003282696
909.933,0.0640105,0.110442,0.4032162517853989,0.158750,1.000000003282112
910.118,0.0587447,0.0928244,0.4096186261475580,0.143413,1.000000003281525
910.296,0.0699258,0.0894530,0.4198524021978576,0.166548,1.000000003280960
910.482,0.134005,0.117189,0.4353301561302393,0.307824,1.000000003280368
910.667,0.149684,0.133043,0.4575124519238802,0.327170,1.000000003279773
910.853,0.149670,0.132710,0.4876712928289836,0.306907,1.000000003279174
911.038,0.133576,0.160308,0.5265693022136021,0.253673,1.000000003278573
911.224,0.0693001,0.159973,0.5741463573234374,0.120701,1.000000003277969
911.409,0.0368667,0.159642,0.6292979810497035,0.0585838,1.000000003277361
911.595,0.0206796,0.143444,0.6898474834745734,0.0299771,1.000000003276751
911.773,0.0366360,0.115615,0.7527436571003137,0.0486698,1.000000003276162
911.958,0.0683196,0.0994949,0.8145102985602812,0.0838779,1.000000003275546
912.143,0.0999707,0.0834103,0.8717291113281298,0.114681,1.000000003274926
912.329,0.0996374,0.0831036,0.9215807821738005,0.108116,1.000000003274303
912.515,0.0994489,0.0829452,0.9622068224928472,0.103355,1.000000003273676
912.700,0.0836904,0.110124,0.9928676015219023,0.0842915,1.000000003273047
912.886,0.0991588,0.125611,1.013884865121188,0.0978007,1.000000003272414
913.063,0.0833224,0.113916,1.026420416737673,0.0811776,1.000000003271805
913.249,0.0362000,0.113616,1.032237950874866,0.0350694,1.000000003271166
913.434,0.0671289,0.129013,1.033347397952748,0.0649624,1.000000003270524
913.620,0.0983011,0.113188,1.031793781040165,0.0952719,1.000000003269878
913.805,0.0825236,0.0973976,1.029429123262122,0.0801643,1.000000003269229
913.991,0.144364,0.124236,1.027729256321780,0.140469,1.000000003268576
914.176,0.175263,0.108506,1.027655160377934,0.170546,1.000000003267920
914.362,0.174734,0.108220,1.029581211147447,0.169714,1.000000003267261
914.540,0.174497,0.108068,1.033309821766147,0.168872,1.000000003266626
914.725,0.174223,0.107917,1.038246240502622,0.167805,1.000000003265960
914.911,0.143018,0.107637,1.043548303066577,0.137050,1.000000003265291
915.096,0.219442,0.138083,1.048413043111710,0.209308,1.000000003264618
915.282,0.203829,0.137803,1.052263616714878,0.193705,1.000000003263941
915.467,0.188506,0.126500,1.054853683044536,0.178703,1.000000003263261
915.653,0.203620,0.141565,1.056257656177066,0.192774,1.000000003262578
915.831,0.157775,0.141289,1.056751024867992,0.149302,1.000000003261919
916.016,0.111495,0.125732,1.056711410130579,0.105511,1.000000003261228
916.202,0.156575,0.125464,1.056419736138514,0.148212,1.000000003260534
916.387,0.171570,0.136461,1.056022201181763,0.162468,1.000000003259836
916.573,0.186264,0.136197,1.055495633755719,0.176471,1.000000003259134
916.758,0.216304,0.120882,1.054668232261574,0.205091,1.000000003258428
916.944,0.215731,0.120624,1.053263954390754,0.204821,1.000000003257719
917.121,0.139940,0.0942183,1.050942348812803,0.133157,1.000000003257036
917.307,0.199547,0.109060,1.047389989557512,0.190518,1.000000003256319
917.492,0.169172,0.0938579,1.042294198408709,0.162307,1.000000003255598
917.678,0.169001,0.0937258,1.035434942928214,0.163217,1.000000003254874
917.863,0.168623,0.0934816,1.026730215041775,0.164233,1.000000003254146
918.049,0.272726,0.134242,1.016285690653426,0.268355,1.000000003253413
918.235,0.227557,0.133994,1.004404226167731,0.226559,1.000000003252677
918.420,0.227389,0.133860,0.9915533387756330,0.229325,1.000000003251937
918.598,0.271617,0.148525,0.9782499467677170,0.277655,1.000000003251224
918.783,0.359858,0.163058,0.9649432615933118,0.372931,1.000000003250476
918.969,0.270459,0.133195,0.9517577792991848,0.284168,1.000000003249724
919.154,0.270188,0.132956,0.9383688383531851,0.287934,1.000000003248968
919.340,0.314144,0.147528,0.9239113924777351,0.340014,1.000000003248207
919.525,0.269596,0.132609,0.9070550255824633,0.297221,1.000000003247443
919.711,0.180601,0.117610,0.8862402969693224,0.203783,1.000000003246674
919.889,0.209880,0.141772,0.8600607194380805,0.244029,1.000000003245934
920.074,0.168091,0.140812,0.8277649574930986,0.203066,1.000000003245157
920.260,0.125407,0.139855,0.7896181912592338,0.158819,1.000000003244376
920.445,0.212020,0.181978,0.7471643385549783,0.283766,1.000000003243590
920.631,0.155751,0.181017,0.7031539702970581,0.221503,1.000000003242800
920.816,0.172068,0.191354,0.6611562709537548,0.260252,1.000000003242006
921.002,0.247136,0.201861,0.6249098656376317,0.395474,1.000000003241208
921.187,0.254729,0.192874,0.5975675204858075,0.426275,1.000000003240405
921.365,0.177170,0.155524,0.5810181355782700,0.304930,1.000000003239632
921.551,0.251997,0.165998,0.5755021852414524,0.437872,1.000000003238820
921.736,0.215299,0.136143,0.5795462183056059,0.371495,1.000000003238004
921.922,0.201918,0.128831,0.5903494166241672,0.342030,1.000000003237183
922.107,0.304839,0.202214,0.6044395989497597,0.504332,1.000000003236357
922.293,0.314885,0.229103,0.6184839260139207,0.509124,1.000000003235527
922.478,0.286105,0.236554,0.6300584417232719,0.454092,1.000000003234693
922.664,0.388594,0.309592,0.6381934590111229,0.608895,1.000000003233854
922.841,0.419014,0.324040,0.6435590766177737,0.651088,1.000000003233045
923.027,0.279926,0.277292,0.6482806074037208,0.431797,1.000000003232197
923.213,0.352051,0.290217,0.6553441035478211,0.537199,1.000000003231343
923.398,0.431215,0.294167,0.6678526881164604,0.645672,1.000000003230485
923.583,0.342577,0.226836,0.6882158107935653,0.497774,1.000000003229622
923.769,0.400400,0.230794,0.7175153749577590,0.558035,1.000000003228754
923.955,0.475123,0.234749,0.7551861633375737,0.629145,1.000000003227882
924.132,0.531431,0.250442,0.7990747818988811,0.665057,1.000000003227040
924.318,0.530556,0.250095,0.8458712469587372,0.627229,1.000000003226158
924.503,0.654751,0.299749,0.8916889890585097,0.734280,1.000000003225270
924.689,0.603971,0.299393,0.9327914765279017,0.647487,1.000000003224377
924.874,0.578615,0.274190,0.9661923201856348,0.598860,1.000000003223480
925.060,0.453408,0.224055,0.9900639239953202,0.457958,1.000000003222576
925.245,0.452632,0.223722,1.003907241750780,0.450870,1.000000003221669
925.431,0.327777,0.173732,1.008496576417122,0.325015,1.000000003220755
925.609,0.277693,0.148691,1.005626868900053,0.276138,1.000000003219875
925.794,0.252619,0.148520,0.9977979884446867,0.253176,1.000000003218951
925.980,0.301604,0.173011,0.9877165402068165,0.305354,1.000000003218022
926.165,0.300882,0.172700,0.9778953863645879,0.307682,1.000000003217087
926.351,0.300628,0.172529,0.9702480682684446,0.309846,1.000000003216147
926.536,0.349553,0.196924,0.9658150193932726,0.361925,1.000000003215202
926.722,0.447649,0.221285,0.9646613598948262,0.464047,1.000000003214251
926.900,0.398194,0.196473,0.9659682845884993,0.412222,1.000000003213335
927.085,0.348668,0.196168,0.9683445433030561,0.360065,1.000000003212373
927.271,0.446287,0.220438,0.9701312825793731,0.460026,1.000000003211406
927.456,0.519092,0.244542,0.9698100558950724,0.535250,1.000000003210433
927.642,0.469741,0.244233,0.9662778043438860,0.486134,1.000000003209454
927.827,0.542578,0.268410,0.9589929961773999,0.565778,1.000000003208469
928.013,0.566482,0.268101,0.9479887365468034,0.597560,1.000000003207479
928.198,0.517044,0.267793,0.9337653755724605,0.553718,1.000000003206482
928.376,0.443242,0.243103,0.9171126695332648,0.483300,1.000000003205522
928.562,0.418510,0.218576,0.8989667070593245,0.465545,1.000000003204514
928.747,0.369380,0.218281,0.8801910829074090,0.419657,1.000000003203500
928.933,0.344693,0.217990,0.8615039010096756,0.400106,1.000000003202480
929.118,0.320046,0.217703,0.8434148693079789,0.379464,1.000000003201454
929.304,0.343690,0.217421,0.8262354299117439,0.415970,1.000000003200422
929.489,0.391660,0.241345,0.8101420983022847,0.483445,1.000000003199383
929.675,0.319182,0.217003,0.7952681056843012,0.401350,1.000000003198339
929.852,0.463000,0.240755,0.7817923485384036,0.592227,1.000000003197332
930.038,0.462599,0.240473,0.7700405466830775,0.600744,1.000000003196275
930.223,0.533866,0.264167,0.7604662627650834,0.702022,1.000000003195211
930.409,0.629071,0.287832,0.7536501073426455,0.834698,1.000000003194141
930.594,0.676711,0.287664,0.7502150493334515,0.902020,1.000000003193065
930.780,0.603789,0.263375,0.7507184194255448,0.804280,1.000000003191982
930.965,0.651016,0.263098,0.7555607273383720,0.861631,1.000000003190893
931.143,0.673735,0.262708,0.7649140028494921,0.880796,1.000000003189843
931.329,0.577344,0.238506,0.7787504573192253,0.741371,1.000000003188740
931.514,0.695893,0.285920,0.7968509297556396,0.873302,1.000000003187631
931.700,0.718819,0.309403,0.8189287199929856,0.877753,1.000000003186515
931.885,0.789325,0.332860,0.8447177519008350,0.934422,1.000000003185393
932.071,0.693439,0.308762,0.8740299598596682,0.793379,1.000000003184263
932.256,0.645655,0.284810,0.9067414314998435,0.712059,1.000000003183125
932.442,0.668549,0.284433,0.9427024992682775,0.709182,1.000000003181982
932.620,0.691483,0.284060,0.9815829920085892,0.704455,1.000000003180879
932.805,0.690598,0.283684,1.022757635196678,0.675229,1.000000003179721
932.991,0.760755,0.307001,1.065138970759284,0.714229,1.000000003178557
933.176,0.925347,0.353949,1.107211443264147,0.835743,1.000000003177385
933.362,0.924363,0.353573,1.147135318776945,0.805800,1.000000003176205
933.547,0.946800,0.353198,1.182976239432490,0.800352,1.000000003175018
933.733,1.06314,0.376302,1.212993659904223,0.876458,1.000000003173824
933.918,1.22622,0.399379,1.235915052627149,0.992154,1.000000003172623
934.096,1.95132,0.469299,1.251112906498957,1.55966,1.000000003171464
934.282,3.12044,0.585950,1.258708150401222,2.47907,1.000000003170247
934.467,5.24670,0.749216,1.259396753194997,4.16603,1.000000003169022
934.653,7.83721,0.912194,1.254291164281883,6.24830,1.000000003167791
934.838,11.4282,1.12167,1.244643694012934,9.18185,1.000000003166551
935.024,16.9004,1.37730,1.231575309564205,13.7225,1.000000003165303
935.209,22.3643,1.58585,1.215860616660064,18.3937,1.000000003164048
935.387,28.9585,1.80788,1.197791658578658,24.1765,1.000000003162837
935.572,35.7975,2.02657,1.177212005757742,30.4086,1.000000003161566
935.758,44.2730,2.26015,1.153523589759760,38.3806,1.000000003160287
935.943,51.9863,2.43622,1.125922881279730,46.1720,1.000000003158999
936.129,60.5240,2.63694,1.093661358131739,55.3406,1.000000003157703
936.315,67.3716,2.80538,1.056378279847197,63.7758,1.000000003156398
936.500,75.9371,3.01326,1.014436575318836,74.8562,1.000000003155086
936.686,84.1489,3.20168,0.9691770776104872,86.8248,1.000000003153764
936.863,90.9424,3.35939,0.9229848462071658,98.5305,1.000000003152490
937.049,98.3360,3.52385,0.8791543763052423,111.853,1.000000003151153
937.234,106.508,3.68001,0.8413895540703255,126.586,1.000000003149806
937.420,113.329,3.79537,0.8131932528992839,139.362,1.000000003148450
937.605,120.744,3.91372,0.7971564574108853,151.468,1.000000003147086
937.791,131.370,4.07803,0.7943877393267520,165.372,1.000000003145713
937.976,140.051,4.20938,0.8042521046890166,174.138,1.000000003144331
938.162,149.911,4.35401,0.8244955213125127,181.821,1.000000003142939
938.340,159.651,4.49399,0.8517153039126041,187.446,1.000000003141597
938.525,166.564,4.59002,0.8820828994094562,188.830,1.000000003140188
938.711,170.836,4.64646,0.9119920056178792,187.321,1.000000003138769
938.896,175.126,4.70317,0.9386221475785171,186.577,1.000000003137341
939.082,178.139,4.74122,0.9601925962419628,185.524,1.000000003135904
939.267,177.528,4.73085,0.9759506906865894,181.902,1.000000003134457
939.453,177.873,4.73334,0.9859632146184758,180.405,1.000000003133000
939.638,179.741,4.70855,0.9908071928141489,181.408,1.000000003131534
939.816,183.389,4.70557,0.9912615215635738,185.005,1.000000003130119
940.002,185.902,4.68769,0.9881173430383706,188.137,1.000000003128634
940.187,189.001,4.67990,0.9819797503560542,192.469,1.000000003127138
940.373,192.196,4.67200,0.9732587505170337,197.476,1.000000003125632
940.558,190.422,4.64797,0.9621775464519091,197.907,1.000000003124115
940.744,186.587,4.59878,0.9488381503990946,196.647,1.000000003122590
940.929,182.297,4.54378,0.9333206898085628,195.320,1.000000003121053
941.115,176.729,4.47047,0.9157959177065497,192.978,1.000000003119506
941.292,167.979,4.35563,0.8966276729094405,187.345,1.000000003118014
941.478,161.706,4.27122,0.8764939933415183,184.491,1.000000003116446
941.663,152.893,4.15034,0.8563706498995206,178.536,1.000000003114868
941.849,141.057,3.98300,0.8375313383258594,168.419,1.000000003113279
942.034,131.991,3.85050,0.8214277840460822,160.684,1.000000003111679
942.220,122.244,3.70155,0.8095160883233528,151.009,1.000000003110068
942.405,111.116,3.52866,0.8030673668115679,138.363,1.000000003108446
942.591,101.626,3.37456,0.8030028776505445,126.558,1.000000003106812
942.769,92.4743,3.21314,0.8097882627657438,114.195,1.000000003105236
942.954,81.2481,3.00568,0.8234550753975021,98.6670,1.000000003103581
943.140,71.5423,2.81527,0.8436112737623555,84.8045,1.000000003101913
943.325,61.2472,2.59912,0.8695727613766834,70.4334,1.000000003100235
943.511,50.4946,2.35714,0.9004459101146289,56.0771,1.000000003098544
943.696,42.1075,2.15292,0.9351824932953152,45.0258,1.000000003096842
943.882,35.1892,1.95788,0.9725957419313518,36.1806,1.000000003095128
944.067,27.8358,1.72303,1.011356446102326,27.5232,1.000000003093402
944.245,22.4130,1.53962,1.049998319985624,21.3457,1.000000003091736
944.431,17.6022,1.36005,1.087013257250886,16.1931,1.000000003089985
944.616,12.9326,1.15852,1.120900567965509,11.5376,1.000000003088223
944.802,8.91466,0.957265,1.150351672823997,7.74948,1.000000003086448
944.987,6.50514,0.823057,1.174391528327437,5.53914,1.000000003084660
945.173,4.14298,0.666808,1.192485289560874,3.47423,1.000000003082860
945.358,2.76240,0.555214,1.204584988514893,2.29323,1.000000003081047
945.544,2.24903,0.510305,1.211092938007873,1.85701,1.000000003079220
945.722,2.06983,0.487748,1.212748157105584,1.70672,1.000000003077458
945.907,1.89089,0.465210,1.210522891365269,1.56204,1.000000003075606
946.093,1.60190,0.420648,1.205389285784247,1.32894,1.000000003073741
946.278,1.51243,0.398221,1.198224940782572,1.26222,1.000000003071862
946.464,1.29016,0.353687,1.189691149960750,1.08444,1.000000003069969
946.649,1.02414,0.309244,1.180170542194725,0.867788,1.000000003068062
946.835,0.978843,0.308936,1.169759868857232,0.836786,1.000000003066143
947.020,1.08842,0.330784,1.158299218033724,0.939668,1.000000003064209
947.198,1.10968,0.330544,1.145407471384145,0.968807,1.000000003062342
947.383,1.21864,0.352292,1.130581183791447,1.07789,1.000000003060381
947.569,1.39736,0.366346,1.113178242612864,1.25528,1.000000003058405
947.755,1.27295,0.327927,1.092512472922849,1.16515,1.000000003056414
947.940,1.12766,0.299125,1.067916927039036,1.05594,1.000000003054409
948.126,1.04177,0.270347,1.038878580428745,1.00278,1.000000003052389
948.311,0.764904,0.219622,1.005246550391742,0.760909,1.000000003050354
948.497,0.547912,0.186240,0.9674808213355245,0.566326,1.000000003048304
948.674,0.448161,0.173686,0.9268791943109330,0.483514,1.000000003046324
948.860,0.460227,0.173557,0.8857233274248487,0.519603,1.000000003044244
949.045,0.385555,0.161055,0.8471127436569070,0.455139,1.000000003042148
949.231,0.397657,0.160932,0.8146288236812101,0.488143,1.000000003040037
949.416,0.471695,0.173199,0.7917313559498832,0.595774,1.000000003037909
949.602,0.619762,0.185423,0.7810751606329055,0.793469,1.000000003035767
949.787,0.644172,0.185299,0.7839281262102004,0.821719,1.000000003033607
949.973,0.742685,0.209872,0.7998645294114509,0.928509,1.000000003031431
950.151,0.742390,0.209745,0.8268277333586328,0.897873,1.000000003029331
950.336,0.840470,0.221938,0.8615956913946736,0.975476,1.000000003027123
950.522,0.864367,0.234090,0.9003922991446923,0.959985,1.000000003024898
950.707,0.937715,0.246262,0.9396176537416228,0.997970,1.000000003022655
950.893,0.937145,0.246105,0.9763864136147128,0.959805,1.000000003020396
951.078,1.12096,0.270550,1.008814430652002,1.11116,1.000000003018119
951.264,1.13706,0.279309,1.036025181561191,1.09752,1.000000003015825
951.449,1.13596,0.281559,1.057947599514909,1.07374,1.000000003013514
951.627,1.08843,0.280163,1.075011357359250,1.01248,1.000000003011282
951.813,1.12194,0.278766,1.087907997674146,1.03128,1.000000003008936
951.998,1.08407,0.281012,1.097325234298044,0.987911,1.000000003006570
952.184,1.15798,0.302520,1.103877148202286,1.04901,1.000000003004187
952.369,1.01416,0.286426,1.108058891526611,0.915249,1.000000003001785
952.555,1.07718,0.302163,1.110254966891887,0.970202,1.000000002999364
952.740,1.15597,0.317893,1.110761745302363,1.04070,1.000000002996924
952.926,1.13938,0.317705,1.109811813960226,1.02664,1.000000002994464
953.104,1.09082,0.301623,1.107584532823268,0.984860,1.000000002992091
953.289,1.21720,0.317329,1.104278873003497,1.10225,1.000000002989593
953.475,1.24823,0.317141,1.100073926382408,1.13467,1.000000002987076
953.660,1.29502,0.316959,1.095208499032618,1.18243,1.000000002984540
953.846,1.26263,0.316776,1.089995076132663,1.15837,1.000000002981982
954.031,1.13531,0.300781,1.084829751621173,1.04652,1.000000002979405
954.217,1.21369,0.300607,1.080174370904817,1.12360,1.000000002976808
954.402,1.16561,0.300437,1.076507040272489,1.08277,1.000000002974188
954.580,1.07753,0.285701,1.074232042197572,1.00307,1.000000002971660
954.765,1.08814,0.270978,1.073629773868763,1.01351,1.000000002968998
954.951,1.07335,0.259933,1.074714057095412,0.998721,1.000000002966316
955.136,0.924850,0.245231,1.077243905224833,0.858527,1.000000002963612
955.322,0.802102,0.218417,1.080737265962250,0.742176,1.000000002960888
955.508,0.644075,0.194057,1.084573841688207,0.593846,1.000000002958139
955.693,0.486160,0.169715,1.088127638125944,0.446782,1.000000002955370
955.878,0.485832,0.169624,1.090894516822249,0.445349,1.000000002952577
956.056,0.485463,0.169516,1.092548734533153,0.444337,1.000000002949879
956.242,0.618275,0.181518,1.092978908573780,0.565674,1.000000002947042
956.427,0.714708,0.205624,1.092147621974682,0.654401,1.000000002944180
956.613,0.895647,0.229712,1.090010798866875,0.821680,1.000000002941295
956.798,0.883124,0.229613,1.086386999515743,0.812894,1.000000002938385
956.984,0.894762,0.229495,1.080900362083605,0.827787,1.000000002935452
957.169,0.954563,0.241445,1.073015571548212,0.889601,1.000000002932494
957.355,1.00240,0.241329,1.062188661492628,0.943703,1.000000002929513
957.540,1.10922,0.265683,1.048093316549447,1.05831,1.000000002926506
957.718,1.15375,0.278036,1.030865649881699,1.11920,1.000000002923600
957.904,1.19856,0.294509,1.011338334402278,1.18511,1.000000002920544
958.089,1.06597,0.282738,0.9910274744980472,1.07561,1.000000002917461
958.275,0.977520,0.283024,0.9720207978236807,1.00565,1.000000002914352
958.460,0.790178,0.258861,0.9566188327592680,0.826004,1.000000002911217
958.646,0.838358,0.274910,0.9468700920588951,0.885390,1.000000002908055
958.831,0.886484,0.274777,0.9441195123409275,0.938945,1.000000002904866
959.017,0.870154,0.274666,0.9487100481943650,0.917188,1.000000002901648
959.195,0.918426,0.274558,0.9599191016286551,0.956764,1.000000002898541
959.380,0.918187,0.274451,0.9761970452028582,0.940566,1.000000002895270
959.566,0.933987,0.274323,0.9954933571652014,0.938205,1.000000002891972
959.751,0.885201,0.274195,1.015724675345548,0.871488,1.000000002888645
959.937,0.965522,0.290203,1.035124842102116,0.932748,1.000000002885288
960.122,1.06185,0.306206,1.052453160955808,1.00892,1.000000002881903
960.308,1.06150,0.306098,1.067036075591337,0.994803,1.000000002878489
960.493,1.07186,0.301452,1.078682596789413,0.993662,1.000000002875043
960.671,1.06242,0.284844,1.087529908567580,0.976902,1.000000002871714
960.857,1.08108,0.268242,1.093939431351901,0.988236,1.000000002868208
961.042,1.02343,0.251653,1.098314428510063,0.931811,1.000000002864672
961.228,1.03063,0.251163,1.101072471244741,0.936014,1.000000002861106
961.413,0.970481,0.239109,1.102594012173335,0.880168,1.000000002857508
961.599,0.958163,0.239023,1.103203943366386,0.868516,1.000000002853878
961.784,0.898029,0.238938,1.103157602632061,0.814042,1.000000002850216
961.970,0.873782,0.238852,1.102628466281087,0.792443,1.000000002846521
962.147,0.825820,0.226838,1.101686744232786,0.749585,1.000000002842948
962.333,0.753987,0.214828,1.100345959529693,0.685217,1.000000002839188
962.518,0.813354,0.226676,1.098526212207255,0.740393,1.000000002835392
962.704,0.813145,0.226600,1.096142166719209,0.741813,1.000000002831564
962.889,0.836756,0.226524,1.093158237395866,0.765436,1.000000002827701
963.075,0.931862,0.238369,1.089649135059436,0.855180,1.000000002823800
963.260,1.03892,0.250215,1.085839585067002,0.956770,1.000000002819866
963.446,1.01483,0.238222,1.082103008616160,0.937815,1.000000002815895
963.631,1.18128,0.250052,1.078900383730071,1.09487,1.000000002811888
963.809,1.19289,0.249981,1.076674150018420,1.10792,1.000000002808013
963.995,1.14494,0.249909,1.075774648123047,1.06427,1.000000002803934
964.180,1.12069,0.249837,1.076303703140471,1.04122,1.000000002799817
964.366,1.12025,0.249765,1.078118769150468,1.03906,1.000000002795661
964.551,0.989049,0.237802,1.080840371175971,0.915052,1.000000002791467
964.737,0.976793,0.237732,1.083929781278676,0.901137,1.000000002787234
964.922,1.07160,0.249554,1.086793209890529,0.985996,1.000000002782960
965.108,1.04760,0.249485,1.088880388607188,0.962064,1.000000002778644
965.286,1.04739,0.249426,1.089750230817161,0.961101,1.000000002774474
965.471,1.13027,0.261232,1.089150687374628,1.03772,1.000000002770079
965.657,1.15377,0.261169,1.086965985433555,1.06142,1.000000002765644
965.842,1.09419,0.249234,1.083255286486984,1.01006,1.000000002761168
966.028,1.08215,0.249177,1.078228859719513,1.00360,1.000000002756646
966.213,1.03444,0.249116,1.072231793674657,0.964715,1.000000002752083
966.399,0.951155,0.237206,1.065720647161673,0.892465,1.000000002747477
966.584,0.986441,0.249015,1.059223614039430,0.931249,1.000000002742824
966.762,1.04534,0.260808,1.053270997475530,0.992426,1.000000002738325
966.948,1.15162,0.272604,1.048364939729006,1.09844,1.000000002733584
967.133,1.18682,0.272550,1.044849654753275,1.13582,1.000000002728797
967.319,1.11539,0.260650,1.042900920953087,1.06945,1.000000002723963
967.504,1.05585,0.248751,1.042496702566365,1.01275,1.000000002719083
967.690,1.10295,0.248708,1.043432614231221,1.05698,1.000000002714154
967.875,1.04348,0.236817,1.045365267760288,0.998125,1.000000002709178
968.061,1.09060,0.248606,1.047869942347616,1.04070,1.000000002704153
968.246,1.20874,0.272229,1.050506930402802,1.15053,1.000000002699076
968.424,1.14932,0.272178,1.052867536240488,1.09151,1.000000002694166
968.609,1.03080,0.260295,1.054658998866697,0.977280,1.000000002688992
968.795,0.995172,0.260255,1.055677430100270,0.942579,1.000000002683764
968.980,0.912213,0.248387,1.055855107664479,0.863847,1.000000002678485
969.166,0.923918,0.248349,1.055234405156919,0.875429,1.000000002673150
969.352,0.947502,0.248318,1.053910167094725,0.898870,1.000000002667765
969.537,0.911954,0.248291,1.051804884060008,0.866667,1.000000002662323
969.723,0.959184,0.248264,1.047486937118408,0.913619,1.000000002656828
969.900,0.923645,0.248238,1.033711651282955,0.882341,1.000000002651508
970.086,0.817155,0.236395,0.9900087596619288,0.783680,1.000000002645902
970.271,0.757903,0.224544,0.8894828370069633,0.730901,1.000000002640239
970.457,0.757766,0.224517,0.7367487102478584,0.736672,1.000000002634515
970.642,0.592177,0.200861,0.5869392756390729,0.582386,1.000000002628735
970.828,0.556589,0.189026,0.4911734682043690,0.556270,1.000000002622894
971.013,0.426513,0.153570,0.4461329488767906,0.435501,1.000000002616991
971.199,0.333842,0.131041,0.4208664416331463,0.350209,1.000000002611028
971.384,0.290438,0.131457,0.3967348271631813,0.314583,1.000000002604998
971.562,0.277919,0.139598,0.3715089316642091,0.311826,1.000000002599164
971.748,0.174553,0.109702,0.3499851043657241,0.202936,1.000000002593013
971.933,0.197462,0.129653,0.3372528858277172,0.237001,1.000000002586798
972.119,0.281994,0.164379,0.3349361514802741,0.346621,1.000000002580515
972.304,0.281883,0.164376,0.3407807172881301,0.350720,1.000000002574167
972.490,0.424740,0.180253,0.3510828885406642,0.527735,1.000000002567751
972.675,0.472318,0.206456,0.3632221983043263,0.578483,1.000000002561265
972.861,0.519879,0.206442,0.3767160768881169,0.621285,1.000000002554710
973.039,0.503915,0.190559,0.3950976040285327,0.584014,1.000000002548362
973.224,0.519732,0.190556,0.4322548072203404,0.583047,1.000000002541666
973.410,0.392696,0.174674,0.5120697889771273,0.427123,1.000000002534897
973.595,0.456105,0.190550,0.6331125683810548,0.482911,1.000000002528056
973.781,0.503665,0.206422,0.7274714647654384,0.521768,1.000000002521141
973.966,0.567109,0.222295,0.7220426596587244,0.577856,1.000000002514148
974.152,0.646412,0.238177,0.6571932950065651,0.650919,1.000000002507080
974.337,0.772723,0.253624,0.6454363797069966,0.771882,1.000000002499933
974.523,0.894672,0.265009,0.7206341207565669,0.888976,1.000000002492705
974.700,0.823608,0.240975,0.8094610079278991,0.815465,1.000000002485706
974.886,0.795725,0.228745,0.8343074911639727,0.785754,1.000000002478319
975.071,0.802924,0.212460,0.7835463286568864,0.790913,1.000000002470852
975.257,0.673049,0.188855,0.6874334402913289,0.661167,1.000000002463301
975.443,0.531434,0.165260,0.5780979527596433,0.520313,1.000000002455659
975.628,0.507836,0.165258,0.4785010840272008,0.495177,1.000000002447933
975.814,0.460651,0.165266,0.4029965602265917,0.446978,1.000000002440122
975.999,0.330914,0.153476,0.3581605167973652,0.319306,1.000000002432221
976.185,0.330977,0.153477,0.3455433963199541,0.317443,1.000000002424227
976.362,0.342834,0.153488,0.3656335143865015,0.326799,1.000000002416484
976.548,0.472701,0.177112,0.4195748622733261,0.447973,1.000000002408309
976.733,0.484524,0.177124,0.5067026284766356,0.456889,1.000000002400041
976.919,0.614538,0.188950,0.6197270797099146,0.577358,1.000000002391678
977.104,0.780007,0.212576,0.7424647673841389,0.731362,1.000000002383214
977.290,0.851015,0.224398,0.8545344708337140,0.797841,1.000000002374654
977.476,0.886658,0.224416,0.9406305082353664,0.832615,1.000000002365987
977.661,1.01677,0.236242,0.9963501193591632,0.957674,1.000000002357223
977.839,1.00513,0.236263,1.026618048911993,0.950327,1.000000002348725
978.024,1.00527,0.236283,1.040137309773303,0.954174,1.000000002339757
978.210,1.12359,0.248128,1.044709341756068,1.07009,1.000000002330678
978.395,1.19462,0.259972,1.045542160687740,1.14050,1.000000002321493
978.581,1.18287,0.259992,1.045464316748985,1.13073,1.000000002312198
978.766,1.25385,0.271837,1.045700835965714,1.19880,1.000000002302787
978.952,1.28945,0.283686,1.046579136351977,1.23196,1.000000002293266
979.137,1.15959,0.271895,1.048021229743173,1.10641,1.000000002283628
979.323,1.11250,0.260108,1.049819008814540,1.05967,1.000000002273869
979.501,1.07711,0.260134,1.051739380480019,1.02409,1.000000002264402
979.686,0.982639,0.248346,1.053596840936963,0.932624,1.000000002254410
979.872,0.911823,0.236558,1.055195691984859,0.864103,1.000000002244294
980.057,0.852749,0.224757,1.056384716232864,0.807212,1.000000002234049
980.243,0.841145,0.224790,1.057079157818331,0.795705,1.000000002223679
980.428,0.794000,0.212990,1.057301590305740,0.750950,1.000000002213180
980.614,0.912616,0.224870,1.057200400540396,0.863217,1.000000002202545
980.799,1.01941,0.236751,1.057022134261037,0.964399,1.000000002191779
980.977,1.12613,0.248619,1.057031137536430,1.06535,1.000000002181332
981.163,1.04345,0.236812,1.057448066824821,0.986738,1.000000002170297
981.348,1.18571,0.260529,1.058303389530957,1.12036,1.000000002159120
981.534,1.07934,0.248735,1.059425067798924,1.01877,1.000000002147793
981.719,1.00850,0.236941,1.060442967429091,0.951000,1.000000002136324
981.905,1.05614,0.248841,1.060858499684586,0.995537,1.000000002124710
982.090,1.13925,0.260722,1.060155712642030,1.07459,1.000000002112944
982.276,1.15146,0.260790,1.057921359802640,1.08840,1.000000002101022
982.461,1.18729,0.260834,1.053947546968331,1.12650,1.000000002088947
982.639,1.22321,0.272749,1.048289387195674,1.16684,1.000000002077223
982.824,1.19979,0.272811,1.041317800892696,1.15216,1.000000002064835
983.010,1.09316,0.260985,1.033617060707432,1.05758,1.000000002052281
983.195,1.09350,0.261049,1.025913509196699,1.06586,1.000000002039556
983.381,1.04622,0.261096,1.018918022032903,1.02678,1.000000002026665
983.566,0.987115,0.249289,1.013165154341670,0.974271,1.000000002013600
983.752,0.999261,0.249363,1.008870966878951,0.990457,1.000000002000351
983.938,1.04685,0.261279,1.005852006685850,1.04074,1.000000001986926
984.123,1.09477,0.261357,1.003524494654595,1.09090,1.000000001973322
984.301,1.16630,0.273304,1.000994920986481,1.16512,1.000000001960112
984.486,1.10699,0.261460,0.9972761915232471,1.10999,1.000000001946136
984.672,1.02403,0.249645,0.9914581210302174,1.03284,1.000000001931971
984.857,1.02421,0.249701,0.9829694582290953,1.04194,1.000000001917611
985.043,0.905682,0.237882,0.9717379885164952,0.932007,1.000000001903045
985.228,0.953672,0.237968,0.9582618321810273,0.995194,1.000000001888280
985.414,0.930003,0.238009,0.9435583004071625,0.985618,1.000000001873303
985.599,1.02554,0.249980,0.9289998181868672,1.10390,1.000000001858119
985.785,1.03767,0.250044,0.9160707770994857,1.13272,1.000000001842709
985.963,1.03800,0.250110,0.9061028529845254,1.14555,1.000000001827747
986.148,0.943116,0.238276,0.9000945355318453,1.04778,1.000000001811909
986.334,1.02679,0.250244,0.8985324260524056,1.14272,1.000000001795848
986.519,0.919930,0.238408,0.9014026856937387,1.02054,1.000000001779555
986.705,0.991878,0.250412,0.9082336234366865,1.09208,1.000000001763020
986.890,0.944534,0.250480,0.9181893214320522,1.02867,1.000000001746248
987.076,1.00463,0.262489,0.9301562920329246,1.08001,1.000000001729232
987.261,0.969178,0.262556,0.9427668789863906,1.02779,1.000000001711959
987.447,1.05315,0.274575,0.9541719200647846,1.10253,1.000000001694435
987.625,1.07618,0.272587,0.9611360276826844,1.11450,1.000000001677394
987.810,1.10137,0.273083,0.9572161877982807,1.13185,1.000000001659344
987.996,0.982851,0.261650,0.9313204803996681,1.00636,1.000000001641035
988.181,0.959792,0.262151,0.8714737829132931,0.983702,1.000000001622450
988.367,0.756532,0.234612,0.7767066612173404,0.779963,1.000000001603576
988.552,0.643417,0.225257,0.6677358364318530,0.670520,1.000000001584421
988.738,0.563259,0.225338,0.5804420890036252,0.595949,1.000000001564973
988.923,0.531302,0.225422,0.5449077743056148,0.572702,1.000000001545219
989.109,0.547707,0.225507,0.5684322714727823,0.602698,1.000000001525166
989.287,0.628362,0.241681,0.6280511692121599,0.705959,1.000000001505652
989.472,0.547959,0.225632,0.6745949210282547,0.627232,1.000000001484982
989.658,0.596534,0.225720,0.6757357832288720,0.692757,1.000000001463988
989.843,0.725802,0.241949,0.6747000654074626,0.850017,1.000000001442649
990.029,0.742123,0.242036,0.7267409569882224,0.870411,1.000000001420985
990.214,0.887646,0.258283,0.8021986199443871,1.03535,1.000000001398968
990.400,0.968424,0.274492,0.8529450959628220,1.11641,1.000000001376607
990.585,0.966640,0.269570,0.8796599324320976,1.09602,1.000000001353884
990.771,0.953530,0.253095,0.8994518962708677,1.05985,1.000000001330786
990.948,0.932822,0.252757,0.9194777806261845,1.01448,1.000000001308308
991.134,0.851321,0.236271,0.9403905514019825,0.905265,1.000000001284465
991.319,0.858806,0.235933,0.9614515368851482,0.893221,1.000000001260239
991.505,0.856191,0.240602,0.9818578591874153,0.871995,1.000000001235611
991.690,0.784320,0.240699,1.000861832747056,0.783630,1.000000001210566
991.876,0.796674,0.240793,1.017798269057596,0.782728,1.000000001185110
992.062,0.809166,0.240887,1.032128709713599,0.783964,1.000000001159209
992.247,0.905959,0.253046,1.043488817476234,0.868187,1.000000001132887
992.433,0.894075,0.241076,1.051703095404495,0.850106,1.000000001106109
992.610,0.966680,0.241172,1.056738577449620,0.914760,1.000000001080029
992.796,0.942672,0.229196,1.058677616760773,0.890408,1.000000001052344
992.981,0.930804,0.229295,1.057587842100893,0.880104,1.000000001024190
993.167,0.798324,0.205258,1.053525314560971,0.757751,1.000000000995547
993.352,0.967797,0.229515,1.046545412949565,0.924737,1.000000000966393
993.538,0.992383,0.241716,1.036783997148658,0.957157,1.000000000936736
993.723,1.00464,0.253887,1.024572253824666,0.980526,1.000000000906555
993.909,1.07763,0.266100,1.010531227860174,1.06638,1.000000000875827
994.095,1.13839,0.278282,0.9956032947109910,1.14340,1.000000000844538
994.272,1.05431,0.266300,0.9809775849967125,1.07473,1.000000000814049
994.458,1.04277,0.254318,0.9679619663672732,1.07726,1.000000000781656
994.643,1.22504,0.266547,0.9577022633957817,1.27912,1.000000000748683
994.829,1.12858,0.254554,0.9509842400502289,1.18673,1.000000000715107
995.014,1.16538,0.254659,0.9480577828462248,1.22921,1.000000000680901
995.200,1.11725,0.254768,0.9485877895114422,1.17779,1.000000000646072
995.385,1.03271,0.254876,0.9517376910275801,1.08506,1.000000000610594
995.571,0.936264,0.242868,0.9563554865934231,0.978972,1.000000000574438
995.756,0.985241,0.242982,0.9612161038830148,1.02497,1.000000000537611
995.934,0.985677,0.243094,0.9652487361157770,1.02114,1.000000000501655
996.120,0.998119,0.243208,0.9677503291679028,1.03136,1.000000000463429
996.305,1.13235,0.255504,0.9684348133512897,1.16923,1.000000000424467
996.491,1.10849,0.255617,0.9674900019490669,1.14571,1.000000000384764
996.676,1.12112,0.255730,0.9655141470142303,1.16114,1.000000000344289
996.862,1.07283,0.255847,0.9633998940027197,1.11356,1.000000000303006
997.047,1.06106,0.255960,0.9621650047995267,1.10276,1.000000000260922
997.233,1.07402,0.256115,0.9627554708204666,1.11554,1.000000000218003
997.418,1.12342,0.268452,0.9658485300798686,1.16312,1.000000000174212
997.596,0.989520,0.256344,0.9717003322823212,1.01832,1.000000000131438
997.782,1.01439,0.256465,0.9801257545031009,1.03494,1.000000000085899
997.967,1.14947,0.268826,0.9904983245701775,1.16047,1.000000000039447
998.153,1.12581,0.268979,1.001933611837299,1.12361,0.9999999999920104
998.338,1.12651,0.269133,1.013475102694794,1.11151,0.9999999999436255
998.524,1.23697,0.281470,1.024282833126700,1.20761,0.9999999998942180
998.709,1.29879,0.293853,1.033757500396857,1.25635,0.9999999998437923
998.895,1.22595,0.281742,1.041580652573094,1.17698,0.9999999997923033
999.080,1.12837,0.269629,1.047677261291081,1.07700,0.9999999997397035
999.258,1.09211,0.257516,1.052123143973626,1.03798,0.9999999996882643
999.443,1.09955,0.265949,1.055093764038288,1.04211,0.9999999996334321
999.629,1.09240,0.269787,1.056745166035264,1.03371,0.9999999995774294
999.814,1.19676,0.307613,1.057228034808479,1.13195,0.9999999995202040
1000.00,1.21041,0.323728,1.056683580535158,1.14545,0.9999999994617010
1000.19,1.15322,0.339835,1.055262956927968,1.09280,0.9999999994019213
1000.37,1.11354,0.347647,1.053138015047366,1.05733,0.9999999993407671
1000.56,1.04912,0.347813,1.050493899372205,0.998664,0.9999999992782793
1000.74,0.876071,0.326270,1.047510271280234,0.836313,0.9999999992143551
1000.92,0.942122,0.326442,1.044329226731934,0.902107,0.9999999991517550
1001.11,0.986362,0.326627,1.041083119768201,0.947412,0.9999999990849548
1001.29,1.03059,0.326812,1.037851675195532,0.992976,0.9999999990165855
1001.48,1.11844,0.348827,1.034730023005152,1.08087,0.9999999989466437
1001.66,1.18438,0.349010,1.031856807990510,1.14778,0.9999999988750339
1001.85,0.966632,0.305485,1.029431550987004,0.938968,0.9999999988017507
1002.03,1.03288,0.327540,1.027707624887861,1.00500,0.9999999987267179
1002.22,1.16480,0.349605,1.026947564929942,1.13420,0.9999999986498531
1002.40,1.07815,0.327973,1.027359100987339,1.04940,0.9999999985711232
1002.58,0.925611,0.306256,1.029022351398312,0.899477,0.9999999984938761
1002.77,1.05725,0.350127,1.031881410665473,1.02456,0.9999999984113426
1002.95,0.948584,0.328458,1.035684640277072,0.915871,0.9999999983267303
1003.14,0.774296,0.306778,1.040040654772772,0.744462,0.9999999982400265
1003.32,0.906717,0.328922,1.044454499668173,0.868096,0.9999999981511323
1003.51,0.994840,0.351000,1.048378694869037,0.948900,0.9999999980599434
1003.69,0.973384,0.351184,1.051257154787215,0.925892,0.9999999979664425
1003.88,1.06183,0.351369,1.052552894881775,1.00878,0.9999999978705192
1004.07,1.06224,0.351554,1.051766333722722,1.00992,0.9999999977720568
1004.25,0.909052,0.329798,1.048464764590954,0.867000,0.9999999976710321
1004.43,0.865444,0.307958,1.042326265782226,0.830270,0.9999999975716412
1004.61,1.02014,0.330205,1.033264892891821,0.987262,0.9999999974652296
1004.80,1.04303,0.352468,1.021482369202338,1.02106,0.9999999973559748
1004.99,1.04365,0.352669,1.007593400273798,1.03574,0.9999999972437379
1005.17,1.06628,0.352870,0.9926395989752426,1.07415,0.9999999971283711
1005.36,1.17710,0.375087,0.9780033189384584,1.20353,0.9999999970098363
1005.54,1.00110,0.331134,0.9652092862856462,1.03714,0.9999999968879765
1005.73,0.913380,0.309276,0.9556350348788080,0.955744,0.9999999967626245
1005.91,0.847338,0.287343,0.9502126211899067,0.891697,0.9999999966337316
1006.09,0.803576,0.287555,0.9491982999194641,0.846547,0.9999999965066937
1006.28,0.759987,0.287765,0.9521403434078918,0.798152,0.9999999963703818
1006.46,0.782510,0.310072,0.9579502750242898,0.816822,0.9999999962299688
1006.65,0.649916,0.288088,0.9652110418015154,0.673310,0.9999999960854808
1006.83,0.672367,0.288217,0.9725152090615004,0.691337,0.9999999959366606
1007.02,0.672849,0.288428,0.9787761466028456,0.687406,0.9999999957832826
1007.20,0.717974,0.288639,0.9834203042778946,0.730044,0.9999999956252641
1007.39,0.696259,0.266603,0.9864179796649141,0.705811,0.9999999954623082
1007.58,0.807895,0.289010,0.9881472186240069,0.817545,0.9999999952943195
1007.75,0.830632,0.311419,0.9891451204998301,0.839705,0.9999999951283820
1007.94,0.808811,0.289338,0.9898700873539379,0.817045,0.9999999949497462
1008.12,0.764983,0.289554,0.9904368930303501,0.772328,0.9999999947654172
1008.31,0.832322,0.312016,0.9905442781594274,0.840221,0.9999999945750888
1008.49,0.765785,0.289891,0.9894988292439766,0.773869,0.9999999943784321
1008.68,0.766274,0.290104,0.9863855412361636,0.776806,0.9999999941751638
1008.87,0.811454,0.312609,0.9803271138288557,0.827689,0.9999999939651945
1009.05,0.815514,0.327443,0.9707813682705851,0.840009,0.9999999937480832
1009.24,0.737750,0.342273,0.9577922176089274,0.770214,0.9999999935234281
1009.42,0.708325,0.338521,0.9421241746722808,0.751791,0.9999999932910308
1009.60,0.838899,0.394340,0.9252259020869995,0.906638,0.9999999930605945
1009.79,0.742224,0.368216,0.9090548054799966,0.816425,0.9999999928118106
1009.97,0.947902,0.409503,0.8956652036847906,1.05825,0.9999999925540644
1010.16,1.07133,0.409776,0.8868135032888366,1.20798,0.9999999922868315
1010.34,1.39999,0.492001,0.8835616150886181,1.58437,0.9999999920098253
1010.53,1.19559,0.410246,0.8860457827490469,1.34925,0.9999999917224693
1010.71,1.27808,0.451472,0.8934533990262966,1.43039,0.9999999914240425
1010.90,0.950419,0.369610,0.9042166232292032,1.05102,0.9999999911142783
1011.08,0.786584,0.328719,0.9163588570520139,0.858312,0.9999999907925974
1011.26,0.417290,0.246772,0.9278921723704393,0.449682,0.9999999904723922
1011.45,0.458675,0.288131,0.9372174004917254,0.489360,0.9999999901253152
1011.63,0.500444,0.288420,0.9433404410732092,0.530457,0.9999999897642360
1011.82,0.707114,0.371115,0.9460308934662981,0.747388,0.9999999893882665
1012.00,0.789966,0.412541,0.9457990527132206,0.835161,0.9999999889968383
1012.19,0.996708,0.453996,0.9437514134697825,1.05602,0.9999999885889574
1012.38,1.07979,0.454267,0.9413446186174657,1.14696,0.9999999881635475
1012.56,1.07718,0.439751,0.9400772372012964,1.14573,0.9999999877198857
1012.75,1.03735,0.383954,0.9411709181872507,1.10208,0.9999999872567606
1012.93,0.985225,0.346728,0.9453121378920305,1.04211,0.9999999867726921
1013.11,0.918525,0.332190,0.9525075212874530,0.964220,0.9999999862884892
1013.30,0.870378,0.317642,0.9621396663416745,0.904528,0.9999999857606643
1013.48,0.825498,0.317878,0.9730946478153119,0.848226,0.9999999852082635
1013.67,0.871827,0.340869,0.9840663286185016,0.885840,0.9999999846295429
1013.85,1.05432,0.386560,0.9938416376236076,1.06072,0.9999999840232092
1014.04,1.12330,0.386788,1.001533924688881,1.12144,0.9999999833870528
1014.22,1.07826,0.364218,1.006709607718719,1.07094,0.9999999827195312
1014.41,1.21570,0.387268,1.009391222103872,1.20423,0.9999999820183163
1014.59,1.03404,0.341924,1.009958199267566,1.02371,0.9999999812808518
1014.77,0.829350,0.296550,1.008984317086936,0.821847,0.9999999805378157
1014.96,0.853017,0.296795,1.007113506840631,0.846866,0.9999999797225914
1015.14,0.830420,0.296947,1.004870657530902,0.826267,0.9999999788632772
1015.33,0.713977,0.251159,1.002608066571438,0.712005,0.9999999779563264
1015.51,0.844075,0.257381,1.000454398622564,0.843551,0.9999999769987917
1015.70,1.01008,0.263607,0.9983127045310694,1.01161,0.9999999759865001
1015.88,0.876473,0.233993,0.9958944846496327,0.879927,0.9999999749148289
1016.07,1.02977,0.240231,0.9927854262642762,1.03706,0.9999999737797973
1016.26,1.00349,0.233794,0.9885382896889024,1.01493,0.9999999725759035
1016.44,0.926171,0.233983,0.9827875759619762,0.942199,0.9999999712970192
1016.62,0.796780,0.221144,0.9753620301377867,0.816732,0.9999999699962024
1016.80,0.745062,0.221279,0.9664182322548641,0.770780,0.9999999685523688
1016.99,0.641553,0.208419,0.9564332678092395,0.670620,0.9999999670127058
1017.18,0.746611,0.221615,0.9462106196931828,0.788861,0.9999999653701859
1017.36,0.721144,0.208736,0.9367617913921571,0.769630,0.9999999636142474
1017.55,0.773914,0.221951,0.9291340320738550,0.832718,0.9999999617335331
1017.73,0.878839,0.235174,0.9242128609499429,0.950637,0.9999999597172589
1017.92,0.931665,0.248409,0.9225437596326490,1.00959,0.9999999575513117
1018.10,0.853909,0.248598,0.9242203093918109,0.923635,0.9999999552196537
1018.29,0.998545,0.274965,0.9288619916084830,1.07467,0.9999999527065713
1018.47,1.05159,0.275153,0.9356790137842520,1.12349,0.9999999501086037
1018.65,1.07847,0.275344,0.9436557754957293,1.14245,0.9999999471795451
1018.84,1.11850,0.275531,0.9516925227559432,1.17482,0.9999999440021332
1019.02,1.14531,0.275718,0.9588235857050688,1.19400,0.9999999405449529
1019.21,1.01466,0.249640,0.9643451322589903,1.05171,0.9999999367790868
1019.39,0.949605,0.249834,0.9678785568241969,0.980659,0.9999999326622575
1019.58,0.844924,0.236844,0.9693494900754550,0.871202,0.9999999281522212
1019.77,0.832575,0.237040,0.9688963468253826,0.858831,0.9999999231935097
1019.95,0.740954,0.224037,0.9667048177349213,0.765959,0.9999999177278036
1020.13,0.807547,0.237387,0.9627332790575173,0.837827,0.9999999119463111
1020.31,0.874158,0.237584,0.9566543389019386,0.911409,0.9999999052594725
1020.50,1.03316,0.264184,0.9486945177140714,1.08384,0.9999998978088898
1020.68,1.00737,0.264379,0.9405620021223212,1.06465,0.9999998894694571
1020.87,1.02092,0.264520,0.9334642395417716,1.08837,0.9999998800887879
1021.06,1.00843,0.264715,0.9261185448957407,1.08582,0.9999998694907537
1021.24,0.996096,0.264910,0.9169409237034857,1.08463,0.9999998574391851
1021.43,0.930817,0.251887,0.9059383803819492,1.02620,0.9999998436696510
1021.61,0.931590,0.252083,0.8937437412102971,1.04102,0.9999998278160943
1021.80,1.02513,0.265519,0.8807444615403938,1.16229,0.9999998094382145
1021.98,1.01262,0.265720,0.8671212730209851,1.16593,0.9999997889092088
1022.16,1.00018,0.265919,0.8530402940332764,1.17038,0.9999997637058703
1022.35,0.961029,0.266115,0.8386385278801757,1.14354,0.9999997335231000
1022.53,0.988486,0.266316,0.8238782468758200,1.19652,0.9999996958657111
1022.72,0.923018,0.261433,0.8075868426749218,1.13683,0.9999996392795071
1022.90,0.884400,0.262106,0.7843585749381766,1.10852,0.9999994888425127
1023.09,0.778392,0.244798,0.7404782974390437,0.993189,0.9999987683404928
1023.27,0.658295,0.227481,0.6596626375268541,0.855623,0.9999948062464681
1023.46,0.592923,0.228164,0.5460391265365497,0.786086,0.9999746914949071
1023.65,0.521767,0.215904,0.4348215551484340,0.707224,0.9998848588160769
1023.82,0.396184,0.180042,0.3602928688464159,0.550946,0.9995608930899419
1024.01,0.396671,0.180177,0.3235308648753671,0.568673,0.9984417545860444
1024.19,0.432966,0.180310,0.3052474135274824,0.643795,0.9951712933049590
1024.38,0.307013,0.144367,0.2911204656409414,0.476817,0.9869733207315847
1024.57,0.289234,0.144507,0.2763602779259069,0.472600,0.9694379719650522
1024.75,0.307440,0.162673,0.2602243674477346,0.531910,0.9378512558453863
1024.94,0.217302,0.144694,0.2427961093459559,0.399725,0.8906460268480280
1025.12,0.199669,0.144834,0.2243468702097666,0.390568,0.8330501654835787
1025.31,0.218003,0.163044,0.2056609805606371,0.451081,0.7774763396822890
1025.49,0.309093,0.181342,0.1885191194888423,0.668939,0.7385582556232699
1025.67,0.363744,0.181479,0.1756428346298300,0.809927,0.7268376676795016
1025.86,0.472842,0.217911,0.1698087261954565,1.06262,0.7444715393180998
1026.04,0.473049,0.218047,0.1725144554809037,1.05328,0.7877606722511995
1026.23,0.582492,0.236395,0.1833261071209422,1.26622,0.8448313878644190
1026.41,0.541750,0.222571,0.2018874925914255,1.13920,0.9009997745990638
1026.60,0.582626,0.226902,0.2333897385801352,1.18090,0.9452065077041368
1026.78,0.645997,0.226633,0.2891946346372687,1.26325,0.9737087213456449
1026.97,0.763924,0.244552,0.3708873015078838,1.44699,0.9890336711106374
1027.15,0.682167,0.217094,0.4564053292368495,1.25848,0.9960166855506366
1027.34,0.723268,0.217246,0.5184578738273770,1.30718,0.9987361637386718
1027.52,0.737318,0.217403,0.5507012693921138,1.31266,0.9996288243647928
1027.70,0.710681,0.203991,0.5641107648101618,1.25224,0.9999087929884544
1027.89,0.697672,0.204204,0.5695337039206141,1.22144,0.9999800304376956
1028.07,0.766062,0.217943,0.5717990920476070,1.33684,0.9999958397280952
1028.26,0.834869,0.231753,0.5723059636445392,1.45607,0.9999989450638703
1028.45,0.808105,0.231905,0.5714194760928760,1.41190,0.9999995197869529
1028.63,0.849751,0.245732,0.5692599639733192,1.49057,0.9999996475266119
1028.82,0.809373,0.232256,0.5658860356189288,1.42842,0.9999997000458665
1029.00,0.782569,0.232412,0.5613699467657608,1.39241,0.9999997363375087
1029.19,0.646450,0.218917,0.5558541648190514,1.16176,0.9999997656823915
1029.37,0.742946,0.232788,0.5495893706032027,1.35052,0.9999997893080462
1029.55,0.716227,0.233004,0.5429745866939653,1.31792,0.9999998103151353
1029.74,0.702958,0.233160,0.5365297786647457,1.30913,0.9999998283146275
1029.92,0.785852,0.247065,0.5308898474439605,1.47915,0.9999998438648766
1030.11,0.813687,0.247220,0.5267594381142221,1.54364,0.9999998573896194
1030.29,0.663146,0.219896,0.5248524847355329,1.26269,0.9999998692458831
1030.48,0.594914,0.206330,0.5258195433963994,1.13073,0.9999998796941181
1030.66,0.595351,0.206490,0.5301580460884691,1.12235,0.9999998889457056
1030.85,0.499536,0.192904,0.5381210440363628,0.927817,0.9999998971891000
1031.04,0.499975,0.193062,0.5496367066205360,0.909206,0.9999999045624038
1031.21,0.569329,0.206984,0.5642579862767594,1.00853,0.9999999109199952
1031.40,0.555883,0.207144,0.5811929924525699,0.956043,0.9999999169171296
1031.58,0.584039,0.207301,0.5993513290623715,0.974059,0.9999999223432399
1031.77,0.625940,0.207458,0.6174936792659151,1.01329,0.9999999272691680
1031.95,0.695560,0.221480,0.6343894197353267,1.09603,0.9999999317550212
1032.14,0.820898,0.235515,0.6489780010628896,1.26448,0.9999999358495020
1032.33,0.946105,0.249556,0.6604980170829440,1.43195,0.9999999396019539
1032.51,1.02996,0.263605,0.6685663328378539,1.54007,0.9999999430474529
1032.70,1.10000,0.277664,0.6731897516286319,1.63353,0.9999999462167946
1032.88,1.07290,0.263962,0.6747240815614245,1.58969,0.9999999491426452
1033.06,1.01821,0.264175,0.6737815015115557,1.51079,0.9999999517379692
1033.25,1.04685,0.264388,0.6711336147036822,1.55944,0.9999999542520164
1033.43,1.13141,0.278555,0.6675415829958298,1.69448,0.9999999565854667
1033.62,1.07633,0.264811,0.6636554696826450,1.62145,0.9999999587539257
1033.80,1.16076,0.278939,0.6599234039871948,1.75855,0.9999999607765477
1033.99,1.10567,0.265173,0.6565722222310805,1.68364,0.9999999626613332
1034.17,1.10658,0.265391,0.6536634641509135,1.69255,0.9999999644239970
1034.36,1.00964,0.251661,0.6512151994372365,1.55010,0.9999999660738408
1034.54,1.08023,0.265834,0.6493538663890809,1.66323,0.9999999676193496
1034.73,0.968838,0.252024,0.6484398914948415,1.49384,0.9999999690710468
1034.91,1.03951,0.266216,0.6491023867577788,1.60117,0.9999999703797330
1035.09,0.942062,0.252384,0.6521920120527798,1.44421,0.9999999716671116
1035.28,0.900744,0.252605,0.6585890935682552,1.36747,0.9999999728801081
1035.46,0.831292,0.238753,0.6690334594603635,1.24233,0.9999999740236356
1035.65,0.958480,0.252989,0.6839746959681547,1.40113,0.9999999751043152
1035.84,0.902990,0.253206,0.7035336217915925,1.28332,0.9999999761260210
1036.02,1.00215,0.267467,0.7275831250442478,1.37718,0.9999999770929842
1036.21,0.988574,0.253571,0.7559016111911676,1.30763,0.9999999780090614
1036.39,1.01731,0.267850,0.7883183762573733,1.29032,0.9999999788772185
1036.58,0.919302,0.253933,0.8247707319267483,1.11447,0.9999999797018184
1036.76,0.976507,0.254157,0.8652204531051583,1.12848,0.9999999804530351
1036.94,0.850065,0.240220,0.9095017358222539,0.934538,0.9999999811995284
1037.13,0.921472,0.254544,0.9570632779486161,0.962701,0.9999999819099268
1037.31,0.922120,0.254762,1.006838916742202,0.915753,0.9999999825860937
1037.50,1.00781,0.269111,1.057211342792943,0.953160,0.9999999832310367
1037.68,0.994484,0.269328,1.106125033949757,0.898939,0.9999999838462539
1037.87,1.22227,0.297902,1.151269644008395,1.06135,0.9999999844331728
1038.05,1.39389,0.312337,1.190193810405536,1.17007,0.9999999849945966
1038.24,1.52280,0.326786,1.220193179369338,1.24444,0.9999999855309396
1038.42,1.55234,0.326999,1.238101290672134,1.24400,0.9999999860436828
1038.61,1.63872,0.341464,1.240670355170184,1.29681,0.9999999865348326
1038.79,1.66865,0.341738,1.226490863905059,1.31228,0.9999999869858749
1038.97,1.47043,0.327742,1.199214288124908,1.15533,0.9999999874375740
1039.16,1.41110,0.333457,1.168878073714349,1.11227,0.9999999878707519
1039.34,1.27903,0.334180,1.148144185172351,1.01432,0.9999999882861423
1039.53,1.29161,0.339903,1.144763806604650,1.03229,0.9999999886852273
1039.72,1.04032,0.326375,1.156792563628898,0.838537,0.9999999890686013
1039.90,1.05644,0.327100,1.175025709655960,0.858795,0.9999999894368437
1040.09,0.960990,0.308109,1.190023336267965,0.787535,0.9999999897914311
1040.27,1.05808,0.327633,1.197279863480222,0.873645,0.9999999901321466
1040.46,1.17540,0.347260,1.197343562528662,0.977347,0.9999999904603472
1040.64,1.29196,0.366812,1.192910989692716,1.08146,0.9999999907633608
1040.82,1.31221,0.386376,1.186399662007245,1.10557,0.9999999910683972
1041.01,1.31278,0.386588,1.179130035311919,1.11318,0.9999999913624429
1041.19,1.25548,0.367510,1.171661583615145,1.07145,0.9999999916458380
1041.38,1.23770,0.367891,1.164223741119195,1.06304,0.9999999919194480
1041.56,1.33552,0.368189,1.156948985163640,1.15427,0.9999999921835470
1041.75,1.43346,0.368487,1.149935949750462,1.24648,0.9999999924384075
1041.93,1.47293,0.368707,1.143243514950226,1.28830,0.9999999926847769
1042.12,1.57086,0.388377,1.136878063469196,1.38165,0.9999999929228738
1042.31,1.43626,0.369288,1.130802369419375,1.27005,0.9999999931530659
1042.48,1.32080,0.350105,1.124947136130528,1.17403,0.9999999933664740
1042.67,1.23401,0.342363,1.119274445436953,1.10245,0.9999999935821771
1042.85,1.39845,0.356572,1.113745198212881,1.25556,0.9999999937909487
1043.04,1.44171,0.351344,1.108364461399387,1.30069,0.9999999939929529
1043.22,1.49947,0.346113,1.103167349906822,1.35917,0.9999999941887350
1043.41,1.44115,0.331278,1.098200838103158,1.31222,0.9999999943784246
1043.60,1.44134,0.319535,1.093505412786934,1.31803,0.9999999945621532
1043.78,1.35538,0.305255,1.089097095702131,1.24444,0.9999999947404015
1043.97,1.47322,0.320112,1.084961900145413,1.35779,0.9999999949132723
1044.15,1.32875,0.305811,1.081059553768916,1.22906,0.9999999950809810
1044.34,1.35855,0.320562,1.077335805082611,1.26097,0.9999999952437315
1044.52,1.37410,0.320779,1.073730148067197,1.27969,0.9999999953951597
1044.70,1.40443,0.335619,1.070224617932430,1.31221,0.9999999955487564
1044.89,1.23062,0.306705,1.066798640104343,1.15351,0.9999999956979428
1045.07,1.30439,0.306928,1.063466668722041,1.22649,0.9999999958427923
1045.26,1.23171,0.292499,1.060261233856209,1.16166,0.9999999959836561
1045.44,1.11539,0.278065,1.057226676866893,1.05497,0.9999999961205897
1045.63,1.02850,0.263679,1.054408917834287,0.975386,0.9999999962536517
1045.81,1.01475,0.263907,1.051847084253979,0.964694,0.9999999963831565
1046.00,0.956962,0.264135,1.049566661606595,0.911733,0.9999999965091473
1046.19,1.10445,0.279012,1.047577775384597,1.05425,0.9999999966316713
1046.37,1.11969,0.279175,1.045875005927959,1.07054,0.9999999967510103
1046.55,1.16474,0.279404,1.044430445204244,1.11515,0.9999999968624436
1046.73,1.04782,0.264889,1.043232959309551,1.00436,0.9999999969757145
1046.92,1.21103,0.279876,1.042243822433217,1.16190,0.9999999970859743
1047.11,1.24174,0.294870,1.041434619379715,1.19229,0.9999999971934692
1047.29,1.24251,0.295033,1.040781859159940,1.19378,0.9999999972982228
1047.48,1.14022,0.280472,1.040267195012515,1.09604,0.9999999974002611
1047.66,1.17049,0.280640,1.039876374936230,1.12556,0.9999999974998082
1047.85,0.935109,0.251310,1.039592003910101,0.899454,0.9999999975968801
1048.03,0.788099,0.221960,1.039388031154292,0.758200,0.9999999976914977
1048.22,0.818370,0.236964,1.039225397721506,0.787450,0.9999999977838636
1048.40,0.878404,0.251984,1.039047410606129,0.845364,0.9999999978702980
1048.58,0.908749,0.267009,1.038821334448796,0.874760,0.9999999979583454
1048.77,0.939011,0.267176,1.038493676459511,0.904177,0.9999999980442358
1048.95,0.999159,0.282223,1.038028025180483,0.962526,0.9999999981281491
1049.14,1.00000,0.282457,1.037398192283902,0.963922,0.9999999982100916
1049.32,0.971107,0.282688,1.036587574282482,0.936804,0.9999999982900731
1049.51,1.04640,0.282918,1.035585740374829,1.01042,0.9999999983682579
1049.69,1.12161,0.298010,1.034386956013121,1.08430,0.9999999984446495
1049.88,1.16720,0.298244,1.032990185568678,1.12989,0.9999999985193024
1050.07,1.15286,0.298474,1.031402874274608,1.11773,0.9999999985922219
1050.25,1.18334,0.298699,1.029650501957497,1.14924,0.9999999986635546
1050.43,1.09442,0.298930,1.027771001883723,1.06482,0.9999999987303954
1050.61,1.09529,0.299160,1.025852880456884,1.06766,0.9999999987987096
1050.80,1.20117,0.314381,1.023973817177235,1.17301,0.9999999988654389
1050.99,1.21682,0.314606,1.022221450325076,1.19034,0.9999999989307595
1051.17,1.15769,0.299822,1.020662958899965,1.13422,0.9999999989946693
1051.36,1.11336,0.285023,1.019332246461494,1.09222,0.9999999990571682
1051.54,1.08426,0.285256,1.018225564201624,1.06482,0.9999999991183774
1051.73,0.844939,0.255448,1.017311798482480,0.830541,0.9999999991782929
1051.91,0.860886,0.255689,1.016552702034190,0.846848,0.9999999992369129
1052.10,0.937004,0.270936,1.015928115037402,0.922291,0.9999999992943496
1052.28,0.937629,0.271106,1.015449481838806,0.923342,0.9999999993505981
1052.46,0.998916,0.271343,1.015154104887757,0.983982,0.9999999994033943
1052.65,1.15054,0.286628,1.015118198159264,1.13338,0.9999999994574098
1052.83,1.15135,0.286862,1.015378948627942,1.13388,0.9999999995103306
1053.02,1.16738,0.287097,1.015934880337926,1.14904,0.9999999995621860
1053.20,1.30415,0.302412,1.016713802674041,1.28269,0.9999999996129716
1053.39,1.21424,0.302650,1.017563297224135,1.19325,0.9999999996627817
1053.58,1.32142,0.318054,1.018259654745521,1.29770,0.9999999997116094
1053.76,1.36767,0.318287,1.018534215691826,1.34276,0.9999999997594491
1053.95,1.30784,0.318519,1.018114950201357,1.28455,0.9999999998063889
1054.13,1.12921,0.293869,1.016775074084469,1.11055,0.9999999998524209
1054.31,1.17175,0.292568,1.014378078985714,1.15512,0.9999999998956852
1054.49,1.07664,0.295893,1.010959163359042,1.06494,0.9999999999400073
1054.68,0.865241,0.274782,1.006703980026024,0.859462,0.9999999999834601
1054.87,0.793679,0.273483,1.001982485865725,0.792093,1.000000000026150
1055.05,1.00417,0.316894,0.9972965505037110,1.00688,1.000000000068013
1055.24,1.06466,0.336976,0.9932041408400462,1.07193,1.000000000109070
1055.42,1.06581,0.337288,0.9902135580162018,1.07632,1.000000000149394
1055.61,1.36424,0.377203,0.9886788772179324,1.37983,1.000000000188978
1055.79,1.42444,0.377426,0.9887243574052271,1.44065,1.000000000227814
1055.98,1.40577,0.377735,0.9902186318026490,1.41964,1.000000000265970
1056.16,1.34717,0.358114,0.9928076531945895,1.35691,1.000000000303437
1056.34,1.24864,0.338485,0.9959866331487994,1.25365,1.000000000338697
1056.53,1.07043,0.318836,0.9992364405378237,1.07123,1.000000000374865
1056.71,1.07127,0.319065,1.002075594198760,1.06903,1.000000000410369
1056.90,0.952574,0.299388,1.004161115285234,0.948611,1.000000000445293
1057.08,0.853547,0.299624,1.005309939931797,0.849024,1.000000000479561
1057.27,0.854365,0.299856,1.005490281251162,0.849685,1.000000000513255
1057.46,0.875097,0.300088,1.004784895223951,0.870915,1.000000000546366
1057.64,0.820163,0.294857,1.003346049031817,0.817414,1.000000000578886
1057.83,0.838454,0.296655,1.001354800388694,0.837306,1.000000000610872
1058.01,0.865804,0.282995,0.9989879028932821,0.866667,1.000000000642314
1058.20,0.925911,0.284792,0.9963928309929618,0.929248,1.000000000673204
1058.38,0.893165,0.271113,0.9936628697993798,0.898847,1.000000000702346
1058.56,0.962602,0.278381,0.9908521408708678,0.971473,1.000000000732230
1058.75,1.00991,0.278623,0.9879237716691144,1.02223,1.000000000761638
1058.93,1.08819,0.294310,0.9847872220736077,1.10498,1.000000000790560
1059.12,1.02722,0.294551,0.9813091599910025,1.04677,1.000000000819006
1059.30,1.04357,0.294730,0.9773492396562609,1.06774,1.000000000846988
1059.49,1.01343,0.279416,0.9727983752531235,1.04175,1.000000000874497
1059.67,0.936701,0.264095,0.9676090593662872,0.968043,1.000000000901579
1059.86,0.953412,0.264345,0.9617985042988241,0.991266,1.000000000928227
1060.04,0.938765,0.249002,0.9554262103659646,0.982547,1.000000000954431
1060.23,0.892811,0.249182,0.9485534234406224,0.941221,1.000000000980235
1060.41,0.878052,0.249363,0.9411907588857363,0.932903,1.000000001004570
1060.59,0.894416,0.249543,0.9332896953692226,0.958334,1.000000001029584
1060.78,0.776535,0.250311,0.9246782174449470,0.839778,1.000000001054206
1060.96,0.715448,0.245623,0.9151058333784572,0.781809,1.000000001078430
1061.15,0.637913,0.240929,0.9042939955851578,0.705417,1.000000001102309
1061.34,0.571216,0.236238,0.8920361995486354,0.640342,1.000000001125806
1061.52,0.446691,0.231540,0.8783414213961187,0.508555,1.000000001148927
1061.71,0.341740,0.189585,0.8635820586725864,0.395719,1.000000001171711
1061.89,0.384485,0.210876,0.8486063736678602,0.453072,1.000000001194149
1062.08,0.511576,0.232180,0.8347487612115060,0.612843,1.000000001216235
1062.26,0.554372,0.253501,0.8236942307683223,0.673023,1.000000001238003
1062.44,0.681631,0.274833,0.8171869273182609,0.834108,1.000000001258550
1062.63,0.872433,0.317277,0.8166756616060019,1.06826,1.000000001279689
1062.81,0.894239,0.317524,0.8229079018866802,1.08667,1.000000001300514
1063.00,0.894975,0.317775,0.8357166452348509,1.07089,1.000000001321020
1063.18,0.916760,0.318018,0.8539949223269971,1.07348,1.000000001341240
1063.37,0.938855,0.318265,0.8759007106602561,1.07186,1.000000001361165
1063.55,0.961223,0.318512,0.8992309010958954,1.06893,1.000000001380801
1063.74,1.01888,0.331283,0.9218425744740594,1.10525,1.000000001400154
1063.93,1.20848,0.346849,0.9420039077909638,1.28286,1.000000001419217
1064.11,1.27663,0.346571,0.9585958992517739,1.33175,1.000000001438020
1064.30,1.25470,0.330422,0.9711436040865932,1.29197,1.000000001456556
1064.48,1.25378,0.330146,0.9797209617573029,1.27972,1.000000001474818
1064.66,1.19646,0.301456,0.9847830937801867,1.21493,1.000000001492093
1064.84,1.05487,0.285864,0.9870303940487161,1.06871,1.000000001509856
1065.03,1.10365,0.286114,0.9872330492487965,1.11791,1.000000001527384
1065.22,1.10445,0.286299,0.9861673341468675,1.11993,1.000000001544668
1065.40,1.12140,0.286549,0.9845440436930509,1.13899,1.000000001561713
1065.59,1.17002,0.302689,0.9829542541936969,1.19030,1.000000001578524
1065.77,1.15502,0.302939,0.9818208136977036,1.17639,1.000000001595094
1065.96,0.980325,0.287210,0.9813612009571226,0.998934,1.000000001611450
1066.14,1.01304,0.303388,0.9815697394800649,1.03205,1.000000001627584
1066.33,1.03018,0.303638,0.9822416286730689,1.04879,1.000000001643489
1066.51,1.06318,0.303889,0.9830328268092344,1.08152,1.000000001659192
1066.69,1.03205,0.288111,0.9835399439087820,1.04931,1.000000001674036
1066.88,1.14490,0.304340,0.9834217689439105,1.16419,1.000000001689331
1067.06,1.17800,0.304592,0.9824219711469796,1.19906,1.000000001704423
1067.25,1.06671,0.288772,0.9804374649714357,1.08799,1.000000001719307
1067.43,0.891005,0.256862,0.9775088054340505,0.911497,1.000000001734005
1067.62,0.875779,0.257048,0.9737872524781211,0.899345,1.000000001748520
1067.81,0.796201,0.241195,0.9694898229297999,0.821249,1.000000001762827
1067.99,0.829581,0.241453,0.9648596656746146,0.859786,1.000000001776959
1068.18,0.943335,0.257779,0.9601387512094174,0.982489,1.000000001790908
1068.36,1.16978,0.290191,0.9555550927232983,1.22417,1.000000001804669
1068.55,1.17046,0.290375,0.9513154464635644,1.23035,1.000000001818263
1068.73,1.17106,0.290565,0.9475881637297867,1.23583,1.000000001831123
1068.91,1.07517,0.274639,0.9445216016912619,1.13832,1.000000001844381
1069.10,0.946851,0.258701,0.9421880859709580,1.00494,1.000000001857472
1069.28,0.769844,0.242753,0.9406135137439767,0.818441,1.000000001870389
1069.47,0.786719,0.242946,0.9397879222927268,0.837116,1.000000001883154
1069.65,0.868420,0.259372,0.9396938600312364,0.924143,1.000000001895760
1069.84,0.917928,0.275814,0.9403328044966611,0.976165,1.000000001908208
1070.02,0.967185,0.292263,0.9417323476807399,1.02702,1.000000001920504
1070.21,1.04895,0.308724,0.9439222023547977,1.11126,1.000000001932640
1070.40,1.08217,0.325197,0.9468904741357744,1.14285,1.000000001944635
1070.58,1.06660,0.325456,0.9505295361798876,1.12210,1.000000001956484
1070.77,1.01843,0.309397,0.9546075115791577,1.06685,1.000000001968182
1070.94,1.13341,0.309654,0.9587705038802061,1.18213,1.000000001979269
1071.13,1.21600,0.309910,0.9626258225745974,1.26320,1.000000001990691
1071.31,1.21703,0.310171,0.9657829065933093,1.26013,1.000000002001984
1071.50,1.18522,0.294063,0.9679667170856807,1.22443,1.000000002013142
1071.69,1.20243,0.310633,0.9690715831923984,1.24080,1.000000002024160
1071.87,0.990749,0.294504,0.9691744440140176,1.02225,1.000000002035061
1072.06,0.795201,0.278364,0.9685030350113144,0.821055,1.000000002045820
1072.24,0.812475,0.278629,0.9673729695988255,0.839870,1.000000002056459
1072.43,0.829523,0.278822,0.9661108826259533,0.858614,1.000000002066973
1072.61,0.797433,0.262640,0.9649952010643139,0.826353,1.000000002077359
1072.80,0.797814,0.262831,0.9642215348245842,0.827411,1.000000002087630
1072.98,0.946386,0.279497,0.9638896206425235,0.981833,1.000000002097357
1073.16,0.848401,0.263276,0.9640505712894729,0.880030,1.000000002107397
1073.35,0.816135,0.263468,0.9646856142950971,0.846005,1.000000002117322
1073.53,0.800241,0.263663,0.9657577391526292,0.828609,1.000000002127127
1073.72,0.932822,0.280381,0.9672170039993743,0.964432,1.000000002136827
1073.90,0.884207,0.280648,0.9690013682248965,0.912486,1.000000002146423
1074.09,0.950897,0.297391,0.9710372323909454,0.979252,1.000000002155898
1074.28,0.984537,0.297585,0.9732416410903474,1.01160,1.000000002165272
1074.46,0.998704,0.308037,0.9755289571201078,1.02375,1.000000002174541
1074.65,0.816708,0.286581,0.9778221524521847,0.835225,1.000000002183701
1074.83,0.846273,0.287436,0.9800645589206259,0.863481,1.000000002192765
1075.02,0.808734,0.288291,0.9822215387267572,0.823366,1.000000002201728
1075.20,0.854885,0.305707,0.9842680741198488,0.868543,1.000000002210221
1075.38,0.987757,0.335260,0.9862048457985291,1.00157,1.000000002218992
1075.57,1.21172,0.380235,0.9879940871590124,1.22643,1.000000002227661
1075.75,1.21244,0.380500,0.9895775159848712,1.22520,1.000000002236240
1075.94,1.21298,0.380765,0.9908503153440958,1.22415,1.000000002244727
1076.12,1.16885,0.381025,0.9916040078191513,1.17860,1.000000002253121
1076.31,1.05760,0.358915,0.9912522672351703,1.06610,1.000000002261425
1076.49,0.901315,0.314293,0.9880602258503765,0.908928,1.000000002269634
1076.68,0.789780,0.292051,0.9782966096610985,0.797419,1.000000002277760
1076.86,0.767958,0.292324,0.9578653951691716,0.776978,1.000000002285800
1077.05,0.836504,0.292597,0.9286291539334368,0.848722,1.000000002293748
1077.23,0.927681,0.315435,0.9032640114864806,0.944471,1.000000002301293
1077.41,0.996024,0.338189,0.8972114127894035,1.01789,1.000000002309078
1077.60,0.962660,0.333696,0.9126041857752398,0.987538,1.000000002316786
1077.78,1.02442,0.333363,0.9360660558117240,1.05460,1.000000002324413
1077.97,0.906186,0.316209,0.9536269775590285,0.935671,1.000000002331956
1078.16,0.815753,0.276486,0.9616434686591336,0.844224,1.000000002339429
1078.34,0.832398,0.276162,0.9637105320449364,0.862783,1.000000002346815
1078.53,0.866416,0.286222,0.9637721704606964,0.898809,1.000000002354130
1078.71,0.782799,0.269616,0.9636815512114514,0.812276,1.000000002361369
1078.90,0.817067,0.269818,0.9639131738346065,0.847649,1.000000002368534
1079.08,0.885392,0.286922,0.9644829467251703,0.917990,1.000000002375621
1079.27,0.835428,0.270275,0.9653143167323084,0.865441,1.000000002382641
1079.45,0.852843,0.270477,0.9663065111872873,0.882575,1.000000002389298
1079.63,0.938063,0.287626,0.9673613060708124,0.969707,1.000000002396178
1079.82,1.07450,0.304788,0.9683351192025410,1.10963,1.000000002402985
1080.00,1.02474,0.305062,0.9690801459469887,1.05743,1.000000002409728
1080.19,1.11045,0.322251,0.9694645156982877,1.14542,1.000000002416403
1080.37,1.17919,0.339452,0.9694029514961380,1.21640,1.000000002423011
1080.56,1.21429,0.339724,0.9688800538742962,1.25328,1.000000002429554
1080.75,1.09657,0.322967,0.9679547202862255,1.13286,1.000000002436032
1080.93,1.09754,0.323240,0.9667412412062658,1.13530,1.000000002442441
1081.12,1.08151,0.323514,0.9653728301548674,1.12029,1.000000002448792
1081.30,1.04822,0.306719,0.9639530243517289,1.08741,1.000000002455080
1081.49,0.946688,0.289911,0.9625184776298705,0.983547,1.000000002461302
1081.67,0.964495,0.307212,0.9610122582144875,1.00362,1.000000002467214
1081.85,0.896824,0.290378,0.9593260108031110,0.934842,1.000000002473318
1082.04,0.880619,0.290656,0.9572931790844781,0.919900,1.000000002479368
1082.22,0.847033,0.290859,0.9547702652086786,0.887154,1.000000002485359
1082.41,0.847637,0.291062,0.9516800146382347,0.890670,1.000000002491292
1082.59,0.728410,0.257008,0.9480411954249903,0.768327,1.000000002497168
1082.78,0.883782,0.274394,0.9439589679987112,0.936243,1.000000002502984
1082.96,0.902029,0.274674,0.9395809167363096,0.960012,1.000000002508749
1083.15,0.885549,0.274880,0.9349906820656211,0.946999,1.000000002514459
1083.33,0.920625,0.275085,0.9299667309389106,0.989274,1.000000002520111
1083.52,1.09340,0.309687,0.9235290184074727,1.18059,1.000000002525714
1083.71,0.922161,0.292717,0.9137476394933742,1.00042,1.000000002531263
1083.88,0.854031,0.275734,0.8992455011459677,0.930764,1.000000002536531
1084.07,0.940878,0.293217,0.8826284261391288,1.02977,1.000000002541979
1084.25,0.907113,0.293423,0.8712876462321063,0.996348,1.000000002547373
1084.44,0.908321,0.293704,0.8715115358432760,1.00011,1.000000002552721
1084.63,0.891557,0.293913,0.8818352822851442,0.982487,1.000000002558023
1084.81,0.840243,0.294119,0.8951289233750759,0.924944,1.000000002563269
1085.00,0.806470,0.277055,0.9061328827488866,0.884996,1.000000002568469
1085.18,0.807032,0.277266,0.9143644708171336,0.881192,1.000000002573623
1085.37,0.651792,0.260175,0.9214536958803261,0.707108,1.000000002578726
1085.55,0.652363,0.260384,0.9284755190231964,0.702576,1.000000002583785
1085.74,0.896574,0.295399,0.9355209022410423,0.958357,1.000000002588799
1085.92,0.932207,0.313028,0.9422368554602791,0.989349,1.000000002593764
1086.10,1.01999,0.330666,0.9482318782556417,1.07567,1.000000002598484
1086.29,1.07274,0.330871,0.9532430776998283,1.12536,1.000000002603362
1086.47,1.14294,0.331076,0.9571046414877138,1.19415,1.000000002608199
1086.66,1.00462,0.313966,0.9597443970611985,1.04675,1.000000002612993
1086.84,1.02304,0.314249,0.9611437831772303,1.06439,1.000000002617745
1087.03,1.00651,0.314533,0.9613165210016411,1.04701,1.000000002622454
1087.21,1.02460,0.314744,0.9603012417034076,1.06695,1.000000002627118
1087.40,1.02524,0.314951,0.9581646783744008,1.06999,1.000000002631744
1087.59,0.990941,0.297691,0.9550028137287496,1.03763,1.000000002636329
1087.77,1.00940,0.297976,0.9509421788189653,1.06147,1.000000002640871
1087.96,0.975161,0.280694,0.9461387361188037,1.03067,1.000000002645377
1088.14,0.958419,0.280905,0.9407807756770469,1.01874,1.000000002649843
1088.32,0.959330,0.281120,0.9350928630711373,1.02591,1.000000002654084
1088.51,0.924973,0.281331,0.9293768100292077,0.995257,1.000000002658474
1088.69,0.926213,0.281625,0.9239767817567752,1.00242,1.000000002662824
1088.88,0.909482,0.281836,0.9192971021442823,0.989318,1.000000002667141
1089.06,1.01623,0.299711,0.9157536057499348,1.10971,1.000000002671416
1089.25,0.964012,0.299922,0.9137074134032236,1.05505,1.000000002675657
1089.43,1.00007,0.300137,0.9133872863492374,1.09489,1.000000002679862
1089.62,0.948031,0.282723,0.9148265482155842,1.03629,1.000000002684028
1089.80,0.984130,0.282940,0.9178353490930287,1.07222,1.000000002688162
1089.99,0.896541,0.265499,0.9220283880633473,0.972353,1.000000002692260
1090.18,0.950212,0.265717,0.9268964310049315,1.02515,1.000000002696321
1090.36,0.968630,0.265931,0.9319110437808822,1.03940,1.000000002700351
1090.55,0.862704,0.248376,0.9366219538187035,0.921076,1.000000002704347
1090.72,0.845626,0.248592,0.9407179154542957,0.898911,1.000000002708143
1090.91,0.817146,0.267250,0.9440781728263461,0.865545,1.000000002712076
1091.10,0.884546,0.285917,0.9467036650182333,0.934339,1.000000002715972
1091.28,0.838262,0.304603,0.9486942370826283,0.883591,1.000000002719837
1091.47,0.898537,0.341066,0.9501774376485871,0.945647,1.000000002723671
1091.65,1.01410,0.383806,0.9512644010201782,1.06605,1.000000002727470
1091.84,1.03868,0.384095,0.9520301200379859,1.09101,1.000000002731241
1092.02,1.03962,0.384389,0.9525202886523821,1.09143,1.000000002734980
1092.21,1.13649,0.384684,0.9527781485038633,1.19281,1.000000002738687
1092.39,1.16124,0.384979,0.9528720107782360,1.21867,1.000000002742366
1092.58,0.921389,0.337129,0.9529146384847765,0.966912,1.000000002746015
1092.76,0.946464,0.337428,0.9530577548993933,0.993078,1.000000002749632
1092.94,0.899467,0.337728,0.9534608930481030,0.943367,1.000000002753073
1093.13,0.828256,0.338021,0.9542748528803529,0.867939,1.000000002756635
1093.31,0.998628,0.362526,0.9555519952037699,1.04507,1.000000002760169
1093.50,1.16839,0.386936,0.9572366959917630,1.22058,1.000000002763672
1093.68,1.14494,0.387233,0.9591449707295026,1.19370,1.000000002767149
1093.87,1.12135,0.387525,0.9609796835713295,1.16687,1.000000002770598
1094.06,1.12580,0.374193,0.9623799245597926,1.16980,1.000000002774018
1094.24,1.03457,0.349645,0.9629870358008024,1.07433,1.000000002777413
1094.43,0.956004,0.331219,0.9625200792038635,0.993226,1.000000002780780
1094.61,1.03455,0.330876,0.9608321471365486,1.07672,1.000000002784120
1094.80,1.09516,0.330533,0.9579422188309439,1.14324,1.000000002787435
1094.98,1.04315,0.325688,0.9540303139075420,1.09340,1.000000002790723
1095.17,0.953743,0.307847,0.9494024781837603,1.00457,1.000000002793985
1095.35,1.08164,0.326226,0.9444264815279866,1.14529,1.000000002797088
1095.53,1.01011,0.308351,0.9394957271117310,1.07516,1.000000002800302
1095.72,1.10211,0.308653,0.9349275246461783,1.17882,1.000000002803491
1095.90,1.13916,0.308875,0.9309506997099439,1.22364,1.000000002806652
1096.09,1.04891,0.290884,0.9276789477753133,1.13068,1.000000002809792
1096.27,0.977259,0.272958,0.9251097566666185,1.05637,1.000000002812907
1096.46,0.959886,0.273187,0.9231464701371551,1.03979,1.000000002815996
1096.65,0.833482,0.255232,0.9216377084299312,0.904345,1.000000002819064
1096.83,0.797521,0.255459,0.9204321642641050,0.866460,1.000000002822108
1097.02,0.925674,0.273892,0.9194379342911174,1.00678,1.000000002825129
1097.20,0.926430,0.274118,0.9186731799773648,1.00844,1.000000002828125
1097.39,1.05533,0.292666,0.9182862609249418,1.14923,1.000000002831101
1097.57,0.964524,0.292892,0.9185248317697196,1.05008,1.000000002833931
1097.75,1.09358,0.311469,0.9196959225813243,1.18906,1.000000002836863
1097.94,1.11286,0.330065,0.9220327004194460,1.20696,1.000000002839770
1098.12,1.02172,0.330289,0.9256319076806780,1.10381,1.000000002842658
1098.31,0.820435,0.293798,0.9303926964325371,0.881812,1.000000002845524
1098.49,0.912793,0.294024,0.9360185992479078,0.975183,1.000000002848366
1098.68,0.784815,0.275904,0.9420736307123713,0.833069,1.000000002851190
1098.86,0.675092,0.257770,0.9480743173397223,0.712064,1.000000002853992
1099.05,0.712616,0.258004,0.9535868819849563,0.747298,1.000000002856772
1099.23,0.823944,0.276624,0.9583012469206688,0.859793,1.000000002859533
1099.42,0.880311,0.295347,0.9620626764769928,0.915021,1.000000002862274
1099.61,0.991813,0.314078,0.9648587477334408,1.02793,1.000000002864994
1099.79,1.04768,0.314305,0.9667784869961700,1.08368,1.000000002867695
1099.97,1.15931,0.333068,0.9679501254570181,1.19769,1.000000002870264
