-16145.2,1.08226
-16137.6,1.38071
-16131.9,0.783293
-16124.3,1.38075
-16116.7,1.38017
-16111.0,2.57668
-16103.4,1.08149
-16095.8,1.38033
-16090.1,1.37997
-16082.5,1.08053
-16074.9,0.482937
-16067.3,1.38092
-16061.5,0.483544
-16054.0,0.783335
-16046.3,1.68076
-16040.7,1.98002
-16033.0,1.98115
-16025.4,1.08348
-16019.7,1.68213
-16012.1,0.484812
-16004.5,1.08328
-15998.8,1.38300
-15991.2,1.38261
-15983.6,0.784008
-15977.9,1.38327
-15970.3,1.68361
-15962.7,1.08334
-15957.0,0.482302
-15949.4,1.86340
-15941.8,1.28580
-15936.1,0.265033
-15928.5,1.62455
-15920.9,0.942795
-15915.2,0.941988
-15907.6,1.96288
-15900.0,0.600529
-15894.3,0.260165
-15886.6,0.941628
-15879.0,0.602175
-15873.3,1.62520
-15865.7,0.262525
-15858.1,1.28618
-15852.4,0.605880
-15844.8,0.604814
-15837.2,0.00000
-15831.5,1.62963
-15823.9,1.53885
-15816.3,0.780257
-15810.6,0.479609
-15803.0,1.07992
-15795.4,1.59810
-15789.7,0.919923
-15782.1,1.25910
-15774.5,0.665780
-15768.8,0.714960
-15761.2,0.714437
-15753.6,1.89278
-15747.9,1.10962
-15740.2,0.716746
-15732.7,1.10682
-15726.9,2.28471
-15719.4,0.00000
-15711.7,0.620987
-15706.0,0.920797
-15698.4,0.580811
-15690.8,1.60042
-15685.1,1.26031
-15677.5,1.26045
-15669.9,0.00000
-15664.2,0.509166
-15656.6,0.777485
-15649.0,1.07872
-15643.3,1.38103
-15635.7,0.177320
-15628.1,1.38143
-15622.4,1.68175
-15614.8,0.478770
-15607.2,1.68478
-15601.5,2.89007
-15593.9,0.781837
-15586.3,0.782328
-15580.5,0.178981
-15572.9,1.08286
-15565.4,0.480309
-15559.7,0.480816
-15552.0,1.08364
-15544.4,1.68537
-15538.7,0.780119
-15531.1,0.478945
-15523.5,2.89027
-15517.8,1.08093
-15510.2,1.68440
-15502.6,1.98534
-15495.0,0.00000
-15489.3,1.08050
-15481.7,0.00000
-15474.1,0.177728
-15468.4,1.08241
-15460.8,1.98754
-15453.2,1.38436
-15447.5,1.98744
-15439.9,2.89324
-15432.3,1.38266
-15426.6,1.08243
-15419.0,0.479180
-15411.4,1.98934
-15405.7,0.478840
-15398.1,0.780577
-15390.4,1.38575
-15384.7,0.479634
-15377.1,1.68660
-15369.5,1.08113
-15363.8,1.08042
-15356.2,0.00000
-15348.6,0.00000
-15342.9,0.916744
-15335.3,1.60302
-15327.7,0.00000
-15322.0,1.26196
-15314.4,0.575941
-15306.8,1.60639
-15301.1,1.26378
-15293.5,1.26383
-15285.9,0.00000
-15280.2,0.578486
-15272.6,0.234491
-15265.0,1.60783
-15259.3,0.919475
-15251.7,0.231598
-15244.0,1.60576
-15238.3,0.918448
-15230.7,0.00000
-15223.1,0.574789
-15217.4,0.175836
-15209.8,1.99299
-15202.2,1.14288
-15196.5,1.96310
-15188.9,1.27510
-15181.3,1.96270
-15175.6,0.242167
-15168.0,1.61896
-15160.4,1.61771
-15154.7,0.929160
-15147.1,1.28398
-15139.5,1.28480
-15133.8,1.28524
-15126.2,1.69807
-15118.6,0.0469010
-15112.9,0.459367
-15105.3,1.28486
-15097.6,0.0461495
-15092.0,0.872112
-15084.3,0.872280
-15076.8,0.0467152
-15071.1,0.703787
-15063.4,0.703806
-15055.8,1.76987
-15050.1,2.47977
-15042.6,1.05914
-15034.9,0.00000
-15029.2,1.06021
-15021.6,0.349517
-15014.0,1.82244
-15008.3,1.08538
-15000.7,0.173825
-14993.1,0.173890
-14987.4,1.08482
-14979.8,1.08572
-14972.2,1.38969
-14966.5,1.69249
-14958.9,0.173003
-14951.3,1.08473
-14945.6,1.69254
-14938.0,0.781329
-14930.3,1.08529
-14922.8,1.08497
-14917.1,0.172563
-14909.5,1.69252
-14901.9,1.99676
-14896.1,0.780093
-14888.5,1.38858
-14880.9,0.781322
-14875.2,0.476390
-14867.6,0.171667
-14860.0,1.38802
-14854.3,1.08505
-14846.7,1.08531
-14839.1,0.172188
-14833.4,1.69410
-14825.8,0.476280
-14818.2,2.30163
-14812.5,0.171014
-14804.9,1.69380
-14797.3,0.475820
-14791.6,1.38873
-14784.0,1.38881
-14776.4,0.476113
-14770.7,0.00000
-14763.1,1.08499
-14755.5,1.08526
-14749.8,1.08469
-14742.1,1.38941
-14734.5,1.08380
-14728.8,0.169505
-14721.2,1.08329
-14713.6,0.778644
-14707.9,0.00000
-14700.3,0.778687
-14692.7,1.08369
-14687.0,1.38899
-14679.4,1.08351
-14671.8,0.00000
-14666.1,0.473663
-14658.5,2.00017
-14650.9,0.780514
-14645.2,1.69599
-14637.6,0.476015
-14630.0,0.780989
-14624.3,0.476134
-14616.7,0.826856
-14609.1,0.00000
-14603.4,0.236071
-14595.8,1.96744
-14588.1,2.31377
-14582.4,1.96710
-14574.8,0.00000
-14567.2,0.776904
-14561.5,2.02160
-14553.9,1.60773
-14546.3,1.19230
-14540.6,1.60661
-14533.0,0.776491
-14525.4,0.775270
-14519.7,1.18955
-14512.1,1.19101
-14504.5,1.60807
-14498.8,0.359355
-14491.2,2.43953
-14483.6,1.19271
-14477.9,0.934677
-14470.3,1.36703
-14462.7,0.935956
-14457.0,1.21823
-14449.4,1.30839
-14441.7,1.72264
-14436.0,0.0654287
-14428.5,1.30850
-14420.8,1.72290
-14415.1,1.30781
-14407.5,0.0647461
-14400.0,0.0644982
-14394.2,1.30824
-14386.6,1.30746
-14379.0,0.0643854
-14373.3,0.479278
-14365.7,1.72246
-14358.1,0.892983
-14350.5,0.478272
-14344.8,0.00000
-14337.2,0.478328
-14329.6,0.0637389
-14323.9,0.762324
-14316.3,0.347433
-14308.7,1.06481
-14303.0,1.06530
-14295.4,0.707154
-14287.7,1.78328
-14282.1,1.42530
-14274.5,0.349496
-14266.9,0.00000
-14261.2,1.06830
-14253.5,0.00000
-14245.9,0.00000
-14240.2,1.06901
-14232.6,1.42775
-14225.0,1.06955
-14219.3,1.06964
-14211.7,0.00000
-14204.1,2.86566
-14198.4,2.14705
-14190.8,0.351363
-14183.2,0.351016
-14177.5,2.14719
-14169.9,0.00000
-14162.3,2.14628
-14156.6,0.710352
-14149.0,1.42931
-14141.4,0.00000
-14135.7,0.00000
-14128.1,2.14864
-14120.5,0.711864
-14114.8,0.352927
-14107.2,1.07227
-14099.5,0.713348
-14093.9,0.353248
-14086.2,1.07279
-14078.6,1.43249
-14072.9,1.79233
-14065.3,1.07385
-14057.7,0.00000
-14052.0,1.43447
-14044.4,1.07459
-14036.8,0.00000
-14031.1,0.354204
-14023.5,0.714177
-14015.9,0.489112
-14010.2,0.489450
-14002.6,0.796883
-13995.0,0.796883
-13989.3,0.00000
-13981.7,0.848967
-13974.1,0.617874
-13968.4,0.619407
-13960.8,0.619531
-13953.2,0.00000
-13947.5,0.268620
-13939.8,1.66604
-13932.2,0.271123
-13926.5,0.621441
-13918.9,1.66957
-13911.3,2.01903
-13905.6,0.969906
-13898.0,2.36953
-13890.4,0.00000
-13884.7,0.974818
-13877.1,0.975312
-13869.5,0.278411
-13863.8,0.280567
-13856.2,0.280359
-13848.6,0.630203
-13842.9,0.862546
-13835.3,0.195880
-13827.7,1.49789
-13822.0,2.00452
-13814.4,1.30715
-13806.8,0.263355
-13801.1,0.613921
-13793.4,0.00000
-13785.9,0.00000
-13778.3,2.37711
-13772.5,0.00000
-13764.9,1.13730
-13757.4,0.642743
-13751.6,0.147772
-13744.0,0.643199
-13736.4,0.643297
-13730.7,1.13897
-13723.1,2.62376
-13715.5,4.10986
-13709.8,0.148079
-13702.2,0.490476
-13694.6,1.32559
-13688.9,2.16103
-13681.3,1.32399
-13673.7,1.32369
-13668.0,0.00000
-13660.4,0.972150
-13652.8,0.972506
-13647.1,1.67039
-13639.5,1.32116
-13631.9,0.273310
-13626.1,0.00000
-13618.6,0.972022
-13611.0,0.972379
-13605.2,2.36973
-13597.7,0.971784
-13590.0,0.00000
-13584.3,0.273957
-13576.7,0.973635
-13569.1,0.623889
-13563.4,0.623602
-13555.8,0.623959
-13548.2,0.624106
-13542.5,0.974267
-13534.9,0.624478
-13527.3,0.275012
-13521.6,1.32426
-13514.0,0.626008
-13506.4,2.02476
-13500.7,0.275465
-13493.1,0.275972
-13485.5,0.975373
-13479.8,0.975194
-13472.1,1.67478
-13464.6,0.975443
-13458.9,1.32595
-13451.3,0.625815
-13443.6,1.67530
-13437.9,2.37574
-13430.3,0.00000
-13422.7,0.276715
-13417.0,0.976518
-13409.4,1.32734
-13401.8,2.02812
-13396.1,0.277504
-13388.5,1.32791
-13380.9,1.09953
-13375.2,0.764373
-13367.6,2.38417
-13360.0,0.360592
-13354.3,0.360534
-13346.7,2.38504
-13339.1,1.17036
-13333.4,1.57527
-13325.8,1.66541
-13318.2,1.31382
-13312.5,1.76404
-13304.9,0.00000
-13297.2,0.365890
-13291.5,0.773358
-13283.9,0.00000
-13276.3,0.00000
-13270.6,0.364258
-13263.0,1.10956
-13255.4,0.635399
-13249.7,0.00000
-13242.1,0.280189
-13234.5,0.277637
-13226.9,0.373941
-13221.2,0.373646
-13213.6,1.18838
-13206.0,0.780326
-13200.3,0.780757
-13192.7,1.18837
-13185.1,0.782129
-13179.4,0.650126
-13171.8,0.650135
-13164.2,0.650081
-13158.5,1.15327
-13150.8,0.144258
-13143.3,0.647564
-13137.6,1.65612
-13129.9,1.65578
-13122.3,1.15185
-13116.6,1.65671
-13109.0,3.67425
-13101.4,0.648906
-13095.8,0.589990
-13088.1,0.987540
-13080.5,1.16561
-13074.8,0.664210
-13067.2,0.00000
-13059.6,2.00885
-13053.9,0.383305
-13046.3,0.383238
-13038.7,0.789146
-13033.0,0.382961
-13025.4,0.382611
-13017.8,0.00000
-13012.1,2.41387
-13004.5,1.60002
-12996.9,1.19373
-12991.2,0.00000
-12983.5,1.68719
-12976.0,0.00000
-12970.3,0.628053
-12962.7,0.627778
-12955.1,0.627330
-12949.3,0.627147
-12941.7,0.273947
-12934.1,1.33292
-12928.4,2.04023
-12920.8,2.39328
-12913.2,0.625078
-12907.5,0.625305
-12899.9,0.625786
-12892.3,1.33497
-12886.6,0.629168
-12879.0,0.628379
-12871.4,1.68864
-12865.7,0.00000
-12858.1,0.628632
-12850.5,1.33555
-12844.8,0.195166
-12837.2,1.44235
-12829.5,1.75425
-12823.8,1.13219
-12816.3,1.44348
-12808.7,1.75456
-12803.0,0.00000
-12795.3,0.196663
-12787.7,0.818632
-12782.0,1.44304
-12774.4,3.31405
-12766.8,1.44343
-12761.1,1.13116
-12753.5,0.194751
-12745.9,0.505453
-12740.2,0.192419
-12732.6,0.815777
-12725.0,1.44113
-12719.3,1.12796
-12711.7,1.12765
-12704.1,1.43982
-12698.4,1.12638
-12690.8,0.190409
-12683.2,0.815513
-12677.5,0.503952
-12669.9,0.504071
-12662.3,0.00000
-12654.6,2.06451
-12648.9,0.503866
-12641.3,0.575323
-12633.7,0.616091
-12628.0,0.758562
-12620.4,1.26975
-12612.8,0.843167
-12607.1,0.0646482
-12599.5,1.08191
-12591.9,2.60795
-12586.2,1.08384
-12578.6,2.10155
-12571.0,0.00000
-12565.3,2.09954
-12557.7,1.41854
-12550.1,1.41853
-12544.4,0.156570
-12536.8,0.00000
-12529.2,2.04868
-12523.5,2.45501
-12515.9,1.07719
-12508.2,1.58533
-12502.6,0.00000
-12495.0,0.253011
-12487.4,0.707117
-12481.6,1.58283
-12474.0,0.00000
-12466.4,0.355889
-12460.7,1.17500
-12453.2,0.00000
-12445.5,0.360185
-12439.8,1.18034
-12432.2,0.360499
-12424.6,0.00000
-12418.9,0.770611
-12411.3,2.40782
-12403.7,0.771110
-12398.0,1.17700
-12390.4,1.17572
-12382.8,0.357013
-12377.1,1.32228
-12369.5,0.254223
-12361.9,0.00000
-12356.2,1.32148
-12348.6,1.67804
-12340.9,0.254568
-12335.3,1.67636
-12327.7,1.67800
-12320.1,1.32129
-12314.3,0.253687
-12306.7,0.965382
-12299.1,0.609291
-12293.4,1.32094
-12285.8,0.963699
-12278.2,0.00000
-12272.5,0.00000
-12264.9,2.38741
-12257.3,0.608275
-12251.6,2.39074
-12244.0,0.963701
-12236.4,0.252123
-12230.7,2.39130
-12223.1,2.39044
-12215.5,0.607431
-12209.8,2.38766
-12202.2,0.961459
-12194.6,0.605385
-12188.9,0.00000
-12181.2,1.67425
-12173.7,0.247917
-12168.0,2.03131
-12160.4,2.38785
-12152.7,0.00000
-12147.1,0.960862
-12139.4,0.959967
-12131.8,1.67346
-12126.1,0.961305
-12118.5,0.603090
-12110.9,0.958100
-12105.2,0.00000
-12097.6,1.50816
-12090.0,0.807979
-12082.4,1.12163
-12076.7,0.806399
-12069.1,1.12087
-12061.5,1.74906
-12055.8,0.805444
-12048.2,2.06351
-12040.6,1.43413
-12034.9,1.11924
-12027.3,0.488382
-12019.7,0.487721
-12014.0,0.853075
-12006.3,0.964155
-11998.8,0.00000
-11993.0,0.608796
-11985.4,1.67887
-11977.8,0.608489
-11972.1,1.32486
-11964.5,0.00000
-11956.9,0.969713
-11951.2,0.254257
-11943.6,0.612049
-11936.0,0.00000
-11930.3,0.972244
-11922.7,1.68657
-11915.1,1.32770
-11909.4,2.04318
-11901.8,0.614991
-11894.2,0.181743
-11888.5,2.38846
-11880.9,1.44290
-11873.3,0.00000
-11867.6,0.974785
-11860.0,1.49516
-11852.4,1.58926
-11846.6,0.00000
-11839.1,0.00000
-11831.4,0.350623
-11825.7,2.41173
-11818.1,2.82395
-11810.6,1.99969
-11804.8,1.17651
-11797.2,1.58907
-11789.6,1.58901
-11783.9,1.17658
-11776.3,1.58982
-11768.7,1.59016
-11763.0,0.00000
-11755.4,2.90965
-11747.8,0.867115
-11742.1,1.44803
-11734.5,1.76357
-11726.9,2.39630
-11721.2,2.08073
-11713.6,0.502560
-11706.0,0.818558
-11700.3,1.76561
-11692.7,1.13462
-11685.1,1.76642
-11679.3,2.08307
-11671.8,1.45122
-11664.1,0.819056
-11658.4,0.187266
-11650.8,1.76799
-11643.2,2.40040
-11637.5,0.00000
-11629.9,0.820577
-11622.3,1.45335
-11616.6,0.821218
-11609.0,1.45417
-11601.4,1.45389
-11595.7,0.187899
-11588.1,0.503412
-11580.5,0.503522
-11574.8,1.13622
-11567.2,1.13671
-11559.6,1.45285
-11553.9,1.76975
-11546.3,1.77022
-11538.6,1.45423
-11532.9,2.72092
-11525.4,1.13830
-11517.8,0.189117
-11510.1,1.45577
-11504.5,0.506252
-11496.8,0.189262
-11489.2,1.77300
-11483.5,0.506634
-11475.9,1.77307
-11468.3,0.822299
-11462.6,1.77440
-11455.0,1.45788
-11447.4,0.506765
-11441.7,1.13960
-11434.1,0.539968
-11426.5,0.617550
-11420.8,0.258759
-11413.2,2.05824
-11405.6,0.258198
-11399.9,1.33886
-11392.3,0.00000
-11384.7,0.618646
-11379.0,0.619549
-11371.4,0.978855
-11363.8,0.00000
-11358.1,1.33910
-11350.4,1.33755
-11342.8,2.41831
-11337.2,1.69793
-11329.5,0.977933
-11321.9,1.33757
-11316.2,0.617575
-11308.6,0.974997
-11301.0,0.820997
-11295.3,1.77423
-11287.7,1.45647
-11280.1,1.13841
-11274.4,1.77283
-11266.8,0.819815
-11259.2,1.69224
-11253.5,0.611364
-11245.9,0.611807
-11238.3,0.972501
-11232.6,2.41496
-11225.0,0.691174
-11217.4,0.886901
-11211.7,0.454758
-11204.0,2.18270
-11196.5,1.31806
-11190.8,0.0223323
-11183.1,0.00000
-11175.5,0.0211254
-11169.8,2.18118
-11162.2,0.00000
-11154.6,1.74857
-11148.9,0.00000
-11141.3,1.46552
-11133.7,1.09288
-11128.0,2.95381
-11120.4,0.00000
-11112.8,2.58177
-11107.1,1.46426
-11099.5,1.09172
-11091.9,1.46315
-11086.2,1.83501
-11078.6,0.00000
-11071.0,1.83462
-11065.3,0.00000
-11057.7,1.46271
-11050.1,0.344406
-11044.4,1.08970
-11036.7,0.717113
-11029.2,1.46248
-11023.5,0.345028
-11015.8,1.08995
-11008.2,1.46267
-11002.5,0.344378
-10994.9,2.20885
-10987.3,0.717807
-10981.6,0.717803
-10974.0,1.09072
-10966.4,1.09144
-10960.7,0.719477
-10953.1,1.46582
-10945.5,1.09304
-10937.9,0.346519
-10932.2,0.346626
-10924.6,0.00000
-10917.0,1.83964
-10911.3,0.346900
-10903.7,0.00000
-10896.0,0.346665
-10890.3,0.00000
-10882.8,0.345237
-10875.2,1.09163
-10869.5,1.46523
-10861.9,0.345375
-10854.2,0.345418
-10848.5,1.09162
-10841.0,0.343324
-10833.3,0.00000
-10827.6,0.717253
-10820.0,0.343472
-10812.4,0.00000
-10806.7,1.09103
-10799.1,0.717737
-10791.5,0.343874
-10785.8,0.00000
-10778.2,0.00000
-10770.6,1.46508
-10764.9,1.09102
-10757.3,2.21290
-10749.7,0.343087
-10744.0,1.46539
-10736.4,2.21449
-10728.8,1.46633
-10723.0,0.344009
-10715.5,1.84092
-10707.8,1.09242
-10702.1,0.718743
-10694.6,0.773875
-10686.9,0.902855
-10681.2,1.77436
-10673.6,1.77467
-10666.0,0.468793
-10660.3,1.00734
-10652.7,1.81069
-10645.1,1.26722
-10639.4,0.723627
-10631.8,2.35487
-10624.2,3.98749
-10618.5,1.81121
-10610.9,2.35542
-10603.3,0.722395
-10597.6,1.81140
-10590.0,1.26707
-10582.4,1.26768
-10576.7,0.178804
-10569.1,1.81209
-10561.5,0.449986
-10555.8,0.692725
-10548.2,0.693837
-10540.5,0.695311
-10534.8,1.44708
-10527.2,1.30206
-10519.6,0.632489
-10513.9,0.632359
-10506.3,0.270020
-10498.7,0.00000
-10493.0,1.72257
-10485.4,0.271626
-10477.8,0.995780
-10472.1,2.08314
-10464.5,0.994573
-10456.9,1.72113
-10451.2,0.269683
-10443.6,0.995354
-10436.0,0.994676
-10430.3,0.632441
-10422.7,0.632919
-10415.1,0.271147
-10409.4,1.36130
-10401.8,0.00000
-10394.1,1.36235
-10388.5,0.272133
-10380.9,2.45170
-10373.2,0.997547
-10365.7,0.270188
-10359.9,0.00000
-10352.3,0.00000
-10344.7,0.630909
-10339.0,0.995351
-10331.4,1.36031
-10323.8,1.36136
-10318.1,2.81657
-10310.5,0.271662
-10302.9,1.36256
-10297.2,0.271555
-10289.6,1.72563
-10282.0,0.999229
-10276.3,1.00007
-10268.7,1.36414
-10261.1,1.00024
-10255.4,1.00044
-10247.7,1.00078
-10240.2,1.00112
-10234.4,0.00000
-10226.9,0.637890
-10219.3,1.36605
-10213.6,0.638125
-10205.9,0.637909
-10198.4,0.637620
-10192.6,0.272678
-10185.0,1.72980
-10177.4,0.637253
-10171.7,0.272951
-10164.1,0.273127
-10156.5,0.272917
-10150.8,0.00000
-10143.2,0.637227
-10135.6,1.00169
-10129.9,0.00000
-10122.3,0.272732
-10114.7,2.09591
-10109.0,1.00291
-10101.4,1.00254
-10093.8,1.73194
-10088.1,0.638626
-10080.5,0.00000
-10072.9,1.00548
-10067.2,0.275231
-10059.5,1.37030
-10052.0,0.739320
-10046.2,0.796416
-10038.6,1.21762
-10031.0,0.373866
-10025.3,0.373779
-10017.7,0.00000
-10010.1,0.373347
-10004.4,0.00000
-9996.81,0.795176
-9989.18,0.886185
-9983.52,0.00000
-9975.91,1.10932
-9968.30,0.00000
-9962.58,0.584555
-9954.98,0.0639580
-9947.39,1.62968
-9941.65,0.0644712
-9934.10,2.15235
-9926.47,0.586142
-9920.77,1.10842
-9913.17,0.0663954
-9905.56,0.732517
-9899.86,2.11071
-9892.23,1.46747
-9884.64,0.180466
-9878.94,2.11152
-9871.35,0.738367
-9863.75,0.596916
-9858.03,0.0762359
-9850.42,1.12424
-9842.81,1.64872
-9837.11,0.602554
-9829.52,0.603752
-9821.89,0.0809571
-9816.22,1.12855
-9808.60,0.00000
-9801.00,0.00000
-9793.39,0.604234
-9787.69,0.0807544
-9780.06,1.65223
-9772.47,0.604070
-9766.77,0.882821
-9759.18,0.000553610
-9751.55,1.32643
-9745.88,0.00107346
-9738.25,0.00000
-9730.64,0.883178
-9724.94,0.00000
-9717.35,0.00000
-9709.72,0.886597
-9704.02,1.32760
-9696.43,1.32845
-9688.83,0.886851
-9683.13,1.32935
-9675.52,0.445962
-9667.89,0.449307
-9662.19,1.33524
-9654.60,0.00980267
-9647.01,0.0101328
-9641.30,1.78000
-9633.67,0.0130546
-9626.08,3.11022
-9620.38,0.0132362
-9612.77,0.897335
-9605.18,0.454942
-9599.47,0.898606
-9591.85,0.898953
-9584.25,0.899846
-9578.55,0.0147716
-9570.96,0.457764
-9563.33,1.34370
-9557.65,0.900647
-9550.02,0.00000
-9542.43,0.457314
-9536.72,0.458343
-9529.13,0.00000
-9521.50,0.304289
-9515.80,1.04238
-9508.23,1.04293
-9500.60,0.303684
-9494.90,0.673189
-9487.29,0.00000
-9479.71,0.302984
-9473.97,0.674123
-9466.38,0.305376
-9458.79,0.835948
-9453.09,1.69133
-9445.46,0.838497
-9437.88,1.26555
-9432.15,0.836816
-9424.55,0.837582
-9416.93,0.410369
-9411.26,0.409622
-9403.67,0.00000
-9396.04,0.00000
-9390.35,0.778306
-9382.73,1.04643
-9375.13,1.04640
-9369.40,0.00000
-9361.84,0.677907
-9354.21,0.677803
-9348.51,0.307342
-9340.92,0.307290
-9333.32,0.678267
-9327.59,0.989445
-9320.01,2.51711
-9312.38,1.21333
-9306.68,0.594873
-9299.05,2.52557
-9291.50,1.78610
-9285.79,0.00000
-9278.17,0.536358
-9270.57,0.730462
-9264.85,0.731211
-9257.26,0.00000
-9249.63,1.84100
-9243.97,2.94997
-9236.34,0.267552
-9228.75,0.324249
-9221.15,1.01614
-9215.45,0.325486
-9207.82,0.326006
-9200.21,1.01641
-9194.51,1.01767
-9186.92,2.75898
-9179.29,0.140905
-9173.62,2.25233
-9166.00,0.670357
-9158.40,1.19947
-9152.70,1.06668
-9145.09,0.424799
-9137.46,0.853721
-9131.76,1.70969
-9124.17,2.13740
-9116.58,2.13498
-9110.87,1.28019
-9103.28,1.27995
-9095.65,1.27958
-9089.95,0.425074
-9082.34,0.854163
-9074.75,0.853949
-9069.04,1.71114
-9061.42,1.71249
-9053.83,0.856963
-9048.12,2.14343
-9040.53,0.858464
-9032.92,0.858765
-9027.22,0.00252184
-9019.59,0.858293
-9012.00,0.428498
-9006.29,0.856447
-8998.70,0.00140076
-8991.07,2.14491
-8985.41,0.858417
-8977.78,0.430731
-8970.17,0.431394
-8964.47,1.71830
-8956.88,1.28735
-8949.25,1.28680
-8943.54,0.857556
-8935.95,0.00000
-8928.36,0.856280
-8922.66,0.428240
-8915.05,0.856610
-8907.44,0.857578
-8901.72,1.28795
-8894.12,0.00000
-8886.53,1.28852
-8880.83,0.858288
-8873.20,1.28676
-8865.63,1.28605
-8859.91,0.00000
-8852.30,0.00000
-8844.70,1.28782
-8839.00,0.00000
-8831.37,1.28751
-8823.78,0.00000
-8818.11,0.856437
-8810.49,0.857478
-8802.86,0.427522
-8797.17,0.428073
-8789.58,0.00000
-8781.95,0.0629743
-8776.25,0.0389269
-8768.66,0.00000
-8761.07,0.00000
-8755.33,0.00000
-8747.75,0.00000
-8740.14,1.72563
-8734.42,0.00000
-8726.81,0.859009
-8719.24,0.575271
-8713.50,0.0619265
-8705.91,0.576386
-8698.32,1.09080
-8692.61,1.22042
-8685.00,0.223681
-8677.41,2.22076
-8671.71,1.55488
-8664.08,0.00000
-8656.49,2.22037
-8648.90,2.88385
-8643.19,0.891133
-8635.57,1.74155
-8627.97,2.27782
-8622.27,0.00000
-8614.66,0.131761
-8607.07,0.668760
-8601.37,2.27950
-8593.74,0.131843
-8586.15,1.10921
-8580.44,0.0831790
-8572.85,0.446666
-8565.22,0.00000
-8559.54,2.17528
-8551.91,0.881521
-8544.32,1.31334
-8538.62,0.494652
-8531.02,0.598856
-8523.40,0.0913132
-8517.69,2.63736
-8510.10,0.0904483
-8502.49,0.598467
-8496.79,1.61706
-8489.16,0.599895
-8481.57,0.601192
-8475.86,0.600641
-8468.27,0.599240
-8460.68,0.543219
-8454.98,0.883672
-8447.35,1.31469
-8439.74,1.31349
-8434.04,1.64378
-8426.44,1.09083
-8418.82,0.00000
-8413.15,1.46612
-8405.52,0.336653
-8397.93,0.713355
-8392.23,1.46611
-8384.62,1.84339
-8376.99,0.00000
-8371.29,0.715208
-8363.69,1.46669
-8356.10,1.46642
-8350.40,0.00000
-8342.81,0.336448
-8335.18,2.22032
-8329.48,0.631229
-8321.90,0.263204
-8314.27,0.263313
-8308.57,0.925119
-8300.94,1.25749
-8293.39,1.92237
-8287.65,0.595333
-8280.06,1.25887
-8272.45,0.927067
-8266.74,0.596037
-8259.12,0.928470
-8251.52,2.25451
-8245.82,1.92297
-8238.23,0.00000
-8230.60,1.25902
-8224.93,0.927379
-8217.31,0.00000
-8209.71,1.25903
-8203.99,1.25839
-8196.40,0.594273
-8188.77,0.926695
-8183.07,1.25911
-8175.51,0.927815
-8167.89,0.00000
-8162.18,0.262040
-8154.57,0.928276
-8146.98,1.26082
-8141.24,0.263073
-8133.65,1.59485
-8126.06,0.597449
-8120.36,2.26068
-8112.73,1.26113
-8105.17,0.00000
-8097.54,0.343629
-8091.84,2.48374
-8084.23,0.442211
-8076.64,0.441651
-8070.94,1.75598
-8063.31,0.444732
-8055.72,0.881441
-8050.01,0.0750063
-8042.42,2.66584
-8034.81,0.0714215
-8029.11,1.11027
-8021.48,0.0722012
-8013.89,1.10960
-8008.19,0.592063
-8000.59,2.14932
-7992.97,0.0730055
-7987.30,0.494316
-7979.67,0.829028
-7972.06,0.722893
-7966.36,0.722714
-7958.77,0.00000
-7951.14,2.24300
-7945.43,1.86532
-7937.84,1.66601
-7930.25,0.897217
-7924.55,1.33331
-7916.94,0.459441
-7909.31,1.33206
-7903.61,0.00000
-7896.01,0.894259
-7888.42,0.896201
-7882.72,1.33281
-7875.09,0.461431
-7867.50,0.460951
-7861.80,0.0243550
-7854.19,2.20894
-7846.60,1.33521
-7840.89,1.33551
-7833.26,0.898473
-7825.67,0.421840
-7819.97,1.87083
-7812.38,0.731556
-7804.75,1.87153
-7799.06,1.49000
-7791.44,1.10941
-7783.84,0.729259
-7778.14,0.00000
-7770.55,0.349929
-7762.92,1.49047
-7757.22,0.00000
-7749.63,0.730963
-7742.02,0.00000
-7736.31,0.00000
-7728.69,1.87561
-7721.09,0.353802
-7715.39,3.01719
-7707.80,1.49402
-7700.21,0.732604
-7694.50,1.11381
-7686.88,1.87794
-7679.30,0.737181
-7673.56,0.00000
-7665.97,2.26063
-7658.34,0.357959
-7652.68,1.12088
-7645.05,1.12183
-7637.46,0.741180
-7631.77,0.359449
-7624.14,0.739820
-7616.53,0.358893
-7610.81,1.12135
-7603.26,0.742845
-7595.63,0.00000
-7589.93,0.304472
-7582.33,0.278418
-7574.72,0.277972
-7569.00,0.612440
-7561.43,0.611691
-7553.80,0.612702
-7548.10,0.277852
-7540.47,0.614334
-7532.91,1.28889
-7525.29,0.617244
-7519.58,0.952581
-7511.99,2.96919
-7504.38,1.62443
-7498.66,0.951839
-7491.05,0.00000
-7483.46,0.738456
-7477.76,1.50350
-7470.13,1.88567
-7462.57,2.26938
-7456.85,1.88859
-7449.24,0.00000
-7441.63,1.12800
-7435.93,0.746989
-7428.34,0.364922
-7420.71,1.89473
-7415.04,1.51208
-7407.41,0.747020
-7399.82,1.51228
-7394.12,0.747295
-7386.51,0.746147
-7378.88,1.01273
-7373.18,0.623852
-7365.58,0.624150
-7357.99,0.659966
-7352.29,1.69181
-7344.70,0.911803
-7337.07,1.35466
-7331.37,0.466137
-7323.76,1.79585
-7316.17,1.35273
-7310.46,0.466159
-7302.83,2.24090
-7295.24,0.914647
-7289.54,0.00000
-7281.95,0.194889
-7274.34,0.195012
-7268.63,1.29139
-7261.01,0.194525
-7253.41,2.38883
-7247.71,1.59214
-7240.12,1.02819
-7232.49,0.568633
-7226.82,0.454252
-7219.20,0.850059
-7211.59,1.24660
-7205.88,0.851133
-7198.29,1.24780
-7190.66,0.345540
-7184.96,0.637392
-7177.37,0.636784
-7169.78,0.297175
-7164.07,3.00532
-7156.46,0.975121
-7148.84,0.00000
-7143.13,0.298980
-7135.54,0.639236
-7127.95,2.33418
-7122.25,0.300714
-7114.62,0.638632
-7107.04,0.638965
-7101.32,0.639433
-7093.71,0.301393
-7086.12,1.31913
-7080.42,0.300666
-7072.79,0.300786
-7065.20,0.979508
-7059.50,0.980233
-7051.90,0.641843
-7044.28,1.65969
-7038.59,0.642161
-7030.96,0.981857
-7023.37,2.34010
-7017.67,2.34068
-7010.08,0.983058
-7002.45,0.303503
-6996.75,1.66257
-6989.17,0.303537
-6981.56,0.641585
-6975.84,0.981209
-6968.23,0.301216
-6960.66,1.99968
-6953.03,2.33978
-6947.33,1.99803
-6939.73,0.977915
-6932.14,0.298225
-6926.40,1.99839
-6918.83,1.31752
-6911.20,0.637621
-6905.50,0.976781
-6897.87,1.65811
-6890.31,0.00000
-6884.61,0.979241
-6876.98,2.68301
-6869.39,0.00000
-6863.69,0.00000
-6856.08,2.34383
-6848.49,0.639590
-6842.78,0.980689
-6835.15,0.980292
-6827.56,2.34430
-6821.86,0.981065
-6814.27,0.978068
-6806.64,0.635942
-6800.96,0.635539
-6793.33,1.65700
-6785.74,0.973884
-6780.00,0.293053
-6772.44,0.634560
-6764.81,0.293507
-6759.11,0.295629
-6751.52,0.769202
-6743.91,0.00000
-6738.20,1.54337
-6730.58,0.00000
-6722.98,1.47312
-6717.28,0.00000
-6709.69,1.00861
-6702.10,0.0797950
-6696.39,0.0792043
-6688.77,1.94212
-6681.16,0.0795025
-6675.45,0.543938
-6667.86,0.544739
-6660.23,0.0795904
-6654.57,0.00000
-6646.94,1.01022
-6639.35,0.458057
-6633.64,0.821380
-6626.03,1.22219
-6618.41,0.420244
-6612.70,0.0191360
-6605.11,2.02434
-6597.52,0.498867
-6591.82,0.00000
-6584.22,0.0816427
-6576.60,0.0818084
-6570.89,0.547855
-6563.28,1.47621
-6555.69,1.94073
-6549.99,1.01352
-6542.36,0.549239
-6534.77,0.00000
-6529.07,0.0826846
-6521.47,1.01188
-6513.86,0.0819496
-6508.16,0.0819099
-6500.53,0.460288
-6492.94,0.423422
-6487.24,0.825601
-6479.65,1.62983
-6472.02,0.0198890
-6466.35,0.0179563
-6458.72,0.419848
-6451.11,2.02697
-6445.41,2.42857
-6437.82,2.02476
-6430.19,0.817197
-6424.49,1.21907
-6416.90,0.817409
-6409.30,0.0130299
-6401.68,0.415542
-6395.99,1.22000
-6388.40,0.00000
-6380.77,0.0115399
-6375.07,0.413950
-6367.48,0.0105345
-6359.88,0.412560
-6354.15,1.21820
-6346.57,0.412031
-6338.96,0.412509
-6333.24,0.411851
-6325.65,0.411336
-6318.06,0.410947
-6312.32,0.813380
-6304.73,0.00000
-6297.13,0.00911865
-6291.43,0.00967909
-6283.80,0.816074
-6276.23,0.00673961
-6270.52,0.00000
-6262.90,0.00607711
-6255.27,1.21649
-6249.60,0.00000
-6242.01,0.811104
-6234.38,0.404763
-6228.70,0.000837494
-6221.09,0.808882
-6213.48,0.809302
-6207.76,0.405568
-6200.18,1.21239
-6192.55,0.402159
-6186.85,0.00000
-6179.26,2.01898
-6171.67,2.42532
-6165.96,1.61694
-6158.35,0.402709
-6150.73,1.21121
-6145.02,1.61629
-6137.43,0.807011
-6129.84,0.00000
-6124.14,0.00948613
-6116.51,0.989033
-6108.92,0.518460
-6103.21,0.989759
-6095.60,0.519937
-6088.01,0.519009
-6082.31,0.00000
-6074.68,0.00000
-6067.09,0.406103
-6061.39,0.00000
-6053.79,2.32240
-6046.17,1.14350
-6040.48,1.53629
-6032.85,0.750183
-6025.26,0.750047
-6019.56,1.74251
-6011.97,0.620628
-6004.34,1.31250
-5998.64,1.31372
-5991.04,0.967882
-5983.43,0.275004
-5977.73,1.14302
-5970.10,0.00000
-5962.51,1.14257
-5956.81,0.357785
-5949.22,0.00000
-5941.62,0.00000
-5935.92,0.00000
-5928.29,0.358792
-5920.68,0.751354
-5914.98,0.750704
-5907.39,0.00000
-5899.76,0.751096
-5894.09,0.750986
-5886.47,1.53602
-5878.87,1.92893
-5873.17,0.357392
-5865.56,0.357354
-5857.95,1.53535
-5852.23,0.355555
-5844.64,0.355993
-5837.05,0.355807
-5829.42,0.747520
-5823.75,0.747687
-5816.12,1.14169
-5808.53,0.00000
-5802.85,0.749863
-5795.22,1.14303
-5787.59,0.355822
-5781.89,0.749702
-5774.33,1.14465
-5766.70,0.358109
-5761.00,0.358754
-5753.39,0.753233
-5745.80,0.751822
-5740.08,1.53920
-5732.47,0.358027
-5724.88,1.54003
-5719.17,1.14550
-5711.54,0.752870
-5703.99,0.359168
-5698.25,0.360693
-5690.66,0.755194
-5683.05,0.756260
-5677.34,0.362533
-5669.75,1.94051
-5662.12,0.362499
-5656.46,0.00000
-5648.83,0.364198
-5641.24,1.15403
-5635.52,1.54880
-5627.92,1.15482
-5620.30,0.760992
-5614.59,1.15553
-5607.00,0.00000
-5599.41,0.00000
-5593.67,0.00000
-5586.11,0.756744
-5578.49,0.361475
-5572.78,0.361134
-5565.17,1.15183
-5557.58,0.00000
-5551.88,1.54756
-5544.25,0.360310
-5536.66,2.46266
-5530.96,0.00000
-5523.36,0.00000
-5515.75,0.922551
-5510.05,0.463704
-5502.42,0.00000
-5494.83,0.465304
-5489.13,0.00633624
-5481.54,1.83767
-5473.91,0.00355442
-5468.24,0.00380355
-5460.61,0.921670
-5453.00,0.922834
-5447.30,0.924057
-5439.71,0.924113
-5432.08,2.75820
-5426.38,1.84191
-5418.79,0.00913315
-5411.19,0.927729
-5405.49,2.76208
-5397.88,0.00727229
-5390.25,0.924348
-5384.55,0.924242
-5376.96,0.924124
-5369.37,2.77147
-5363.66,0.596260
-5356.04,0.0513400
-5348.44,1.68327
-5342.74,3.11474
-5335.13,0.304332
-5327.54,1.70901
-5321.84,1.70873
-5314.21,0.824602
-5306.62,1.32168
-5300.91,0.179045
-5293.32,0.179680
-5285.69,0.180226
-5280.01,0.180379
-5272.38,0.690814
-5264.79,1.06773
-5257.16,2.02630
-5251.49,0.110279
-5243.87,2.50608
-5236.27,0.954226
-5230.57,1.16296
-5222.96,1.16352
-5215.35,0.763602
-5209.63,1.56327
-5202.04,1.16393
-5194.45,1.56441
-5188.74,2.36604
-5181.15,1.56671
-5173.52,2.76954
-5167.82,0.766061
-5160.25,1.96945
-5152.62,1.56978
-5146.91,0.768171
-5139.29,0.369161
-5131.73,1.17089
-5125.99,1.97356
-5118.40,1.97334
-5110.81,1.57200
-5105.09,1.16923
-5097.48,0.00000
-5089.90,1.17142
-5084.20,1.17257
-5076.57,1.97558
-5068.94,0.00000
-5063.28,0.771283
-5055.69,0.773073
-5048.06,0.372807
-5042.37,0.372779
-5034.74,1.97773
-5027.15,0.00000
-5021.41,1.57374
-5013.86,1.17124
-5006.23,0.00000
-5000.53,2.37767
-4992.93,0.366695
-4985.32,0.766919
-4979.60,1.57442
-4971.99,1.17236
-4964.40,1.97778
-4958.70,1.17245
-4951.11,0.366273
-4943.51,0.768245
-4937.79,1.57624
-4930.18,3.18854
-4922.57,0.00000
-4916.87,1.17395
-4909.28,0.00000
-4901.65,1.17662
-4895.98,0.774315
-4888.36,0.774809
-4880.76,0.773714
-4875.06,2.38743
-4867.45,1.71539
-4859.82,1.00392
-4854.12,0.649413
-4846.53,0.649111
-4838.94,0.649777
-4833.23,0.295019
-4825.64,0.651413
-4818.01,1.36256
-4812.31,1.00632
-4804.70,0.294437
-4797.11,1.06271
-4791.41,1.19169
-4783.78,0.484649
-4776.19,1.51421
-4770.48,0.544549
-4762.89,0.0614841
-4755.28,0.00000
-4749.58,0.0613140
-4741.95,0.0623054
-4734.36,1.03533
-4728.66,0.550723
-4721.06,0.00000
-4713.44,0.551961
-4707.77,0.0656066
-4700.14,0.0660811
-4692.53,0.0664812
-4684.94,0.552463
-4679.24,0.0668276
-4671.61,0.553648
-4664.02,1.04002
-4658.31,2.15575
-4650.72,1.36059
-4643.09,1.45082
-4637.41,0.518639
-4629.78,0.0535590
-4622.19,0.520573
-4616.48,0.988666
-4608.89,0.989938
-4601.27,0.990425
-4595.56,1.45728
-4587.99,0.990064
-4580.38,1.92559
-4574.66,0.523328
-4567.06,1.45831
-4559.47,1.45938
-4553.73,1.45987
-4546.14,0.474996
-4538.55,1.20688
-4532.85,1.20763
-4525.22,2.02143
-4517.65,2.42804
-4511.91,0.393536
-4504.31,1.20835
-4496.69,2.02406
-4491.02,1.21045
-4483.39,1.61526
-4475.80,0.393778
-4470.11,2.02325
-4462.50,1.20969
-4454.88,0.395534
-4449.17,0.802062
-4441.60,0.394982
-4433.97,0.801335
-4428.27,2.02352
-4420.68,2.43201
-4413.08,0.00000
-4407.35,0.00000
-4399.77,0.798656
-4392.14,0.799063
-4386.44,0.800171
-4378.81,1.61825
-4371.26,1.61940
-4365.55,0.00000
-4357.93,0.804193
-4350.33,1.21140
-4344.63,0.803102
-4337.02,0.00000
-4329.43,2.02819
-4323.73,0.396689
-4316.10,0.397590
-4308.51,1.62460
-4302.80,1.21661
-4295.21,0.00000
-4287.58,0.00000
-4281.90,0.401662
-4274.27,1.62895
-4266.68,0.00000
-4260.94,0.402803
-4253.38,0.00000
-4245.76,1.63251
-4240.05,0.402565
-4232.46,0.00000
-4224.85,0.00000
-4219.15,0.00000
-4211.52,1.62783
-4203.93,0.398497
-4198.23,0.00000
-4190.63,0.00000
-4183.04,0.00000
-4177.34,0.00696763
-4169.71,0.521568
-4162.10,2.41633
-4156.40,0.992357
-4148.81,1.46635
-4141.18,0.992672
-4135.51,0.515933
-4127.88,0.00000
-4120.29,0.399642
-4112.68,0.809964
-4106.98,0.398628
-4099.35,0.397934
-4091.76,0.396675
-4086.05,1.62943
-4078.46,0.396642
-4070.84,0.808059
-4065.17,1.14829
-4057.54,2.11245
-4049.95,1.02496
-4044.23,2.47396
-4036.64,1.38835
-4029.01,2.02620
-4023.30,0.386524
-4015.71,0.385746
-4008.12,0.00000
-4002.42,0.386826
-3994.81,0.00000
-3987.20,1.61792
-3981.48,1.61756
-3973.88,1.20596
-3966.29,0.00000
-3960.59,0.796808
-3952.96,0.00000
-3945.39,0.797432
-3939.67,0.798163
-3932.06,0.799252
-3924.46,0.388874
-3918.76,2.85373
-3911.13,0.387560
-3903.54,1.46426
-3897.87,1.39558
-3890.25,1.03239
-3882.62,1.76008
-3876.93,1.03313
-3869.34,0.670004
-3861.71,1.39838
-3856.01,0.671398
-3848.42,1.40023
-3840.83,1.76547
-3835.09,0.674555
-3827.51,0.675220
-3819.90,0.311220
-3814.18,1.76959
-3806.59,0.00000
-3799.00,1.40789
-3793.26,0.314819
-3785.67,2.13752
-3778.08,2.13820
-3772.37,1.04378
-3764.75,0.00000
-3757.17,0.315761
-3751.47,1.77869
-3743.84,0.685408
-3736.21,2.14552
-3730.55,1.04988
-3722.95,1.41574
-3715.33,0.686644
-3709.64,0.688695
-3702.03,1.78505
-3694.42,1.05497
-3688.70,1.41895
-3681.13,0.688562
-3673.50,2.51700
-3667.80,2.51772
-3660.20,1.05451
-3652.61,0.687658
-3646.91,0.321446
-3639.30,2.51805
-3631.67,0.00000
-3625.97,1.05398
-3618.38,0.00000
-3610.78,0.687586
-3605.08,1.41916
-3597.45,1.78565
-3589.86,1.10965
-3584.16,0.00000
-3576.55,0.00000
-3568.96,2.06747
-3563.25,0.00000
-3555.62,1.23550
-3548.03,1.23523
-3540.44,0.00000
-3534.74,0.402154
-3527.11,0.817193
-3519.50,0.00000
-3513.80,0.00000
-3506.21,0.818947
-3498.58,0.00000
-3492.91,0.818722
-3485.28,1.65213
-3477.69,2.48625
-3471.99,0.819472
-3464.38,1.23777
-3456.77,1.05568
-3451.05,0.321054
-3443.45,1.42394
-3435.86,0.689165
-3430.16,0.690336
-3422.57,0.406804
-3414.94,1.66003
-3409.24,1.24312
-3401.63,0.826598
-3394.03,2.49964
-3388.33,0.00000
-3380.70,1.14226
-3373.15,1.14276
-3367.41,0.641999
-3359.82,1.14343
-3352.23,0.140690
-3346.50,2.14599
-3338.89,2.14658
-3331.32,1.14328
-3325.58,1.14362
-3317.99,1.64586
-3310.36,0.942246
-3304.69,0.0785397
-3297.07,0.510358
-3289.47,1.37479
-3283.79,0.943108
-3276.16,1.37568
-3268.53,1.93039
-3262.83,1.05930
-3255.27,2.53797
-3247.65,1.06028
-3241.94,1.43070
-3234.35,1.43167
-3226.74,0.693383
-3221.02,1.43223
-3213.41,0.692749
-3205.82,1.06205
-3200.12,0.323162
-3192.49,0.694886
-3184.93,1.80683
-3179.21,0.00000
-3171.60,0.696573
-3163.99,1.43740
-3158.29,0.697247
-3150.70,1.43875
-3143.07,1.43971
-3137.40,0.00000
-3129.77,1.44091
-3122.18,1.81127
-3116.48,1.07012
-3108.87,1.07247
-3101.24,0.702049
-3095.54,1.07310
-3087.95,1.81455
-3080.35,0.702546
-3074.61,1.07405
-3067.06,0.701380
-3059.43,1.81510
-3053.73,0.328935
-3046.12,0.701039
-3038.53,1.07255
-3032.82,1.44472
-3025.20,0.00000
-3017.60,2.18997
-3011.90,0.00000
-3004.31,1.07519
-2996.70,1.07626
-2991.00,1.07621
-2983.37,1.44818
-2975.78,0.703677
-2968.18,0.331128
-2962.48,0.331326
-2954.85,0.330542
-2947.26,1.82206
-2941.56,0.707060
-2933.95,1.08054
-2926.36,1.08041
-2920.65,1.08027
-2913.02,0.335975
-2905.43,0.333476
-2899.73,0.333642
-2892.14,0.334061
-2884.51,0.707603
-2878.82,1.82823
-2871.20,0.336294
-2863.60,0.00000
-2857.90,1.08279
-2850.31,0.363700
-2842.68,2.12208
-2836.98,1.69875
-2829.39,1.27654
-2821.78,1.27678
-2816.07,1.27451
-2808.48,1.27368
-2800.85,0.923151
-2795.15,0.0856891
-2787.56,1.10480
-2779.97,1.10375
-2774.26,0.593593
-2766.64,1.61281
-2759.06,0.0846705
-2753.32,0.0847899
-2745.73,0.00000
-2738.10,1.10413
-2732.44,0.00000
-2724.81,0.0844683
-2717.22,1.78207
-2711.51,0.464452
-2703.90,1.78170
-2696.29,1.08542
-2690.57,0.00000
-2682.98,1.70894
-2675.39,0.435540
-2669.69,0.858922
-2662.09,0.858622
-2654.50,0.0108276
-2648.76,1.28342
-2641.19,0.434317
-2633.56,0.433934
-2627.86,0.00000
-2620.23,0.432179
-2612.67,1.27999
-2606.94,0.00465967
-2599.34,0.427577
-2591.75,0.00000
-2586.03,0.850459
-2578.42,0.00000
-2570.85,0.00000
-2565.14,0.00000
-2557.52,0.00000
-2549.89,0.326760
-2544.22,0.326851
-2536.63,0.326448
-2529.00,0.00000
-2523.32,0.701165
-2515.69,0.325879
-2508.10,0.00000
-2502.36,0.326522
-2494.80,0.326507
-2487.17,0.00000
-2481.47,0.00000
-2473.88,0.00000
-2466.27,0.00000
-2460.57,0.326717
-2452.94,0.704618
-2445.35,0.00000
-2439.64,0.328807
-2432.05,0.00000
-2424.46,0.332259
-2418.76,0.00000
-2411.13,0.00000
-2403.52,0.00000
-2395.93,0.00000
-2390.22,0.00000
-2382.59,0.332347
-2375.00,0.00000
-2369.30,0.330568
-2361.71,0.00000
-2354.10,0.331574
-2348.40,0.00000
-2340.77,0.332324
-2333.18,0.332891
-2327.47,0.332836
-2319.88,0.711278
-2312.25,0.00000
-2306.58,0.712670
-2298.96,0.711836
-2291.35,1.08950
-2285.64,0.709674
-2278.05,2.22432
-2270.42,2.22428
-2264.72,1.46628
-2257.13,1.46559
-2249.54,0.327482
-2243.83,1.08379
-2236.22,1.08297
-2228.61,1.46232
-2222.89,1.84116
-2215.30,1.14302
-2207.71,0.420995
-2202.01,0.419661
-2194.38,0.419086
-2186.79,0.849919
-2181.08,3.00554
-2173.47,0.417725
-2165.88,0.848034
-2160.18,1.27828
-2152.55,2.57185
-2144.96,1.27923
-2139.26,2.57446
-2131.66,3.43982
-2124.04,0.851718
-2118.35,0.00000
-2110.74,1.28212
-2103.13,0.417251
-2097.43,0.00000
-2089.84,2.22638
-2082.21,0.00000
-2076.51,0.00000
-2068.93,1.46354
-2061.32,1.08125
-2055.60,0.699645
-2048.01,1.19955
-2040.42,0.405642
-2034.68,0.835961
-2027.09,1.69910
-2019.49,0.00000
-2013.79,1.26655
-2006.16,1.26550
-1998.59,1.69710
-1992.87,0.835731
-1985.26,0.837176
-1977.63,0.404974
-1971.96,2.13286
-1964.34,0.837967
-1956.74,0.405849
-1951.06,0.405453
-1943.45,0.318354
-1935.84,0.700013
-1930.12,0.316694
-1922.54,0.314975
-1914.92,0.00000
-1909.21,0.314276
-1901.62,0.696996
-1894.03,0.696453
-1888.29,1.07862
-1880.72,0.696475
-1873.09,2.60969
-1867.38,0.313864
-1859.76,1.84722
-1852.20,0.698846
-1844.57,0.314628
-1838.87,0.314684
-1831.28,2.61291
-1823.67,1.07881
-1817.97,0.00000
-1810.37,2.23011
-1802.75,1.84736
-1797.04,0.697555
-1789.45,1.08124
-1781.86,1.84945
-1776.16,0.00000
-1768.53,0.313276
-1760.92,0.696798
-1755.21,1.84943
-1747.62,0.313029
-1739.99,1.46786
-1734.33,1.08328
-1726.70,2.23612
-1719.11,0.700629
-1713.40,1.47093
-1705.79,0.319275
-1698.17,1.08945
-1692.46,1.47495
-1684.87,0.705872
-1677.28,1.09196
-1671.58,1.47665
-1663.98,1.09118
-1656.36,1.47628
-1650.65,0.707360
-1643.04,0.707455
-1635.45,0.710550
-1629.75,0.711404
-1622.12,0.326023
-1614.53,1.48130
-1608.83,1.47959
-1601.23,0.841849
-1593.62,1.27842
-1587.92,0.00000
-1580.29,0.404919
-1572.74,0.00000
-1567.00,0.842635
-1559.41,0.842244
-1551.78,0.402960
-1546.11,0.843235
-1538.48,0.843217
-1530.89,0.405115
-1525.17,2.16023
-1517.58,2.15993
-1509.95,0.843973
-1504.25,0.796344
-1496.66,1.48401
-1489.06,0.711419
-1483.36,2.64643
-1475.75,2.26074
-1468.14,3.03446
-1462.42,0.412721
-1454.83,3.48776
-1447.24,1.29109
-1441.53,1.29172
-1433.91,0.00000
-1426.35,1.29139
-1420.61,0.411341
-1413.02,0.00000
-1405.41,1.73127
-1399.71,0.655300
-1392.08,0.127453
-1384.49,0.653971
-1378.82,2.23625
-1371.19,0.654017
-1363.56,0.655290
-1357.88,0.655243
-1350.29,1.10756
-1342.66,0.522962
-1336.95,0.522810
-1329.36,0.523106
-1321.77,0.522954
-1316.03,1.43241
-1308.48,0.00000
-1300.85,1.20626
-1295.15,0.00000
-1287.54,1.50101
-1279.94,0.334584
-1272.32,1.50280
-1266.61,0.335750
-1259.02,0.335733
-1251.43,1.50233
-1245.69,1.11193
-1238.12,1.11124
-1230.49,1.89070
-1224.78,1.11088
-1217.19,0.329941
-1209.60,1.49823
-1203.90,1.10821
-1196.27,0.00000
-1188.68,0.329917
-1182.97,0.329388
-1175.36,0.327815
-1167.77,1.10726
-1162.07,0.329098
-1154.44,2.28170
-1146.85,1.50183
-1141.15,0.719655
-1133.55,2.27983
-1125.93,0.717836
-1120.24,1.10700
-1112.61,1.88941
-1105.02,1.10965
-1099.32,0.720742
-1091.73,2.28394
-1084.10,0.00000
-1078.40,1.50148
-1070.80,1.11122
-1063.19,2.28565
-1057.49,1.11349
-1049.90,1.89760
-1042.27,1.11528
-1036.57,0.334169
-1028.98,1.11922
-1021.38,0.727994
-1015.68,1.11995
-1008.05,0.00000
-1000.44,1.90098
-994.741,1.11707
-987.149,1.11681
-979.521,1.50818
-973.854,0.724113
-966.226,0.332851
-958.634,1.11750
-952.931,1.90264
-945.321,0.333255
-937.711,0.725104
-931.990,2.29569
-924.398,0.727509
-916.806,1.51254
-911.103,1.11927
-903.511,1.51293
-895.883,0.728814
-890.181,1.51612
-882.606,0.337485
-874.979,1.12315
-869.276,2.69747
-861.648,1.32619
-854.091,2.38114
-848.353,2.23416
-840.761,4.37764
-833.169,0.0932881
-827.448,2.77049
-819.838,1.16489
-812.264,2.77144
-806.525,0.00000
-798.933,1.16591
-791.305,1.70280
-785.638,1.16749
-778.010,1.16748
-770.418,1.16761
-764.733,2.61828
-757.105,0.494630
-749.477,1.88062
-743.775,3.29168
-736.218,2.71110
-728.590,3.10568
-722.887,2.31768
-715.295,1.52882
-707.685,2.12232
-700.058,0.895799
-694.355,1.78769
-686.763,2.23243
-679.171,0.894431
-673.432,1.78889
-665.875,1.34314
-658.248,0.895478
-652.545,3.12976
-644.935,5.36545
-637.343,1.78857
-631.640,1.34247
-624.012,2.23780
-616.420,2.23890
-610.717,4.49502
-603.125,4.30532
-595.515,1.93057
-589.812,4.30681
-582.184,3.91153
-574.592,2.32811
-568.889,4.31047
-561.297,1.93482
-553.669,5.10649
-548.002,2.72858
-540.374,5.10671
-532.765,1.93450
-527.062,3.91815
-519.469,4.31565
-511.842,3.52291
-506.139,7.09420
-498.547,5.11054
-490.955,3.52244
-485.252,3.52307
-477.642,4.71289
-470.014,2.32964
-464.311,4.71274
-456.719,3.12429
-449.127,4.31742
-443.424,7.49898
-435.796,7.50143
-428.204,5.91256
-422.501,7.10573
-414.891,5.51428
-407.299,4.32232
-401.596,3.12842
-393.968,7.11037
-386.376,6.71474
-380.673,3.93024
-373.081,8.31123
-365.454,7.51474
-359.768,6.71928
-352.141,7.51930
-344.549,6.72380
-338.846,7.52251
-331.254,5.92947
-323.626,8.32252
-317.923,9.12182
-310.331,5.93165
-302.739,8.32503
-297.018,6.72970
-289.426,6.73039
-281.798,3.93795
-276.095,5.93399
-268.503,10.3273
-260.911,7.13228
-255.208,8.33111
-247.580,9.53041
-240.006,8.33394
-234.267,9.94659
-226.675,6.34448
-219.048,8.16245
-213.380,6.34852
-205.753,7.71207
-198.160,5.89783
-192.458,7.26074
-184.848,5.44445
-177.238,4.99113
-171.535,5.44714
-163.960,7.72158
-156.333,5.44967
-150.630,4.54082
-143.038,4.08764
-135.446,4.99845
-127.818,4.55351
-122.133,4.75871
-114.505,3.55569
-106.913,4.35727
-101.174,8.23431
-93.6179,9.97441
-85.9901,9.06844
-80.2872,7.70864
-72.6951,9.07127
-65.0852,6.80213
-59.3644,13.1608
-51.7901,15.4332
-44.1624,13.6180
-38.4594,13.6200
-30.8317,22.2581
-23.2753,19.9911
-17.5723,20.9043
-9.94456,33.1834
-2.33465,45.4671
3.35050,41.3850
10.9426,44.7311
18.5703,47.0228
24.2733,54.2731
31.9010,49.4505
39.4931,48.6570
45.1961,64.3693
52.7881,58.7457
60.4159,64.3942
66.1188,71.6609
73.7109,58.3737
81.3030,61.6065
87.0060,62.0259
94.5981,66.0674
102.226,60.0331
107.929,61.2504
115.521,63.2752
123.113,60.0616
128.816,63.7083
136.444,57.6651
144.071,68.9762
149.774,60.1082
157.366,59.7137
164.958,54.8798
170.661,60.9458
178.289,55.3030
185.881,40.3603
191.584,52.0886
199.176,48.8657
206.804,44.0206
212.471,39.9829
220.099,47.6741
227.691,40.8068
233.394,40.0004
240.986,39.2003
248.614,36.3735
254.317,34.7622
261.945,28.6936
269.537,35.1783
275.240,31.9461
282.832,30.7374
290.460,32.3632
296.162,26.6938
303.755,27.5107
311.347,19.4058
317.050,23.8713
324.677,22.2525
332.269,22.2555
337.972,21.4489
345.564,24.3977
353.157,18.4122
358.860,19.3374
366.487,21.6453
374.079,15.6559
379.818,18.8859
387.410,12.4332
395.038,17.5098
400.705,13.3618
408.333,18.4402
415.925,8.28978
421.628,11.9850
429.220,11.9875
436.848,11.9906
444.440,12.9165
450.107,10.6086
457.735,12.5636
465.363,8.90308
471.030,11.7547
478.622,6.86974
486.250,13.7959
491.953,7.27992
499.580,8.09695
507.172,5.24640
512.911,8.50793
520.468,12.4795
528.095,12.0200
533.798,6.00282
541.426,7.39309
548.982,8.32152
554.685,7.37760
562.313,7.36867
569.905,3.48244
575.608,4.59377
583.200,6.81760
590.792,5.70809
596.495,5.70854
604.123,4.04243
611.751,9.60145
617.454,4.87542
625.046,2.95899
632.674,2.95970
638.341,2.96026
645.969,4.39821
653.561,3.44173
659.299,5.15397
666.856,7.31879
674.483,6.09217
680.186,4.45518
687.778,3.22794
695.371,1.18076
701.074,3.63935
708.666,3.23006
716.293,3.23005
721.996,2.40988
729.624,2.81990
737.216,2.40986
742.919,3.64012
750.547,2.82073
758.139,1.18018
763.842,0.770443
771.434,4.46436
779.062,4.05410
784.729,2.82295
792.357,2.82324
799.949,0.770535
805.652,1.59189
813.244,3.23527
820.872,2.41369
826.575,2.41338
834.167,3.64722
841.794,4.88055
847.497,3.64866
855.089,0.00000
862.717,4.05933
868.420,0.768770
876.012,2.00361
883.604,0.0331392
889.307,2.97573
896.935,3.94119
904.527,1.04980
910.230,2.01465
917.822,2.01508
925.414,1.53298
931.117,1.53324
938.745,0.0866352
946.337,1.05248
952.040,2.01829
959.668,2.01918
967.260,0.571967
972.963,1.53891
980.590,0.573497
988.183,1.53913
993.885,3.47227
1001.48,1.05653
1009.11,1.54032
1016.70,0.0899303
1022.40,1.05727
1029.99,3.47628
1037.62,1.54167
1043.29,2.50957
1050.92,1.05832
1058.51,0.0902579
1064.21,0.0906672
1071.80,0.0898649
1079.43,0.573587
1085.13,2.97619
1092.73,0.00000
1100.35,0.00000
1106.06,3.82913
1113.65,1.03210
1121.24,2.43936
1126.98,1.03297
1134.57,0.00000
1142.16,1.73676
1147.87,1.73706
1155.49,0.329810
1163.05,1.73783
1168.75,1.03417
1176.38,0.330584
1183.97,0.331218
1189.68,1.03576
1197.30,1.97475
1204.93,0.217574
1210.60,0.217929
1218.23,0.804354
1225.82,2.52832
1231.52,2.52957
1239.11,1.07135
1246.74,2.16178
1252.44,0.748335
1260.04,0.748497
1267.63,2.43845
1273.33,0.186182
1280.92,0.185998
1288.55,0.749713
1294.25,0.749957
1301.85,0.185891
1309.47,0.750007
1315.18,0.186451
1322.80,2.44132
1330.40,0.186954
1336.10,3.00849
1343.69,0.753033
1351.28,1.14922
1356.99,0.587357
1364.61,0.587148
1372.21,0.100006
1377.91,0.588283
1385.50,0.0997296
1393.13,2.05173
1398.80,1.56425
1406.42,1.56403
1414.02,0.587042
1419.72,1.56448
1427.35,2.05375
1434.97,1.07673
1440.68,1.56528
1448.27,1.56600
1455.86,1.07792
1461.56,2.05619
1469.16,1.56706
1476.78,2.05583
1482.49,1.07677
1490.08,0.0980842
1497.67,1.07695
1503.37,1.07806
1511.00,0.0984028
1518.59,1.56833
1524.30,0.0990082
1531.89,1.07905
1539.52,0.0990796
1545.22,0.589036
1552.85,0.589242
1560.44,1.07952
1566.14,2.06080
1573.74,0.124917
1581.36,0.00000
1588.92,1.32145
1594.66,2.45766
1602.25,1.32246
1609.88,0.185853
1615.55,3.59536
1623.17,1.89054
1630.77,1.89072
1636.43,3.02753
1644.06,1.89021
1651.69,0.752520
1657.39,2.45965
1664.98,0.753895
1672.61,1.89219
1678.31,1.32266
1685.91,0.184371
1693.50,1.89430
1699.24,0.185460
1706.79,1.89466
1714.42,0.00000
1720.12,2.46553
1727.75,2.34199
1735.31,2.34357
1741.05,0.984280
1748.64,0.984436
1756.23,2.34584
1761.93,0.985435
1769.56,2.34695
1777.15,0.304980
1782.86,0.00000
1790.48,0.987666
1798.08,1.66948
1803.78,1.67002
1811.37,0.988110
1819.00,2.35222
1824.70,3.03457
1832.29,3.24599
1839.89,1.90623
1845.62,1.90673
1853.18,0.763754
1860.81,0.261995
1866.51,1.65885
1874.10,1.65906
1881.70,0.302351
1887.40,3.01540
1895.03,0.00000
1902.65,0.302448
1908.36,2.33805
1915.95,0.979524
1923.54,1.65845
1929.24,3.69576
1936.87,2.33849
1944.46,0.982210
1950.17,0.983223
1957.76,3.02252
1965.39,0.983872
1971.05,0.983475
1978.68,0.00000
1986.27,0.193137
1991.98,0.766753
1999.57,0.191911
2007.20,1.91499
2012.90,0.192927
2020.53,0.00000
2028.12,0.768290
2033.82,0.768081
2041.41,1.34344
2049.04,1.34414
2054.75,0.00000
2062.34,1.00052
2069.93,0.315033
2075.63,1.00125
2083.26,2.37573
2090.85,0.00000
2096.56,1.69063
2104.15,3.06532
2111.74,1.00490
2117.44,1.00456
2125.07,0.318255
2132.66,1.00588
2138.40,0.317736
2145.99,1.00441
2153.62,0.316918
2161.18,2.37994
2166.92,1.00409
2174.51,1.00293
2182.10,0.00000
2187.80,0.314166
2195.43,1.69127
2203.02,0.313926
2208.73,1.00279
2216.32,0.313317
2223.95,1.00167
2229.61,0.311698
2237.24,1.00019
2244.83,1.00000
2250.57,0.310789
2258.16,0.310774
2265.79,0.310204
2271.49,1.69012
2279.05,1.00037
2286.68,0.309962
2292.38,2.38095
2300.01,0.00000
2307.57,0.455728
2313.30,1.30930
2320.90,0.454792
2328.49,1.30839
2334.19,0.00000
2341.82,1.30818
2349.38,0.453272
2355.11,0.453877
2362.71,1.30905
2370.33,3.02054
2376.04,1.30869
2383.63,0.452515
2391.26,1.30912
2396.92,0.452806
2404.55,0.00000
2412.14,2.16516
2417.88,0.395178
2425.44,0.305639
2433.07,0.999276
2438.77,2.38534
2446.36,0.999415
2453.95,1.69202
2459.69,2.38583
2467.25,2.38680
2474.88,1.98876
2480.58,1.31179
2488.21,3.03361
2495.80,0.451951
2501.50,1.31286
2509.13,0.452321
2516.72,3.03633
2522.42,2.17527
2530.02,0.00000
2537.64,1.31358
2543.31,3.03807
2550.94,0.00000
2558.53,2.17708
2564.23,1.31438
2571.83,2.17728
2579.45,0.396168
2585.16,1.00268
2592.75,1.69964
2600.38,0.307919
2606.08,1.00385
2613.67,1.00421
2621.30,1.70114
2627.00,1.00682
2634.59,0.00000
2642.19,1.70439
2647.89,0.00000
2655.52,0.311326
2663.11,0.00000
2668.81,3.79846
2676.41,0.312522
2684.00,0.313482
2689.70,0.313785
2697.33,0.314600
2704.92,0.00000
2710.62,0.312977
2718.25,0.313848
2725.84,1.01234
2733.47,1.71130
2739.17,1.01226
2746.77,1.71089
2754.36,0.313047
2760.06,1.01267
2767.69,0.00000
2775.28,0.00000
2780.98,2.41006
2788.58,1.01034
2796.20,0.310303
2801.87,1.20439
2807.57,2.19344
2815.20,1.32658
2822.79,1.32748
2828.50,1.32890
2836.12,2.19994
2843.72,0.463708
2849.42,2.20246
2857.05,0.00000
2864.64,0.00000
2870.34,0.464675
2877.93,0.466507
2885.56,0.00000
2891.26,0.465544
2898.86,0.464348
2906.45,0.464233
2912.15,0.464448
2919.74,2.20631
2927.37,3.07769
2933.07,1.33560
2940.67,0.463870
2948.26,0.464046
2954.00,0.465045
2961.59,0.464199
2969.18,0.00000
2974.92,0.00000
2982.51,1.33845
2990.10,0.466463
2995.81,0.466164
3003.43,1.33835
3011.03,2.21097
3016.73,0.463518
3024.32,0.00000
3031.95,2.21263
3037.62,1.33871
3045.21,0.00000
3052.84,1.87423
3058.54,0.725352
3066.13,0.00000
3073.76,3.02255
3079.46,1.87401
3087.05,0.00000
3094.68,1.50689
3100.39,0.00000
3108.01,0.00000
3115.57,0.00000
3121.31,0.00000
3128.90,1.50479
3136.49,0.00000
3142.20,1.50318
3149.82,0.00000
3157.38,0.00000
3163.08,0.868081
3170.71,0.00000
3178.34,0.00000
3184.04,0.00000
3191.63,1.33802
3199.26,2.21620
3204.93,1.33784
3212.56,0.459588
3220.15,2.21638
3227.74,3.09554
3233.44,0.459499
3241.07,0.460803
3248.66,3.09785
3254.37,0.00000
3261.96,0.00000
3269.59,0.461322
3275.25,0.462128
3282.88,2.22150
3290.47,0.461983
3296.18,1.34130
3303.80,0.460556
3311.43,0.00000
3317.13,0.460879
3324.73,2.22325
3332.32,0.461346
3338.02,0.459876
3345.65,1.34086
3353.24,1.34118
3358.94,2.22412
3366.54,0.460338
3374.13,1.34244
3379.83,0.461641
3387.46,1.34449
3395.05,1.34376
3400.75,0.00000
3408.35,0.00000
3415.97,0.460748
3421.68,1.34484
3429.30,0.460933
3436.90,2.22967
3442.60,1.34876
3450.19,0.464550
3457.82,0.465515
3463.52,0.00000
3471.11,2.23672
3478.71,0.468063
3484.41,1.35320
3492.00,3.12367
3499.63,3.12468
3505.33,0.00000
3512.92,0.469078
3520.52,1.35569
3526.22,1.35514
3533.85,0.469248
3541.44,0.00000
3547.18,0.00000
3554.77,0.471125
3562.36,1.35894
3568.06,0.00000
3575.69,0.472312
3583.28,0.00000
3588.99,1.36086
3596.58,1.36225
3604.21,0.00000
3609.87,2.25150
3617.50,0.474863
3625.09,1.36324
3630.80,1.36430
3638.39,0.00000
3646.02,0.476220
3651.72,0.475774
3659.31,0.00000
3666.94,1.36529
3672.64,0.00000
3680.24,2.25643
3687.83,1.36775
3693.57,0.00000
3701.16,0.478391
3708.75,0.479872
3714.45,0.480006
3722.08,1.37217
3729.64,0.00000
3735.38,0.00000
3742.97,0.00000
3750.56,1.37270
3756.26,0.481287
3763.85,1.37206
3771.48,0.00000
3777.19,0.00000
3784.81,0.00000
3792.41,1.37431
3800.00,2.26672
3805.70,2.26634
3813.33,0.00000
3820.92,1.37291
3826.62,0.00000
3834.22,0.478378
3841.84,1.70317
3847.51,0.755886
3855.14,0.756015
3862.73,0.756471
3868.47,0.757395
3876.03,0.00000
3883.65,0.757042
3889.36,0.00000
3896.98,0.00000
3904.58,1.91897
3910.28,1.91965
3917.87,4.25205
3925.50,1.92326
3931.20,0.758600
3938.79,0.00000
3946.39,0.00000
3952.09,0.00000
3959.72,0.481243
3967.31,0.481503
3973.01,2.27735
3980.60,0.484686
3988.20,0.00000
3993.90,2.28102
4001.53,1.38369
4009.15,0.486215
4014.86,1.38377
4022.45,0.484835
4030.08,0.00000
4035.74,0.00000
4043.37,0.482992
4050.96,0.00000
4056.67,0.479722
4064.26,2.27890
4071.89,0.480367
4077.59,0.480928
4085.18,0.00000
4092.77,0.479763
4098.48,0.479002
4106.10,0.00000
4113.70,0.479993
4119.40,0.00000
4127.03,0.00000
4134.62,0.477260
4140.32,0.00000
4147.95,0.476106
4155.51,1.37733
4161.25,0.475361
4168.84,0.00000
4176.46,0.00000
4182.13,1.37523
4189.76,1.37603
4197.35,1.37735
4203.06,0.473647
4210.65,0.473807
4218.27,0.472853
4223.98,0.00000
4231.57,1.37425
4239.16,1.37590
4244.90,2.28064
4252.49,2.27986
4260.12,1.37676
4265.82,0.00000
4273.38,0.00000
4281.01,2.28457
4286.71,0.00000
4294.34,0.00000
4301.89,0.00000
4307.63,0.725499
4315.23,0.725652
4322.82,0.725154
4328.52,0.00000
4336.15,0.00000
4343.74,0.729172
4349.44,0.730028
4357.04,0.731094
4364.66,0.732217
4372.25,0.732158
4377.96,0.734550
4385.59,0.638787
4393.18,0.489070
4398.88,0.488959
4406.47,1.39750
4414.10,0.00000
4419.77,1.39766
4427.40,0.00000
4434.99,0.490523
4440.69,0.00000
4448.28,0.494129
4455.91,0.493641
4461.61,0.00000
4469.21,0.496625
4476.83,1.40641
4482.54,1.40599
4490.13,0.00000
4497.76,0.00000
4503.46,0.00000
4511.05,0.494589
4518.64,1.40490
4524.35,0.00000
4531.97,1.40418
4539.57,1.40464
4545.27,0.494437
4552.86,1.40719
4560.45,0.00000
4566.16,0.00000
4573.78,1.40945
4581.38,0.497540
4587.08,1.41098
4594.71,0.00000
4602.33,0.00000
4608.00,0.00000
4615.63,0.00000
4623.22,0.501010
4628.92,1.41564
4636.52,2.33115
4644.14,0.504766
4649.85,2.33265
4657.44,2.33204
4665.03,0.504754
4670.73,0.00000
4678.33,0.00000
4685.95,2.33500
4691.66,0.504462
4699.25,1.41981
4706.88,0.00000
4712.58,0.501933
4720.21,0.501408
4727.80,0.500582
4733.50,1.41613
4741.09,0.00000
4748.69,0.498466
4754.39,0.497565
4762.02,1.41386
4769.61,0.00000
4775.31,0.497625
4782.90,0.497596
4790.53,0.497803
4796.20,0.498133
4803.83,0.496726
4811.42,0.00000
4817.12,0.495765
4824.75,0.495648
4832.34,0.00000
4838.08,0.496227
4845.64,0.497349
4853.27,0.00000
4858.97,1.41523
4866.60,0.00000
4874.15,0.496989
4879.89,0.00000
4887.48,0.00000
4895.08,0.00000
4900.78,0.496675
4908.41,0.00000
4915.96,1.41636
4921.70,0.00000
4929.29,0.00000
4936.92,0.496357
4944.51,3.26152
4950.22,0.00000
4957.84,0.497660
4965.44,0.497789
4971.14,0.00000
4978.77,0.00000
4986.32,1.41653
4992.03,0.00000
4999.65,0.00000
5007.25,0.00000
5012.95,0.494127
5020.54,0.00000
5028.17,1.97953
5033.84,0.00000
5041.46,0.767405
5049.06,0.00000
5054.79,3.55221
5062.39,1.58181
5070.01,0.00000
5075.72,1.58262
5083.31,0.00000
5090.90,0.00000
5096.60,0.00000
5104.23,0.00000
5111.82,0.00000
5117.53,1.58846
5125.12,2.99216
5132.71,0.926513
5138.41,0.00000
5146.04,0.00000
5153.63,0.00000
5159.34,0.496965
5166.93,2.35186
5174.56,2.35321
5180.26,0.00000
5187.89,0.00000
5195.48,0.00000
5201.18,3.28221
5208.77,0.00000
5216.40,0.00000
5222.10,0.00000
5229.70,0.498077
5237.29,0.00000
5242.99,0.00000
5250.58,2.35573
5258.21,0.496899
5263.92,0.00000
5271.51,0.00000
5279.10,2.35794
5284.80,0.497786
5292.43,0.497521
5300.06,0.498201
5305.76,0.498122
5313.35,0.00000
5320.94,2.36008
5326.65,0.497993
5334.28,0.498577
5341.87,0.00000
5347.57,0.00000
5355.16,0.00000
5362.79,0.00000
5368.46,1.43110
5376.08,0.00000
5383.68,0.00000
5389.38,0.00000
5396.97,0.00000
5404.60,0.935123
5410.30,0.00000
5417.93,0.00000
5425.52,0.00000
5431.23,0.00000
5438.82,0.936783
5446.45,0.936276
5452.15,0.00000
5459.74,0.00000
5467.33,0.00000
5473.04,0.433229
5480.66,0.432386
5488.22,0.431376
5493.96,0.230522
5501.55,1.03592
5509.14,1.03754
5516.73,1.03913
5522.47,1.84477
5530.07,0.238235
5537.69,0.241032
5543.40,1.85246
5551.02,1.85340
5558.58,2.65617
5564.28,2.66131
5571.91,1.85691
5579.54,2.66261
5585.21,0.00000
5592.80,1.85753
5600.43,2.66287
5606.09,0.247934
5613.72,0.00000
5621.31,1.85823
5627.05,1.05416
5634.61,0.249040
5642.24,2.66939
5647.94,0.248692
5655.57,0.250570
5663.16,0.250175
5668.90,0.248100
5676.45,0.246571
5684.08,1.86127
5689.78,0.243491
5697.41,0.242488
5704.97,0.244113
5710.67,1.86253
5718.30,1.05446
5725.89,1.86244
5731.59,1.05251
5739.19,0.00000
5746.78,2.67556
5752.48,0.247461
5760.11,1.05447
5767.74,0.244184
5773.44,1.05311
5781.03,1.05420
5788.66,0.244318
5794.33,1.16039
5801.95,0.00000
5809.55,2.68008
5815.25,0.732936
5822.84,2.02508
5830.47,3.31712
5836.17,0.00000
5843.76,2.02340
5851.36,0.731803
5857.06,2.67803
5864.69,1.42093
5872.28,0.408734
5877.98,0.00000
5885.61,0.407937
5893.20,0.410921
5898.91,2.43527
5906.53,0.235070
5914.12,0.234600
5919.83,1.04552
5927.42,1.04764
5935.05,0.234621
5940.71,2.67728
5948.34,0.235820
5955.94,1.05007
5961.64,1.04961
5969.23,0.183959
5976.86,0.783237
5982.56,0.0926749
5990.15,2.16533
5997.78,0.780543
6003.48,0.0882422
6011.08,0.00000
6018.70,2.16315
6024.41,0.00000
6032.00,0.0883110
6039.59,0.0882275
6045.29,0.0882414
6052.92,2.16486
6060.48,0.0882832
6066.22,0.0905296
6073.81,1.47428
6081.40,1.47273
6088.99,0.780950
6094.73,0.0894477
6102.32,1.47267
6109.92,0.0857899
6115.65,1.47261
6123.25,1.14941
6130.84,0.400337
6136.58,0.401197
6144.17,1.41620
6151.76,0.00000
6157.46,0.00000
6165.09,0.201675
6172.68,0.198821
6178.35,1.03563
6185.98,0.00000
6193.61,0.00000
6199.27,3.54662
6206.87,0.202664
6214.49,3.54687
6220.20,0.00000
6227.79,0.00000
6235.42,0.00000
6241.12,0.00000
6248.71,0.353954
6256.34,2.47088
6262.04,2.47129
6269.63,0.00000
6277.23,1.42289
6282.93,1.42585
6290.56,0.563074
6298.15,0.687737
6303.85,0.00000
6311.44,0.00000
6319.04,2.06847
6324.74,0.692309
6332.37,0.00000
6339.96,0.367912
6345.66,0.00000
6353.29,0.211667
6360.92,2.73267
6366.58,1.89430
6374.21,3.57478
6381.80,0.00000
6387.54,1.05699
6395.10,0.218745
6402.73,0.219666
6408.43,1.90086
6416.02,0.00000
6423.61,0.220913
6429.32,1.06170
6436.91,0.00000
6444.54,1.06627
6450.24,0.225465
6457.83,0.226202
6465.46,0.00000
6471.16,0.00000
6478.79,1.06183
6486.38,1.90628
6492.09,0.00000
6499.68,1.06370
6507.27,0.222589
6512.97,1.06822
6520.60,0.223987
6528.19,1.90870
6533.90,1.06363
6541.49,1.06208
6549.12,4.43949
6554.78,1.06216
6562.41,1.91123
6570.00,1.29942
6575.71,0.375173
6583.33,2.51687
6590.93,1.45266
6596.66,1.63352
6604.26,0.00000
6611.85,0.950813
6617.55,1.69604
6625.18,0.00000
6632.77,5.13930
6638.47,0.00000
6646.07,0.906448
6653.66,0.905394
6661.29,0.00000
6666.99,0.905496
6674.54,0.903659
6682.17,2.39672
6687.88,0.906743
6695.50,0.00000
6703.10,0.00000
6708.80,0.911287
6716.43,2.12179
6724.02,1.69807
6729.72,0.00000
6737.35,0.00000
6744.91,0.212317
6750.64,0.214440
6758.24,0.00000
6765.86,1.09109
6771.53,0.00000
6779.12,0.217818
6786.75,0.216702
6792.42,1.08924
6800.05,2.83427
6807.64,1.96148
6813.38,0.216192
6820.97,0.215773
6828.60,1.09020
6834.30,0.00000
6841.89,1.97120
6849.48,1.09714
6855.22,2.84201
6862.81,1.97037
6870.41,1.09036
6876.11,2.83846
6883.74,1.96353
6891.29,2.84012
6897.00,0.00000
6904.62,0.216990
6912.22,2.84497
6917.92,2.85046
6925.51,2.85152
6933.14,0.222027
6938.84,0.220263
6946.47,0.220646
6954.06,1.09817
6959.77,4.60474
6967.36,0.219561
6974.98,0.219593
6982.58,1.34735
6990.17,0.00000
6997.80,0.00000
7003.50,2.63171
7011.09,1.51108
7018.68,0.390169
7024.39,0.00000
7031.98,0.388181
7039.61,0.00000
7045.31,2.13798
7052.90,2.13812
7060.53,0.674799
7066.23,2.15159
7073.86,0.672575
7081.45,0.00000
7087.16,0.00000
7094.75,0.388099
7102.34,1.51041
7108.04,0.391253
7115.67,0.397032
7123.26,0.393288
7128.96,0.390292
7136.56,0.00000
7144.19,0.388856
7149.85,0.390845
7157.48,0.399642
7165.07,0.400115
7172.70,0.401050
7178.40,0.400703
7186.03,1.52055
7193.62,0.396739
7199.29,0.00000
7206.92,1.51550
7214.55,2.64014
7220.21,1.51520
7227.80,0.00000
7235.43,3.76449
7241.14,2.63871
7248.73,1.51064
7256.32,0.00000
7262.06,0.00000
7269.61,2.63963
7277.24,2.64004
7282.95,0.00000
7290.57,3.76740
7298.17,0.00000
7303.87,1.69936
7311.50,0.00000
7319.09,2.18871
7324.79,2.18937
7332.38,0.726680
7339.98,0.00000
7345.68,1.04754
7353.31,1.27972
7360.90,3.41043
7366.60,0.00000
7374.19,0.00000
7381.82,2.89577
7387.49,0.00000
7395.12,3.66102
7402.74,0.719248
7408.45,0.00000
7416.04,0.00000
7423.67,0.722703
7429.37,4.15891
7436.96,2.65292
7444.55,1.52495
7450.26,0.00000
7457.85,0.396940
7465.48,1.53111
7471.18,0.400082
7478.77,1.53141
7486.36,1.53053
7492.07,1.52861
7499.69,0.400201
7507.29,0.401718
7512.99,0.401954
7520.62,0.399601
7528.21,0.00000
7533.91,0.402084
7541.54,0.00000
7549.13,1.53586
7554.83,0.403181
7562.43,0.399267
7570.05,0.398829
7575.76,1.52901
7583.35,1.53871
7590.94,0.409655
7596.64,0.409599
7604.24,0.00000
7611.86,0.411403
7617.57,2.68787
7625.16,0.414094
7632.75,0.412553
7640.38,0.00000
7646.08,0.406026
7653.71,0.404626
7661.30,2.68089
7667.00,1.54143
7674.60,1.53566
7682.22,0.00000
7687.93,1.53746
7695.48,4.95635
7703.11,0.00000
7708.81,1.54028
7716.44,0.399144
7724.00,2.68128
7729.74,1.53701
7737.33,0.396794
7744.92,0.00000
7750.62,0.00000
7758.25,0.401350
7765.88,1.54647
7771.58,1.54552
7779.18,0.00000
7786.80,1.98225
7792.47,2.27161
7800.10,0.00000
7807.69,2.27004
7813.39,2.27144
7820.98,0.770149
7828.61,3.77456
7834.32,0.00000
7841.87,0.763435
7849.50,3.76476
7855.20,0.00000
7862.79,0.769495
7870.42,0.767926
7876.13,0.772429
7883.75,2.27575
7891.35,0.00000
7897.05,0.772582
7904.68,0.772687
7912.23,1.55685
7917.94,0.00000
7925.56,0.412026
7933.16,0.411487
7938.86,0.406931
7946.45,1.55329
7954.08,0.405939
7959.75,1.55543
7967.37,0.404152
7974.97,0.408662
7980.67,0.00000
7988.30,1.56341
7995.92,2.71332
8001.63,1.56460
8009.22,2.71505
8016.81,2.71516
8022.51,0.414264
8030.11,0.00000
8037.73,0.00000
8043.44,0.00000
8051.03,0.00000
8058.62,0.409215
8064.32,0.00000
8071.95,1.55715
8079.54,0.407550
8085.25,0.409845
8092.84,1.56563
8100.47,0.412696
8108.06,1.56471
8113.80,0.00000
8121.39,1.56327
8128.98,0.407500
8134.68,0.407239
8142.31,0.404368
8149.90,0.00000
8155.61,0.00000
8163.20,0.410503
8170.79,0.409770
8176.49,0.00000
8184.12,0.406456
8191.71,0.406276
8197.42,0.404887
8205.01,0.00000
8212.64,0.00000
8218.34,2.71016
8225.93,1.55333
8233.56,0.00000
8239.26,0.397521
8246.85,0.00000
8254.48,0.00000
8260.19,0.400942
8267.78,2.71816
8275.37,0.407692
8281.07,1.56469
8288.70,2.72415
8296.29,1.56332
8302.00,2.72297
8309.59,0.403224
8317.18,0.400031
8322.88,0.399217
8330.51,0.396457
8338.10,1.55671
8343.80,1.55793
8351.43,0.00000
8359.06,0.389545
8364.73,1.55430
8372.36,0.392383
8379.95,0.390184
8385.62,0.00000
8393.24,0.385839
8400.87,2.71531
8406.57,3.87625
8414.13,0.385083
8421.76,0.381146
8427.46,0.382512
8435.05,0.384192
8442.64,1.54476
